2025-10-11 11:40:23,390 [main] INFO  com.Rest.API.RestApiApplication                    - Starting RestApiApplication using Java 23.0.2 with PID 51524 (/Users/dineshchandgeetharavichandran/Desktop/Dinesh/Project/Spring-Rest-API/Spring-Boot-Rest-API/target/classes started by dineshchandgeetharavichandran in /Users/dineshchandgeetharavichandran/Desktop/Dinesh/Project/Spring-Rest-API/Spring-Boot-Rest-API)
2025-10-11 11:40:23,394 [main] DEBUG com.Rest.API.RestApiApplication                    - Running with Spring Boot v3.2.4, Spring v6.1.5
2025-10-11 11:40:23,395 [main] INFO  com.Rest.API.RestApiApplication                    - No active profile set, falling back to 1 default profile: "default"
2025-10-11 11:40:23,939 [main] INFO  o.s.d.r.c.RepositoryConfigurationDelegate          - Bootstrapping Spring Data JPA repositories in DEFAULT mode.
2025-10-11 11:40:23,988 [main] INFO  o.s.d.r.c.RepositoryConfigurationDelegate          - Finished Spring Data repository scanning in 44 ms. Found 3 JPA repository interfaces.
2025-10-11 11:40:24,302 [main] INFO  o.s.b.w.embedded.tomcat.TomcatWebServer            - Tomcat initialized with port 8090 (http)
2025-10-11 11:40:24,308 [main] INFO  o.apache.coyote.http11.Http11NioProtocol           - Initializing ProtocolHandler ["http-nio-8090"]
2025-10-11 11:40:24,309 [main] INFO  o.apache.catalina.core.StandardService             - Starting service [Tomcat]
2025-10-11 11:40:24,309 [main] INFO  org.apache.catalina.core.StandardEngine            - Starting Servlet engine: [Apache Tomcat/10.1.19]
2025-10-11 11:40:24,342 [main] INFO  o.a.c.c.C.[Tomcat].[localhost].[/]                 - Initializing Spring embedded WebApplicationContext
2025-10-11 11:40:24,342 [main] INFO  o.s.b.w.s.c.ServletWebServerApplicationContext     - Root WebApplicationContext: initialization completed in 867 ms
2025-10-11 11:40:24,434 [main] INFO  o.hibernate.jpa.internal.util.LogHelper            - HHH000204: Processing PersistenceUnitInfo [name: default]
2025-10-11 11:40:24,469 [main] INFO  org.hibernate.Version                              - HHH000412: Hibernate ORM core version 6.4.4.Final
2025-10-11 11:40:24,489 [main] INFO  o.h.c.internal.RegionFactoryInitiator              - HHH000026: Second-level cache disabled
2025-10-11 11:40:24,530 [main] DEBUG org.hibernate.type.BasicTypeRegistry               - Adding type registration boolean -> org.hibernate.type.BasicTypeReference@2407a36c
2025-10-11 11:40:24,530 [main] DEBUG org.hibernate.type.BasicTypeRegistry               - Adding type registration boolean -> org.hibernate.type.BasicTypeReference@2407a36c
2025-10-11 11:40:24,530 [main] DEBUG org.hibernate.type.BasicTypeRegistry               - Adding type registration java.lang.Boolean -> org.hibernate.type.BasicTypeReference@2407a36c
2025-10-11 11:40:24,530 [main] DEBUG org.hibernate.type.BasicTypeRegistry               - Adding type registration numeric_boolean -> org.hibernate.type.BasicTypeReference@5ec9eefa
2025-10-11 11:40:24,530 [main] DEBUG org.hibernate.type.BasicTypeRegistry               - Adding type registration org.hibernate.type.NumericBooleanConverter -> org.hibernate.type.BasicTypeReference@5ec9eefa
2025-10-11 11:40:24,530 [main] DEBUG org.hibernate.type.BasicTypeRegistry               - Adding type registration true_false -> org.hibernate.type.BasicTypeReference@28b8f98a
2025-10-11 11:40:24,531 [main] DEBUG org.hibernate.type.BasicTypeRegistry               - Adding type registration org.hibernate.type.TrueFalseConverter -> org.hibernate.type.BasicTypeReference@28b8f98a
2025-10-11 11:40:24,531 [main] DEBUG org.hibernate.type.BasicTypeRegistry               - Adding type registration yes_no -> org.hibernate.type.BasicTypeReference@3b4ef59f
2025-10-11 11:40:24,531 [main] DEBUG org.hibernate.type.BasicTypeRegistry               - Adding type registration org.hibernate.type.YesNoConverter -> org.hibernate.type.BasicTypeReference@3b4ef59f
2025-10-11 11:40:24,531 [main] DEBUG org.hibernate.type.BasicTypeRegistry               - Adding type registration byte -> org.hibernate.type.BasicTypeReference@22cb3d59
2025-10-11 11:40:24,531 [main] DEBUG org.hibernate.type.BasicTypeRegistry               - Adding type registration byte -> org.hibernate.type.BasicTypeReference@22cb3d59
2025-10-11 11:40:24,531 [main] DEBUG org.hibernate.type.BasicTypeRegistry               - Adding type registration java.lang.Byte -> org.hibernate.type.BasicTypeReference@22cb3d59
2025-10-11 11:40:24,532 [main] DEBUG org.hibernate.type.BasicTypeRegistry               - Adding type registration binary -> org.hibernate.type.BasicTypeReference@33e4b9c4
2025-10-11 11:40:24,532 [main] DEBUG org.hibernate.type.BasicTypeRegistry               - Adding type registration byte[] -> org.hibernate.type.BasicTypeReference@33e4b9c4
2025-10-11 11:40:24,532 [main] DEBUG org.hibernate.type.BasicTypeRegistry               - Adding type registration [B -> org.hibernate.type.BasicTypeReference@33e4b9c4
2025-10-11 11:40:24,532 [main] DEBUG org.hibernate.type.BasicTypeRegistry               - Adding type registration binary_wrapper -> org.hibernate.type.BasicTypeReference@5cff729b
2025-10-11 11:40:24,532 [main] DEBUG org.hibernate.type.BasicTypeRegistry               - Adding type registration wrapper-binary -> org.hibernate.type.BasicTypeReference@5cff729b
2025-10-11 11:40:24,533 [main] DEBUG org.hibernate.type.BasicTypeRegistry               - Adding type registration image -> org.hibernate.type.BasicTypeReference@10d18696
2025-10-11 11:40:24,533 [main] DEBUG org.hibernate.type.BasicTypeRegistry               - Adding type registration blob -> org.hibernate.type.BasicTypeReference@6b8b5020
2025-10-11 11:40:24,533 [main] DEBUG org.hibernate.type.BasicTypeRegistry               - Adding type registration java.sql.Blob -> org.hibernate.type.BasicTypeReference@6b8b5020
2025-10-11 11:40:24,533 [main] DEBUG org.hibernate.type.BasicTypeRegistry               - Adding type registration materialized_blob -> org.hibernate.type.BasicTypeReference@7d37ee0c
2025-10-11 11:40:24,533 [main] DEBUG org.hibernate.type.BasicTypeRegistry               - Adding type registration materialized_blob_wrapper -> org.hibernate.type.BasicTypeReference@5a7b309b
2025-10-11 11:40:24,533 [main] DEBUG org.hibernate.type.BasicTypeRegistry               - Adding type registration short -> org.hibernate.type.BasicTypeReference@4602f874
2025-10-11 11:40:24,533 [main] DEBUG org.hibernate.type.BasicTypeRegistry               - Adding type registration short -> org.hibernate.type.BasicTypeReference@4602f874
2025-10-11 11:40:24,533 [main] DEBUG org.hibernate.type.BasicTypeRegistry               - Adding type registration java.lang.Short -> org.hibernate.type.BasicTypeReference@4602f874
2025-10-11 11:40:24,533 [main] DEBUG org.hibernate.type.BasicTypeRegistry               - Adding type registration integer -> org.hibernate.type.BasicTypeReference@7739aac4
2025-10-11 11:40:24,533 [main] DEBUG org.hibernate.type.BasicTypeRegistry               - Adding type registration int -> org.hibernate.type.BasicTypeReference@7739aac4
2025-10-11 11:40:24,534 [main] DEBUG org.hibernate.type.BasicTypeRegistry               - Adding type registration java.lang.Integer -> org.hibernate.type.BasicTypeReference@7739aac4
2025-10-11 11:40:24,534 [main] DEBUG org.hibernate.type.BasicTypeRegistry               - Adding type registration long -> org.hibernate.type.BasicTypeReference@353c6da1
2025-10-11 11:40:24,534 [main] DEBUG org.hibernate.type.BasicTypeRegistry               - Adding type registration long -> org.hibernate.type.BasicTypeReference@353c6da1
2025-10-11 11:40:24,534 [main] DEBUG org.hibernate.type.BasicTypeRegistry               - Adding type registration java.lang.Long -> org.hibernate.type.BasicTypeReference@353c6da1
2025-10-11 11:40:24,534 [main] DEBUG org.hibernate.type.BasicTypeRegistry               - Adding type registration float -> org.hibernate.type.BasicTypeReference@36c07c75
2025-10-11 11:40:24,534 [main] DEBUG org.hibernate.type.BasicTypeRegistry               - Adding type registration float -> org.hibernate.type.BasicTypeReference@36c07c75
2025-10-11 11:40:24,534 [main] DEBUG org.hibernate.type.BasicTypeRegistry               - Adding type registration java.lang.Float -> org.hibernate.type.BasicTypeReference@36c07c75
2025-10-11 11:40:24,534 [main] DEBUG org.hibernate.type.BasicTypeRegistry               - Adding type registration double -> org.hibernate.type.BasicTypeReference@6750e381
2025-10-11 11:40:24,534 [main] DEBUG org.hibernate.type.BasicTypeRegistry               - Adding type registration double -> org.hibernate.type.BasicTypeReference@6750e381
2025-10-11 11:40:24,534 [main] DEBUG org.hibernate.type.BasicTypeRegistry               - Adding type registration java.lang.Double -> org.hibernate.type.BasicTypeReference@6750e381
2025-10-11 11:40:24,535 [main] DEBUG org.hibernate.type.BasicTypeRegistry               - Adding type registration big_integer -> org.hibernate.type.BasicTypeReference@5d850a25
2025-10-11 11:40:24,535 [main] DEBUG org.hibernate.type.BasicTypeRegistry               - Adding type registration java.math.BigInteger -> org.hibernate.type.BasicTypeReference@5d850a25
2025-10-11 11:40:24,535 [main] DEBUG org.hibernate.type.BasicTypeRegistry               - Adding type registration big_decimal -> org.hibernate.type.BasicTypeReference@b022551
2025-10-11 11:40:24,535 [main] DEBUG org.hibernate.type.BasicTypeRegistry               - Adding type registration java.math.BigDecimal -> org.hibernate.type.BasicTypeReference@b022551
2025-10-11 11:40:24,535 [main] DEBUG org.hibernate.type.BasicTypeRegistry               - Adding type registration character -> org.hibernate.type.BasicTypeReference@3e14d390
2025-10-11 11:40:24,535 [main] DEBUG org.hibernate.type.BasicTypeRegistry               - Adding type registration char -> org.hibernate.type.BasicTypeReference@3e14d390
2025-10-11 11:40:24,535 [main] DEBUG org.hibernate.type.BasicTypeRegistry               - Adding type registration java.lang.Character -> org.hibernate.type.BasicTypeReference@3e14d390
2025-10-11 11:40:24,535 [main] DEBUG org.hibernate.type.BasicTypeRegistry               - Adding type registration character_nchar -> org.hibernate.type.BasicTypeReference@5eb87338
2025-10-11 11:40:24,535 [main] DEBUG org.hibernate.type.BasicTypeRegistry               - Adding type registration string -> org.hibernate.type.BasicTypeReference@2b999ee8
2025-10-11 11:40:24,535 [main] DEBUG org.hibernate.type.BasicTypeRegistry               - Adding type registration java.lang.String -> org.hibernate.type.BasicTypeReference@2b999ee8
2025-10-11 11:40:24,535 [main] DEBUG org.hibernate.type.BasicTypeRegistry               - Adding type registration nstring -> org.hibernate.type.BasicTypeReference@31ab1e67
2025-10-11 11:40:24,535 [main] DEBUG org.hibernate.type.BasicTypeRegistry               - Adding type registration characters -> org.hibernate.type.BasicTypeReference@29bbc391
2025-10-11 11:40:24,535 [main] DEBUG org.hibernate.type.BasicTypeRegistry               - Adding type registration char[] -> org.hibernate.type.BasicTypeReference@29bbc391
2025-10-11 11:40:24,535 [main] DEBUG org.hibernate.type.BasicTypeRegistry               - Adding type registration [C -> org.hibernate.type.BasicTypeReference@29bbc391
2025-10-11 11:40:24,536 [main] DEBUG org.hibernate.type.BasicTypeRegistry               - Adding type registration wrapper-characters -> org.hibernate.type.BasicTypeReference@3487442d
2025-10-11 11:40:24,536 [main] DEBUG org.hibernate.type.BasicTypeRegistry               - Adding type registration text -> org.hibernate.type.BasicTypeReference@530ee28b
2025-10-11 11:40:24,536 [main] DEBUG org.hibernate.type.BasicTypeRegistry               - Adding type registration ntext -> org.hibernate.type.BasicTypeReference@3a3f96ab
2025-10-11 11:40:24,536 [main] DEBUG org.hibernate.type.BasicTypeRegistry               - Adding type registration clob -> org.hibernate.type.BasicTypeReference@4def7d36
2025-10-11 11:40:24,536 [main] DEBUG org.hibernate.type.BasicTypeRegistry               - Adding type registration java.sql.Clob -> org.hibernate.type.BasicTypeReference@4def7d36
2025-10-11 11:40:24,536 [main] DEBUG org.hibernate.type.BasicTypeRegistry               - Adding type registration nclob -> org.hibernate.type.BasicTypeReference@43c7fe8a
2025-10-11 11:40:24,536 [main] DEBUG org.hibernate.type.BasicTypeRegistry               - Adding type registration java.sql.NClob -> org.hibernate.type.BasicTypeReference@43c7fe8a
2025-10-11 11:40:24,536 [main] DEBUG org.hibernate.type.BasicTypeRegistry               - Adding type registration materialized_clob -> org.hibernate.type.BasicTypeReference@67f946c3
2025-10-11 11:40:24,536 [main] DEBUG org.hibernate.type.BasicTypeRegistry               - Adding type registration materialized_clob_char_array -> org.hibernate.type.BasicTypeReference@21b51e59
2025-10-11 11:40:24,536 [main] DEBUG org.hibernate.type.BasicTypeRegistry               - Adding type registration materialized_clob_character_array -> org.hibernate.type.BasicTypeReference@1785d194
2025-10-11 11:40:24,536 [main] DEBUG org.hibernate.type.BasicTypeRegistry               - Adding type registration materialized_nclob -> org.hibernate.type.BasicTypeReference@6b4a4e40
2025-10-11 11:40:24,536 [main] DEBUG org.hibernate.type.BasicTypeRegistry               - Adding type registration materialized_nclob_character_array -> org.hibernate.type.BasicTypeReference@46a8c2b4
2025-10-11 11:40:24,536 [main] DEBUG org.hibernate.type.BasicTypeRegistry               - Adding type registration materialized_nclob_char_array -> org.hibernate.type.BasicTypeReference@4f664bee
2025-10-11 11:40:24,536 [main] DEBUG org.hibernate.type.BasicTypeRegistry               - Adding type registration Duration -> org.hibernate.type.BasicTypeReference@76563ae7
2025-10-11 11:40:24,537 [main] DEBUG org.hibernate.type.BasicTypeRegistry               - Adding type registration java.time.Duration -> org.hibernate.type.BasicTypeReference@76563ae7
2025-10-11 11:40:24,537 [main] DEBUG org.hibernate.type.BasicTypeRegistry               - Adding type registration LocalDateTime -> org.hibernate.type.BasicTypeReference@4fd74223
2025-10-11 11:40:24,537 [main] DEBUG org.hibernate.type.BasicTypeRegistry               - Adding type registration java.time.LocalDateTime -> org.hibernate.type.BasicTypeReference@4fd74223
2025-10-11 11:40:24,537 [main] DEBUG org.hibernate.type.BasicTypeRegistry               - Adding type registration LocalDate -> org.hibernate.type.BasicTypeReference@4fea840f
2025-10-11 11:40:24,537 [main] DEBUG org.hibernate.type.BasicTypeRegistry               - Adding type registration java.time.LocalDate -> org.hibernate.type.BasicTypeReference@4fea840f
2025-10-11 11:40:24,537 [main] DEBUG org.hibernate.type.BasicTypeRegistry               - Adding type registration LocalTime -> org.hibernate.type.BasicTypeReference@32ae8f27
2025-10-11 11:40:24,537 [main] DEBUG org.hibernate.type.BasicTypeRegistry               - Adding type registration java.time.LocalTime -> org.hibernate.type.BasicTypeReference@32ae8f27
2025-10-11 11:40:24,537 [main] DEBUG org.hibernate.type.BasicTypeRegistry               - Adding type registration OffsetDateTime -> org.hibernate.type.BasicTypeReference@75e80a97
2025-10-11 11:40:24,537 [main] DEBUG org.hibernate.type.BasicTypeRegistry               - Adding type registration java.time.OffsetDateTime -> org.hibernate.type.BasicTypeReference@75e80a97
2025-10-11 11:40:24,537 [main] DEBUG org.hibernate.type.BasicTypeRegistry               - Adding type registration OffsetDateTimeWithTimezone -> org.hibernate.type.BasicTypeReference@5b8853
2025-10-11 11:40:24,537 [main] DEBUG org.hibernate.type.BasicTypeRegistry               - Adding type registration OffsetDateTimeWithoutTimezone -> org.hibernate.type.BasicTypeReference@1b8aaeab
2025-10-11 11:40:24,537 [main] DEBUG org.hibernate.type.BasicTypeRegistry               - Adding type registration OffsetTime -> org.hibernate.type.BasicTypeReference@5d1bdd4a
2025-10-11 11:40:24,537 [main] DEBUG org.hibernate.type.BasicTypeRegistry               - Adding type registration java.time.OffsetTime -> org.hibernate.type.BasicTypeReference@5d1bdd4a
2025-10-11 11:40:24,538 [main] DEBUG org.hibernate.type.BasicTypeRegistry               - Adding type registration OffsetTimeUtc -> org.hibernate.type.BasicTypeReference@6812c8cc
2025-10-11 11:40:24,538 [main] DEBUG org.hibernate.type.BasicTypeRegistry               - Adding type registration OffsetTimeWithTimezone -> org.hibernate.type.BasicTypeReference@3457cc8d
2025-10-11 11:40:24,538 [main] DEBUG org.hibernate.type.BasicTypeRegistry               - Adding type registration OffsetTimeWithoutTimezone -> org.hibernate.type.BasicTypeReference@7a66c35a
2025-10-11 11:40:24,538 [main] DEBUG org.hibernate.type.BasicTypeRegistry               - Adding type registration ZonedDateTime -> org.hibernate.type.BasicTypeReference@7994a0d1
2025-10-11 11:40:24,538 [main] DEBUG org.hibernate.type.BasicTypeRegistry               - Adding type registration java.time.ZonedDateTime -> org.hibernate.type.BasicTypeReference@7994a0d1
2025-10-11 11:40:24,538 [main] DEBUG org.hibernate.type.BasicTypeRegistry               - Adding type registration ZonedDateTimeWithTimezone -> org.hibernate.type.BasicTypeReference@73e4387
2025-10-11 11:40:24,538 [main] DEBUG org.hibernate.type.BasicTypeRegistry               - Adding type registration ZonedDateTimeWithoutTimezone -> org.hibernate.type.BasicTypeReference@d87d449
2025-10-11 11:40:24,538 [main] DEBUG org.hibernate.type.BasicTypeRegistry               - Adding type registration date -> org.hibernate.type.BasicTypeReference@4137aab0
2025-10-11 11:40:24,538 [main] DEBUG org.hibernate.type.BasicTypeRegistry               - Adding type registration java.sql.Date -> org.hibernate.type.BasicTypeReference@4137aab0
2025-10-11 11:40:24,538 [main] DEBUG org.hibernate.type.BasicTypeRegistry               - Adding type registration time -> org.hibernate.type.BasicTypeReference@1df9186f
2025-10-11 11:40:24,538 [main] DEBUG org.hibernate.type.BasicTypeRegistry               - Adding type registration java.sql.Time -> org.hibernate.type.BasicTypeReference@1df9186f
2025-10-11 11:40:24,538 [main] DEBUG org.hibernate.type.BasicTypeRegistry               - Adding type registration timestamp -> org.hibernate.type.BasicTypeReference@682e422c
2025-10-11 11:40:24,538 [main] DEBUG org.hibernate.type.BasicTypeRegistry               - Adding type registration java.sql.Timestamp -> org.hibernate.type.BasicTypeReference@682e422c
2025-10-11 11:40:24,538 [main] DEBUG org.hibernate.type.BasicTypeRegistry               - Adding type registration java.util.Date -> org.hibernate.type.BasicTypeReference@682e422c
2025-10-11 11:40:24,538 [main] DEBUG org.hibernate.type.BasicTypeRegistry               - Adding type registration calendar -> org.hibernate.type.BasicTypeReference@5bb8e6fc
2025-10-11 11:40:24,538 [main] DEBUG org.hibernate.type.BasicTypeRegistry               - Adding type registration java.util.Calendar -> org.hibernate.type.BasicTypeReference@5bb8e6fc
2025-10-11 11:40:24,538 [main] DEBUG org.hibernate.type.BasicTypeRegistry               - Adding type registration java.util.GregorianCalendar -> org.hibernate.type.BasicTypeReference@5bb8e6fc
2025-10-11 11:40:24,538 [main] DEBUG org.hibernate.type.BasicTypeRegistry               - Adding type registration calendar_date -> org.hibernate.type.BasicTypeReference@2726a511
2025-10-11 11:40:24,538 [main] DEBUG org.hibernate.type.BasicTypeRegistry               - Adding type registration calendar_time -> org.hibernate.type.BasicTypeReference@72c9ebfa
2025-10-11 11:40:24,538 [main] DEBUG org.hibernate.type.BasicTypeRegistry               - Adding type registration instant -> org.hibernate.type.BasicTypeReference@686cf8ad
2025-10-11 11:40:24,538 [main] DEBUG org.hibernate.type.BasicTypeRegistry               - Adding type registration java.time.Instant -> org.hibernate.type.BasicTypeReference@686cf8ad
2025-10-11 11:40:24,538 [main] DEBUG org.hibernate.type.BasicTypeRegistry               - Adding type registration uuid -> org.hibernate.type.BasicTypeReference@747f6c5a
2025-10-11 11:40:24,538 [main] DEBUG org.hibernate.type.BasicTypeRegistry               - Adding type registration java.util.UUID -> org.hibernate.type.BasicTypeReference@747f6c5a
2025-10-11 11:40:24,538 [main] DEBUG org.hibernate.type.BasicTypeRegistry               - Adding type registration pg-uuid -> org.hibernate.type.BasicTypeReference@747f6c5a
2025-10-11 11:40:24,538 [main] DEBUG org.hibernate.type.BasicTypeRegistry               - Adding type registration uuid-binary -> org.hibernate.type.BasicTypeReference@66e341e9
2025-10-11 11:40:24,538 [main] DEBUG org.hibernate.type.BasicTypeRegistry               - Adding type registration uuid-char -> org.hibernate.type.BasicTypeReference@5b48f0f4
2025-10-11 11:40:24,538 [main] DEBUG org.hibernate.type.BasicTypeRegistry               - Adding type registration class -> org.hibernate.type.BasicTypeReference@546ed2a0
2025-10-11 11:40:24,538 [main] DEBUG org.hibernate.type.BasicTypeRegistry               - Adding type registration java.lang.Class -> org.hibernate.type.BasicTypeReference@546ed2a0
2025-10-11 11:40:24,538 [main] DEBUG org.hibernate.type.BasicTypeRegistry               - Adding type registration currency -> org.hibernate.type.BasicTypeReference@5bfc79cb
2025-10-11 11:40:24,538 [main] DEBUG org.hibernate.type.BasicTypeRegistry               - Adding type registration Currency -> org.hibernate.type.BasicTypeReference@5bfc79cb
2025-10-11 11:40:24,538 [main] DEBUG org.hibernate.type.BasicTypeRegistry               - Adding type registration java.util.Currency -> org.hibernate.type.BasicTypeReference@5bfc79cb
2025-10-11 11:40:24,538 [main] DEBUG org.hibernate.type.BasicTypeRegistry               - Adding type registration locale -> org.hibernate.type.BasicTypeReference@27ec8754
2025-10-11 11:40:24,539 [main] DEBUG org.hibernate.type.BasicTypeRegistry               - Adding type registration java.util.Locale -> org.hibernate.type.BasicTypeReference@27ec8754
2025-10-11 11:40:24,539 [main] DEBUG org.hibernate.type.BasicTypeRegistry               - Adding type registration serializable -> org.hibernate.type.BasicTypeReference@3bbf1c0d
2025-10-11 11:40:24,539 [main] DEBUG org.hibernate.type.BasicTypeRegistry               - Adding type registration java.io.Serializable -> org.hibernate.type.BasicTypeReference@3bbf1c0d
2025-10-11 11:40:24,539 [main] DEBUG org.hibernate.type.BasicTypeRegistry               - Adding type registration timezone -> org.hibernate.type.BasicTypeReference@19662208
2025-10-11 11:40:24,539 [main] DEBUG org.hibernate.type.BasicTypeRegistry               - Adding type registration java.util.TimeZone -> org.hibernate.type.BasicTypeReference@19662208
2025-10-11 11:40:24,539 [main] DEBUG org.hibernate.type.BasicTypeRegistry               - Adding type registration ZoneOffset -> org.hibernate.type.BasicTypeReference@216c22ce
2025-10-11 11:40:24,539 [main] DEBUG org.hibernate.type.BasicTypeRegistry               - Adding type registration java.time.ZoneOffset -> org.hibernate.type.BasicTypeReference@216c22ce
2025-10-11 11:40:24,539 [main] DEBUG org.hibernate.type.BasicTypeRegistry               - Adding type registration url -> org.hibernate.type.BasicTypeReference@62f9c790
2025-10-11 11:40:24,539 [main] DEBUG org.hibernate.type.BasicTypeRegistry               - Adding type registration java.net.URL -> org.hibernate.type.BasicTypeReference@62f9c790
2025-10-11 11:40:24,539 [main] DEBUG org.hibernate.type.BasicTypeRegistry               - Adding type registration vector -> org.hibernate.type.BasicTypeReference@21e5f0b6
2025-10-11 11:40:24,540 [main] DEBUG org.hibernate.type.BasicTypeRegistry               - Adding type registration row_version -> org.hibernate.type.BasicTypeReference@93bf0e0
2025-10-11 11:40:24,556 [main] DEBUG org.hibernate.type.BasicTypeRegistry               - Adding type registration object -> org.hibernate.type.JavaObjectType@47fcefb3
2025-10-11 11:40:24,556 [main] DEBUG org.hibernate.type.BasicTypeRegistry               - Adding type registration java.lang.Object -> org.hibernate.type.JavaObjectType@47fcefb3
2025-10-11 11:40:24,558 [main] DEBUG org.hibernate.type.BasicTypeRegistry               - Adding type registration null -> org.hibernate.type.NullType@1373e3ee
2025-10-11 11:40:24,558 [main] DEBUG org.hibernate.type.BasicTypeRegistry               - Adding type registration imm_date -> org.hibernate.type.BasicTypeReference@175c5c3a
2025-10-11 11:40:24,558 [main] DEBUG org.hibernate.type.BasicTypeRegistry               - Adding type registration imm_time -> org.hibernate.type.BasicTypeReference@451e2fa9
2025-10-11 11:40:24,558 [main] DEBUG org.hibernate.type.BasicTypeRegistry               - Adding type registration imm_timestamp -> org.hibernate.type.BasicTypeReference@497ed877
2025-10-11 11:40:24,558 [main] DEBUG org.hibernate.type.BasicTypeRegistry               - Adding type registration imm_calendar -> org.hibernate.type.BasicTypeReference@3cb6e0ee
2025-10-11 11:40:24,558 [main] DEBUG org.hibernate.type.BasicTypeRegistry               - Adding type registration imm_calendar_date -> org.hibernate.type.BasicTypeReference@7b6141f0
2025-10-11 11:40:24,558 [main] DEBUG org.hibernate.type.BasicTypeRegistry               - Adding type registration imm_calendar_time -> org.hibernate.type.BasicTypeReference@4fb64a52
2025-10-11 11:40:24,558 [main] DEBUG org.hibernate.type.BasicTypeRegistry               - Adding type registration imm_binary -> org.hibernate.type.BasicTypeReference@70b48eb3
2025-10-11 11:40:24,558 [main] DEBUG org.hibernate.type.BasicTypeRegistry               - Adding type registration imm_serializable -> org.hibernate.type.BasicTypeReference@7b8ea1db
2025-10-11 11:40:24,677 [main] INFO  o.s.o.j.p.SpringPersistenceUnitInfo                - No LoadTimeWeaver setup: ignoring JPA class transformer
2025-10-11 11:40:24,692 [main] INFO  com.zaxxer.hikari.HikariDataSource                 - HikariPool-1 - Starting...
2025-10-11 11:40:25,751 [main] ERROR com.zaxxer.hikari.pool.HikariPool                  - HikariPool-1 - Exception during pool initialization.
com.mysql.cj.jdbc.exceptions.CommunicationsException: Communications link failure

The last packet sent successfully to the server was 0 milliseconds ago. The driver has not received any packets from the server.
	at com.mysql.cj.jdbc.exceptions.SQLError.createCommunicationsException(SQLError.java:174)
	at com.mysql.cj.jdbc.exceptions.SQLExceptionsMapping.translateException(SQLExceptionsMapping.java:64)
	at com.mysql.cj.jdbc.ConnectionImpl.createNewIO(ConnectionImpl.java:815)
	at com.mysql.cj.jdbc.ConnectionImpl.<init>(ConnectionImpl.java:438)
	at com.mysql.cj.jdbc.ConnectionImpl.getInstance(ConnectionImpl.java:241)
	at com.mysql.cj.jdbc.NonRegisteringDriver.connect(NonRegisteringDriver.java:189)
	at com.zaxxer.hikari.util.DriverDataSource.getConnection(DriverDataSource.java:138)
	at com.zaxxer.hikari.pool.PoolBase.newConnection(PoolBase.java:359)
	at com.zaxxer.hikari.pool.PoolBase.newPoolEntry(PoolBase.java:201)
	at com.zaxxer.hikari.pool.HikariPool.createPoolEntry(HikariPool.java:470)
	at com.zaxxer.hikari.pool.HikariPool.checkFailFast(HikariPool.java:561)
	at com.zaxxer.hikari.pool.HikariPool.<init>(HikariPool.java:100)
	at com.zaxxer.hikari.HikariDataSource.getConnection(HikariDataSource.java:112)
	at org.hibernate.engine.jdbc.connections.internal.DatasourceConnectionProviderImpl.getConnection(DatasourceConnectionProviderImpl.java:122)
	at org.hibernate.engine.jdbc.env.internal.JdbcEnvironmentInitiator$ConnectionProviderJdbcConnectionAccess.obtainConnection(JdbcEnvironmentInitiator.java:428)
	at org.hibernate.resource.transaction.backend.jdbc.internal.JdbcIsolationDelegate.delegateWork(JdbcIsolationDelegate.java:61)
	at org.hibernate.engine.jdbc.env.internal.JdbcEnvironmentInitiator.getJdbcEnvironmentUsingJdbcMetadata(JdbcEnvironmentInitiator.java:276)
	at org.hibernate.engine.jdbc.env.internal.JdbcEnvironmentInitiator.initiateService(JdbcEnvironmentInitiator.java:107)
	at org.hibernate.engine.jdbc.env.internal.JdbcEnvironmentInitiator.initiateService(JdbcEnvironmentInitiator.java:68)
	at org.hibernate.boot.registry.internal.StandardServiceRegistryImpl.initiateService(StandardServiceRegistryImpl.java:130)
	at org.hibernate.service.internal.AbstractServiceRegistryImpl.createService(AbstractServiceRegistryImpl.java:263)
	at org.hibernate.service.internal.AbstractServiceRegistryImpl.initializeService(AbstractServiceRegistryImpl.java:238)
	at org.hibernate.service.internal.AbstractServiceRegistryImpl.getService(AbstractServiceRegistryImpl.java:215)
	at org.hibernate.boot.model.relational.Database.<init>(Database.java:45)
	at org.hibernate.boot.internal.InFlightMetadataCollectorImpl.getDatabase(InFlightMetadataCollectorImpl.java:223)
	at org.hibernate.boot.internal.InFlightMetadataCollectorImpl.<init>(InFlightMetadataCollectorImpl.java:191)
	at org.hibernate.boot.model.process.spi.MetadataBuildingProcess.complete(MetadataBuildingProcess.java:170)
	at org.hibernate.jpa.boot.internal.EntityManagerFactoryBuilderImpl.metadata(EntityManagerFactoryBuilderImpl.java:1432)
	at org.hibernate.jpa.boot.internal.EntityManagerFactoryBuilderImpl.build(EntityManagerFactoryBuilderImpl.java:1503)
	at org.springframework.orm.jpa.vendor.SpringHibernateJpaPersistenceProvider.createContainerEntityManagerFactory(SpringHibernateJpaPersistenceProvider.java:75)
	at org.springframework.orm.jpa.LocalContainerEntityManagerFactoryBean.createNativeEntityManagerFactory(LocalContainerEntityManagerFactoryBean.java:390)
	at org.springframework.orm.jpa.AbstractEntityManagerFactoryBean.buildNativeEntityManagerFactory(AbstractEntityManagerFactoryBean.java:409)
	at org.springframework.orm.jpa.AbstractEntityManagerFactoryBean.afterPropertiesSet(AbstractEntityManagerFactoryBean.java:396)
	at org.springframework.orm.jpa.LocalContainerEntityManagerFactoryBean.afterPropertiesSet(LocalContainerEntityManagerFactoryBean.java:366)
	at org.springframework.beans.factory.support.AbstractAutowireCapableBeanFactory.invokeInitMethods(AbstractAutowireCapableBeanFactory.java:1833)
	at org.springframework.beans.factory.support.AbstractAutowireCapableBeanFactory.initializeBean(AbstractAutowireCapableBeanFactory.java:1782)
	at org.springframework.beans.factory.support.AbstractAutowireCapableBeanFactory.doCreateBean(AbstractAutowireCapableBeanFactory.java:600)
	at org.springframework.beans.factory.support.AbstractAutowireCapableBeanFactory.createBean(AbstractAutowireCapableBeanFactory.java:522)
	at org.springframework.beans.factory.support.AbstractBeanFactory.lambda$doGetBean$0(AbstractBeanFactory.java:326)
	at org.springframework.beans.factory.support.DefaultSingletonBeanRegistry.getSingleton(DefaultSingletonBeanRegistry.java:234)
	at org.springframework.beans.factory.support.AbstractBeanFactory.doGetBean(AbstractBeanFactory.java:324)
	at org.springframework.beans.factory.support.AbstractBeanFactory.getBean(AbstractBeanFactory.java:200)
	at org.springframework.context.support.AbstractApplicationContext.getBean(AbstractApplicationContext.java:1234)
	at org.springframework.context.support.AbstractApplicationContext.finishBeanFactoryInitialization(AbstractApplicationContext.java:952)
	at org.springframework.context.support.AbstractApplicationContext.refresh(AbstractApplicationContext.java:624)
	at org.springframework.boot.web.servlet.context.ServletWebServerApplicationContext.refresh(ServletWebServerApplicationContext.java:146)
	at org.springframework.boot.SpringApplication.refresh(SpringApplication.java:754)
	at org.springframework.boot.SpringApplication.refreshContext(SpringApplication.java:456)
	at org.springframework.boot.SpringApplication.run(SpringApplication.java:334)
	at org.springframework.boot.SpringApplication.run(SpringApplication.java:1354)
	at org.springframework.boot.SpringApplication.run(SpringApplication.java:1343)
	at com.Rest.API.RestApiApplication.main(RestApiApplication.java:10)
Caused by: com.mysql.cj.exceptions.CJCommunicationsException: Communications link failure

The last packet sent successfully to the server was 0 milliseconds ago. The driver has not received any packets from the server.
	at java.base/jdk.internal.reflect.DirectConstructorHandleAccessor.newInstance(DirectConstructorHandleAccessor.java:62)
	at java.base/java.lang.reflect.Constructor.newInstanceWithCaller(Constructor.java:501)
	at java.base/java.lang.reflect.Constructor.newInstance(Constructor.java:485)
	at com.mysql.cj.exceptions.ExceptionFactory.createException(ExceptionFactory.java:61)
	at com.mysql.cj.exceptions.ExceptionFactory.createException(ExceptionFactory.java:104)
	at com.mysql.cj.exceptions.ExceptionFactory.createException(ExceptionFactory.java:149)
	at com.mysql.cj.exceptions.ExceptionFactory.createCommunicationsException(ExceptionFactory.java:165)
	at com.mysql.cj.protocol.a.NativeSocketConnection.connect(NativeSocketConnection.java:88)
	at com.mysql.cj.NativeSession.connect(NativeSession.java:120)
	at com.mysql.cj.jdbc.ConnectionImpl.connectOneTryOnly(ConnectionImpl.java:935)
	at com.mysql.cj.jdbc.ConnectionImpl.createNewIO(ConnectionImpl.java:805)
	... 49 common frames omitted
Caused by: java.net.ConnectException: Connection refused
	at java.base/sun.nio.ch.Net.pollConnect(Native Method)
	at java.base/sun.nio.ch.Net.pollConnectNow(Net.java:682)
	at java.base/sun.nio.ch.NioSocketImpl.timedFinishConnect(NioSocketImpl.java:549)
	at java.base/sun.nio.ch.NioSocketImpl.connect(NioSocketImpl.java:592)
	at java.base/java.net.SocksSocketImpl.connect(SocksSocketImpl.java:327)
	at java.base/java.net.Socket.connect(Socket.java:760)
	at com.mysql.cj.protocol.StandardSocketFactory.connect(StandardSocketFactory.java:153)
	at com.mysql.cj.protocol.a.NativeSocketConnection.connect(NativeSocketConnection.java:62)
	... 52 common frames omitted
2025-10-11 11:40:25,754 [main] WARN  o.h.e.j.e.i.JdbcEnvironmentInitiator               - HHH000342: Could not obtain connection to query metadata
java.lang.NullPointerException: Cannot invoke "org.hibernate.engine.jdbc.spi.SqlExceptionHelper.convert(java.sql.SQLException, String)" because the return value of "org.hibernate.resource.transaction.backend.jdbc.internal.JdbcIsolationDelegate.sqlExceptionHelper()" is null
	at org.hibernate.resource.transaction.backend.jdbc.internal.JdbcIsolationDelegate.delegateWork(JdbcIsolationDelegate.java:116)
	at org.hibernate.engine.jdbc.env.internal.JdbcEnvironmentInitiator.getJdbcEnvironmentUsingJdbcMetadata(JdbcEnvironmentInitiator.java:276)
	at org.hibernate.engine.jdbc.env.internal.JdbcEnvironmentInitiator.initiateService(JdbcEnvironmentInitiator.java:107)
	at org.hibernate.engine.jdbc.env.internal.JdbcEnvironmentInitiator.initiateService(JdbcEnvironmentInitiator.java:68)
	at org.hibernate.boot.registry.internal.StandardServiceRegistryImpl.initiateService(StandardServiceRegistryImpl.java:130)
	at org.hibernate.service.internal.AbstractServiceRegistryImpl.createService(AbstractServiceRegistryImpl.java:263)
	at org.hibernate.service.internal.AbstractServiceRegistryImpl.initializeService(AbstractServiceRegistryImpl.java:238)
	at org.hibernate.service.internal.AbstractServiceRegistryImpl.getService(AbstractServiceRegistryImpl.java:215)
	at org.hibernate.boot.model.relational.Database.<init>(Database.java:45)
	at org.hibernate.boot.internal.InFlightMetadataCollectorImpl.getDatabase(InFlightMetadataCollectorImpl.java:223)
	at org.hibernate.boot.internal.InFlightMetadataCollectorImpl.<init>(InFlightMetadataCollectorImpl.java:191)
	at org.hibernate.boot.model.process.spi.MetadataBuildingProcess.complete(MetadataBuildingProcess.java:170)
	at org.hibernate.jpa.boot.internal.EntityManagerFactoryBuilderImpl.metadata(EntityManagerFactoryBuilderImpl.java:1432)
	at org.hibernate.jpa.boot.internal.EntityManagerFactoryBuilderImpl.build(EntityManagerFactoryBuilderImpl.java:1503)
	at org.springframework.orm.jpa.vendor.SpringHibernateJpaPersistenceProvider.createContainerEntityManagerFactory(SpringHibernateJpaPersistenceProvider.java:75)
	at org.springframework.orm.jpa.LocalContainerEntityManagerFactoryBean.createNativeEntityManagerFactory(LocalContainerEntityManagerFactoryBean.java:390)
	at org.springframework.orm.jpa.AbstractEntityManagerFactoryBean.buildNativeEntityManagerFactory(AbstractEntityManagerFactoryBean.java:409)
	at org.springframework.orm.jpa.AbstractEntityManagerFactoryBean.afterPropertiesSet(AbstractEntityManagerFactoryBean.java:396)
	at org.springframework.orm.jpa.LocalContainerEntityManagerFactoryBean.afterPropertiesSet(LocalContainerEntityManagerFactoryBean.java:366)
	at org.springframework.beans.factory.support.AbstractAutowireCapableBeanFactory.invokeInitMethods(AbstractAutowireCapableBeanFactory.java:1833)
	at org.springframework.beans.factory.support.AbstractAutowireCapableBeanFactory.initializeBean(AbstractAutowireCapableBeanFactory.java:1782)
	at org.springframework.beans.factory.support.AbstractAutowireCapableBeanFactory.doCreateBean(AbstractAutowireCapableBeanFactory.java:600)
	at org.springframework.beans.factory.support.AbstractAutowireCapableBeanFactory.createBean(AbstractAutowireCapableBeanFactory.java:522)
	at org.springframework.beans.factory.support.AbstractBeanFactory.lambda$doGetBean$0(AbstractBeanFactory.java:326)
	at org.springframework.beans.factory.support.DefaultSingletonBeanRegistry.getSingleton(DefaultSingletonBeanRegistry.java:234)
	at org.springframework.beans.factory.support.AbstractBeanFactory.doGetBean(AbstractBeanFactory.java:324)
	at org.springframework.beans.factory.support.AbstractBeanFactory.getBean(AbstractBeanFactory.java:200)
	at org.springframework.context.support.AbstractApplicationContext.getBean(AbstractApplicationContext.java:1234)
	at org.springframework.context.support.AbstractApplicationContext.finishBeanFactoryInitialization(AbstractApplicationContext.java:952)
	at org.springframework.context.support.AbstractApplicationContext.refresh(AbstractApplicationContext.java:624)
	at org.springframework.boot.web.servlet.context.ServletWebServerApplicationContext.refresh(ServletWebServerApplicationContext.java:146)
	at org.springframework.boot.SpringApplication.refresh(SpringApplication.java:754)
	at org.springframework.boot.SpringApplication.refreshContext(SpringApplication.java:456)
	at org.springframework.boot.SpringApplication.run(SpringApplication.java:334)
	at org.springframework.boot.SpringApplication.run(SpringApplication.java:1354)
	at org.springframework.boot.SpringApplication.run(SpringApplication.java:1343)
	at com.Rest.API.RestApiApplication.main(RestApiApplication.java:10)
2025-10-11 11:40:25,767 [main] WARN  org.hibernate.orm.deprecation                      - HHH90000025: MySQLDialect does not need to be specified explicitly using 'hibernate.dialect' (remove the property setting and it will be selected by default)
2025-10-11 11:40:25,780 [main] DEBUG o.h.t.descriptor.sql.spi.DdlTypeRegistry           - addDescriptor(12, org.hibernate.type.descriptor.sql.internal.CapacityDependentDdlType@402d6012) replaced previous registration(org.hibernate.type.descriptor.sql.internal.CapacityDependentDdlType@395281c2)
2025-10-11 11:40:25,781 [main] DEBUG o.h.t.descriptor.sql.spi.DdlTypeRegistry           - addDescriptor(-9, org.hibernate.type.descriptor.sql.internal.CapacityDependentDdlType@41d20f06) replaced previous registration(org.hibernate.type.descriptor.sql.internal.CapacityDependentDdlType@3e753289)
2025-10-11 11:40:25,781 [main] DEBUG o.h.t.descriptor.sql.spi.DdlTypeRegistry           - addDescriptor(-3, org.hibernate.type.descriptor.sql.internal.CapacityDependentDdlType@1573e8a5) replaced previous registration(org.hibernate.type.descriptor.sql.internal.CapacityDependentDdlType@38022758)
2025-10-11 11:40:25,781 [main] DEBUG o.h.t.descriptor.sql.spi.DdlTypeRegistry           - addDescriptor(4003, org.hibernate.type.descriptor.sql.internal.DdlTypeImpl@69f9b561) replaced previous registration(org.hibernate.type.descriptor.sql.internal.DdlTypeImpl@7e8f23ad)
2025-10-11 11:40:25,781 [main] DEBUG o.h.t.descriptor.sql.spi.DdlTypeRegistry           - addDescriptor(4001, org.hibernate.type.descriptor.sql.internal.DdlTypeImpl@7433ca19) replaced previous registration(org.hibernate.type.descriptor.sql.internal.DdlTypeImpl@5d221b20)
2025-10-11 11:40:25,781 [main] DEBUG o.h.t.descriptor.sql.spi.DdlTypeRegistry           - addDescriptor(4002, org.hibernate.type.descriptor.sql.internal.DdlTypeImpl@79d4ff58) replaced previous registration(org.hibernate.type.descriptor.sql.internal.DdlTypeImpl@7ec13984)
2025-10-11 11:40:25,781 [main] DEBUG o.h.t.descriptor.sql.spi.DdlTypeRegistry           - addDescriptor(2004, org.hibernate.type.descriptor.sql.internal.CapacityDependentDdlType@14485747) replaced previous registration(org.hibernate.type.descriptor.sql.internal.DdlTypeImpl@59fea5f5)
2025-10-11 11:40:25,782 [main] DEBUG o.h.t.descriptor.sql.spi.DdlTypeRegistry           - addDescriptor(2005, org.hibernate.type.descriptor.sql.internal.CapacityDependentDdlType@78eafad) replaced previous registration(org.hibernate.type.descriptor.sql.internal.DdlTypeImpl@70f4abc1)
2025-10-11 11:40:25,782 [main] DEBUG o.h.t.descriptor.sql.spi.DdlTypeRegistry           - addDescriptor(2011, org.hibernate.type.descriptor.sql.internal.CapacityDependentDdlType@26d028f7) replaced previous registration(org.hibernate.type.descriptor.sql.internal.DdlTypeImpl@a2df0d5)
2025-10-11 11:40:25,783 [main] DEBUG o.h.t.d.jdbc.spi.JdbcTypeRegistry                  - addDescriptor(NCharTypeDescriptor) replaced previous registration(CharTypeDescriptor)
2025-10-11 11:40:25,783 [main] DEBUG o.h.t.d.jdbc.spi.JdbcTypeRegistry                  - addDescriptor(NVarcharTypeDescriptor) replaced previous registration(VarcharTypeDescriptor)
2025-10-11 11:40:25,783 [main] DEBUG o.h.t.d.jdbc.spi.JdbcTypeRegistry                  - addDescriptor(LongNVarcharTypeDescriptor) replaced previous registration(LongVarcharTypeDescriptor)
2025-10-11 11:40:25,784 [main] DEBUG o.h.t.d.jdbc.spi.JdbcTypeRegistry                  - addDescriptor(NClobTypeDescriptor(DEFAULT)) replaced previous registration(ClobTypeDescriptor(DEFAULT))
2025-10-11 11:40:25,784 [main] DEBUG o.h.t.d.jdbc.spi.JdbcTypeRegistry                  - addDescriptor(2005, ClobTypeDescriptor(STREAM_BINDING)) replaced previous registration(ClobTypeDescriptor(DEFAULT))
2025-10-11 11:40:25,785 [main] DEBUG org.hibernate.type.BasicTypeRegistry               - Adding type registration null -> org.hibernate.type.NullType@72324965
2025-10-11 11:40:25,786 [main] DEBUG org.hibernate.type.BasicTypeRegistry               - Type registration key [null] overrode previous entry : `org.hibernate.type.NullType@1373e3ee`
2025-10-11 11:40:25,788 [main] DEBUG org.hibernate.type.BasicTypeRegistry               - Adding type registration org.hibernate.type.DurationType -> basicType@1(java.time.Duration,3015)
2025-10-11 11:40:25,788 [main] DEBUG org.hibernate.type.BasicTypeRegistry               - Adding type registration Duration -> basicType@1(java.time.Duration,3015)
2025-10-11 11:40:25,788 [main] DEBUG org.hibernate.type.BasicTypeRegistry               - Adding type registration java.time.Duration -> basicType@1(java.time.Duration,3015)
2025-10-11 11:40:25,789 [main] DEBUG org.hibernate.type.BasicTypeRegistry               - Adding type registration org.hibernate.type.OffsetDateTimeType -> basicType@2(java.time.OffsetDateTime,3003)
2025-10-11 11:40:25,790 [main] DEBUG org.hibernate.type.BasicTypeRegistry               - Adding type registration OffsetDateTime -> basicType@2(java.time.OffsetDateTime,3003)
2025-10-11 11:40:25,790 [main] DEBUG org.hibernate.type.BasicTypeRegistry               - Adding type registration java.time.OffsetDateTime -> basicType@2(java.time.OffsetDateTime,3003)
2025-10-11 11:40:25,790 [main] DEBUG org.hibernate.type.BasicTypeRegistry               - Adding type registration org.hibernate.type.ZonedDateTimeType -> basicType@3(java.time.ZonedDateTime,3003)
2025-10-11 11:40:25,790 [main] DEBUG org.hibernate.type.BasicTypeRegistry               - Adding type registration ZonedDateTime -> basicType@3(java.time.ZonedDateTime,3003)
2025-10-11 11:40:25,790 [main] DEBUG org.hibernate.type.BasicTypeRegistry               - Adding type registration java.time.ZonedDateTime -> basicType@3(java.time.ZonedDateTime,3003)
2025-10-11 11:40:25,790 [main] DEBUG org.hibernate.type.BasicTypeRegistry               - Adding type registration org.hibernate.type.OffsetTimeType -> basicType@4(java.time.OffsetTime,3007)
2025-10-11 11:40:25,790 [main] DEBUG org.hibernate.type.BasicTypeRegistry               - Adding type registration OffsetTime -> basicType@4(java.time.OffsetTime,3007)
2025-10-11 11:40:25,790 [main] DEBUG org.hibernate.type.BasicTypeRegistry               - Adding type registration java.time.OffsetTime -> basicType@4(java.time.OffsetTime,3007)
2025-10-11 11:40:25,791 [main] DEBUG o.h.type.spi.TypeConfiguration$Scope               - Scoping TypeConfiguration [org.hibernate.type.spi.TypeConfiguration@4403bff8] to MetadataBuildingContext [org.hibernate.boot.internal.MetadataBuildingContextRootImpl@261275ae]
2025-10-11 11:40:26,425 [main] INFO  o.h.e.t.j.p.i.JtaPlatformInitiator                 - HHH000489: No JTA platform available (set 'hibernate.transaction.jta.platform' to enable JTA platform integration)
2025-10-11 11:40:26,426 [main] DEBUG o.h.type.spi.TypeConfiguration$Scope               - Scoping TypeConfiguration [org.hibernate.type.spi.TypeConfiguration@4403bff8] to SessionFactoryImplementor [org.hibernate.internal.SessionFactoryImpl@32ddcca]
2025-10-11 11:40:26,435 [main] INFO  com.zaxxer.hikari.HikariDataSource                 - HikariPool-1 - Starting...
2025-10-11 11:40:27,439 [main] ERROR com.zaxxer.hikari.pool.HikariPool                  - HikariPool-1 - Exception during pool initialization.
com.mysql.cj.jdbc.exceptions.CommunicationsException: Communications link failure

The last packet sent successfully to the server was 0 milliseconds ago. The driver has not received any packets from the server.
	at com.mysql.cj.jdbc.exceptions.SQLError.createCommunicationsException(SQLError.java:174)
	at com.mysql.cj.jdbc.exceptions.SQLExceptionsMapping.translateException(SQLExceptionsMapping.java:64)
	at com.mysql.cj.jdbc.ConnectionImpl.createNewIO(ConnectionImpl.java:815)
	at com.mysql.cj.jdbc.ConnectionImpl.<init>(ConnectionImpl.java:438)
	at com.mysql.cj.jdbc.ConnectionImpl.getInstance(ConnectionImpl.java:241)
	at com.mysql.cj.jdbc.NonRegisteringDriver.connect(NonRegisteringDriver.java:189)
	at com.zaxxer.hikari.util.DriverDataSource.getConnection(DriverDataSource.java:138)
	at com.zaxxer.hikari.pool.PoolBase.newConnection(PoolBase.java:359)
	at com.zaxxer.hikari.pool.PoolBase.newPoolEntry(PoolBase.java:201)
	at com.zaxxer.hikari.pool.HikariPool.createPoolEntry(HikariPool.java:470)
	at com.zaxxer.hikari.pool.HikariPool.checkFailFast(HikariPool.java:561)
	at com.zaxxer.hikari.pool.HikariPool.<init>(HikariPool.java:100)
	at com.zaxxer.hikari.HikariDataSource.getConnection(HikariDataSource.java:112)
	at org.hibernate.engine.jdbc.connections.internal.DatasourceConnectionProviderImpl.getConnection(DatasourceConnectionProviderImpl.java:122)
	at org.hibernate.engine.jdbc.env.internal.JdbcEnvironmentInitiator$ConnectionProviderJdbcConnectionAccess.obtainConnection(JdbcEnvironmentInitiator.java:428)
	at org.hibernate.resource.transaction.backend.jdbc.internal.DdlTransactionIsolatorNonJtaImpl.getIsolatedConnection(DdlTransactionIsolatorNonJtaImpl.java:46)
	at org.hibernate.resource.transaction.backend.jdbc.internal.DdlTransactionIsolatorNonJtaImpl.getIsolatedConnection(DdlTransactionIsolatorNonJtaImpl.java:39)
	at org.hibernate.tool.schema.internal.exec.ImprovedExtractionContextImpl.getJdbcConnection(ImprovedExtractionContextImpl.java:63)
	at org.hibernate.tool.schema.internal.exec.ImprovedExtractionContextImpl.getJdbcDatabaseMetaData(ImprovedExtractionContextImpl.java:70)
	at org.hibernate.tool.schema.extract.internal.InformationExtractorJdbcDatabaseMetaDataImpl.processTableResultSet(InformationExtractorJdbcDatabaseMetaDataImpl.java:64)
	at org.hibernate.tool.schema.extract.internal.AbstractInformationExtractorImpl.getTables(AbstractInformationExtractorImpl.java:570)
	at org.hibernate.tool.schema.extract.internal.DatabaseInformationImpl.getTablesInformation(DatabaseInformationImpl.java:122)
	at org.hibernate.tool.schema.internal.GroupedSchemaMigratorImpl.performTablesMigration(GroupedSchemaMigratorImpl.java:72)
	at org.hibernate.tool.schema.internal.AbstractSchemaMigrator.performMigration(AbstractSchemaMigrator.java:232)
	at org.hibernate.tool.schema.internal.AbstractSchemaMigrator.doMigration(AbstractSchemaMigrator.java:117)
	at org.hibernate.tool.schema.spi.SchemaManagementToolCoordinator.performDatabaseAction(SchemaManagementToolCoordinator.java:286)
	at org.hibernate.tool.schema.spi.SchemaManagementToolCoordinator.lambda$process$5(SchemaManagementToolCoordinator.java:145)
	at java.base/java.util.HashMap.forEach(HashMap.java:1430)
	at org.hibernate.tool.schema.spi.SchemaManagementToolCoordinator.process(SchemaManagementToolCoordinator.java:142)
	at org.hibernate.boot.internal.SessionFactoryObserverForSchemaExport.sessionFactoryCreated(SessionFactoryObserverForSchemaExport.java:37)
	at org.hibernate.internal.SessionFactoryObserverChain.sessionFactoryCreated(SessionFactoryObserverChain.java:35)
	at org.hibernate.internal.SessionFactoryImpl.<init>(SessionFactoryImpl.java:315)
	at org.hibernate.boot.internal.SessionFactoryBuilderImpl.build(SessionFactoryBuilderImpl.java:450)
	at org.hibernate.jpa.boot.internal.EntityManagerFactoryBuilderImpl.build(EntityManagerFactoryBuilderImpl.java:1507)
	at org.springframework.orm.jpa.vendor.SpringHibernateJpaPersistenceProvider.createContainerEntityManagerFactory(SpringHibernateJpaPersistenceProvider.java:75)
	at org.springframework.orm.jpa.LocalContainerEntityManagerFactoryBean.createNativeEntityManagerFactory(LocalContainerEntityManagerFactoryBean.java:390)
	at org.springframework.orm.jpa.AbstractEntityManagerFactoryBean.buildNativeEntityManagerFactory(AbstractEntityManagerFactoryBean.java:409)
	at org.springframework.orm.jpa.AbstractEntityManagerFactoryBean.afterPropertiesSet(AbstractEntityManagerFactoryBean.java:396)
	at org.springframework.orm.jpa.LocalContainerEntityManagerFactoryBean.afterPropertiesSet(LocalContainerEntityManagerFactoryBean.java:366)
	at org.springframework.beans.factory.support.AbstractAutowireCapableBeanFactory.invokeInitMethods(AbstractAutowireCapableBeanFactory.java:1833)
	at org.springframework.beans.factory.support.AbstractAutowireCapableBeanFactory.initializeBean(AbstractAutowireCapableBeanFactory.java:1782)
	at org.springframework.beans.factory.support.AbstractAutowireCapableBeanFactory.doCreateBean(AbstractAutowireCapableBeanFactory.java:600)
	at org.springframework.beans.factory.support.AbstractAutowireCapableBeanFactory.createBean(AbstractAutowireCapableBeanFactory.java:522)
	at org.springframework.beans.factory.support.AbstractBeanFactory.lambda$doGetBean$0(AbstractBeanFactory.java:326)
	at org.springframework.beans.factory.support.DefaultSingletonBeanRegistry.getSingleton(DefaultSingletonBeanRegistry.java:234)
	at org.springframework.beans.factory.support.AbstractBeanFactory.doGetBean(AbstractBeanFactory.java:324)
	at org.springframework.beans.factory.support.AbstractBeanFactory.getBean(AbstractBeanFactory.java:200)
	at org.springframework.context.support.AbstractApplicationContext.getBean(AbstractApplicationContext.java:1234)
	at org.springframework.context.support.AbstractApplicationContext.finishBeanFactoryInitialization(AbstractApplicationContext.java:952)
	at org.springframework.context.support.AbstractApplicationContext.refresh(AbstractApplicationContext.java:624)
	at org.springframework.boot.web.servlet.context.ServletWebServerApplicationContext.refresh(ServletWebServerApplicationContext.java:146)
	at org.springframework.boot.SpringApplication.refresh(SpringApplication.java:754)
	at org.springframework.boot.SpringApplication.refreshContext(SpringApplication.java:456)
	at org.springframework.boot.SpringApplication.run(SpringApplication.java:334)
	at org.springframework.boot.SpringApplication.run(SpringApplication.java:1354)
	at org.springframework.boot.SpringApplication.run(SpringApplication.java:1343)
	at com.Rest.API.RestApiApplication.main(RestApiApplication.java:10)
Caused by: com.mysql.cj.exceptions.CJCommunicationsException: Communications link failure

The last packet sent successfully to the server was 0 milliseconds ago. The driver has not received any packets from the server.
	at java.base/jdk.internal.reflect.DirectConstructorHandleAccessor.newInstance(DirectConstructorHandleAccessor.java:62)
	at java.base/java.lang.reflect.Constructor.newInstanceWithCaller(Constructor.java:501)
	at java.base/java.lang.reflect.Constructor.newInstance(Constructor.java:485)
	at com.mysql.cj.exceptions.ExceptionFactory.createException(ExceptionFactory.java:61)
	at com.mysql.cj.exceptions.ExceptionFactory.createException(ExceptionFactory.java:104)
	at com.mysql.cj.exceptions.ExceptionFactory.createException(ExceptionFactory.java:149)
	at com.mysql.cj.exceptions.ExceptionFactory.createCommunicationsException(ExceptionFactory.java:165)
	at com.mysql.cj.protocol.a.NativeSocketConnection.connect(NativeSocketConnection.java:88)
	at com.mysql.cj.NativeSession.connect(NativeSession.java:120)
	at com.mysql.cj.jdbc.ConnectionImpl.connectOneTryOnly(ConnectionImpl.java:935)
	at com.mysql.cj.jdbc.ConnectionImpl.createNewIO(ConnectionImpl.java:805)
	... 54 common frames omitted
Caused by: java.net.ConnectException: Connection refused
	at java.base/sun.nio.ch.Net.pollConnect(Native Method)
	at java.base/sun.nio.ch.Net.pollConnectNow(Net.java:682)
	at java.base/sun.nio.ch.NioSocketImpl.timedFinishConnect(NioSocketImpl.java:542)
	at java.base/sun.nio.ch.NioSocketImpl.connect(NioSocketImpl.java:592)
	at java.base/java.net.SocksSocketImpl.connect(SocksSocketImpl.java:327)
	at java.base/java.net.Socket.connect(Socket.java:760)
	at com.mysql.cj.protocol.StandardSocketFactory.connect(StandardSocketFactory.java:153)
	at com.mysql.cj.protocol.a.NativeSocketConnection.connect(NativeSocketConnection.java:62)
	... 57 common frames omitted
2025-10-11 11:40:27,443 [main] WARN  o.h.engine.jdbc.spi.SqlExceptionHelper             - SQL Error: 0, SQLState: 08S01
2025-10-11 11:40:27,443 [main] ERROR o.h.engine.jdbc.spi.SqlExceptionHelper             - Communications link failure

The last packet sent successfully to the server was 0 milliseconds ago. The driver has not received any packets from the server.
2025-10-11 11:40:27,455 [main] TRACE o.h.type.spi.TypeConfiguration$Scope               - Handling #sessionFactoryClosed from [org.hibernate.internal.SessionFactoryImpl@32ddcca] for TypeConfiguration
2025-10-11 11:40:27,455 [main] DEBUG o.h.type.spi.TypeConfiguration$Scope               - Un-scoping TypeConfiguration [org.hibernate.type.spi.TypeConfiguration$Scope@299ddfff] from SessionFactory [org.hibernate.internal.SessionFactoryImpl@32ddcca]
2025-10-11 11:40:27,467 [main] ERROR o.s.o.j.LocalContainerEntityManagerFactoryBean     - Failed to initialize JPA EntityManagerFactory: [PersistenceUnit: default] Unable to build Hibernate SessionFactory; nested exception is org.hibernate.exception.JDBCConnectionException: Unable to open JDBC Connection for DDL execution [Communications link failure

The last packet sent successfully to the server was 0 milliseconds ago. The driver has not received any packets from the server.] [n/a]
2025-10-11 11:40:27,469 [main] WARN  o.s.b.w.s.c.AnnotationConfigServletWebServerApplicationContext - Exception encountered during context initialization - cancelling refresh attempt: org.springframework.beans.factory.BeanCreationException: Error creating bean with name 'entityManagerFactory' defined in class path resource [org/springframework/boot/autoconfigure/orm/jpa/HibernateJpaConfiguration.class]: [PersistenceUnit: default] Unable to build Hibernate SessionFactory; nested exception is org.hibernate.exception.JDBCConnectionException: Unable to open JDBC Connection for DDL execution [Communications link failure

The last packet sent successfully to the server was 0 milliseconds ago. The driver has not received any packets from the server.] [n/a]
2025-10-11 11:40:27,473 [main] INFO  o.apache.catalina.core.StandardService             - Stopping service [Tomcat]
2025-10-11 11:40:27,484 [main] INFO  o.s.b.a.l.ConditionEvaluationReportLogger          - 

Error starting ApplicationContext. To display the condition evaluation report re-run your application with 'debug' enabled.
2025-10-11 11:40:27,496 [main] ERROR o.springframework.boot.SpringApplication           - Application run failed
org.springframework.beans.factory.BeanCreationException: Error creating bean with name 'entityManagerFactory' defined in class path resource [org/springframework/boot/autoconfigure/orm/jpa/HibernateJpaConfiguration.class]: [PersistenceUnit: default] Unable to build Hibernate SessionFactory; nested exception is org.hibernate.exception.JDBCConnectionException: Unable to open JDBC Connection for DDL execution [Communications link failure

The last packet sent successfully to the server was 0 milliseconds ago. The driver has not received any packets from the server.] [n/a]
	at org.springframework.beans.factory.support.AbstractAutowireCapableBeanFactory.initializeBean(AbstractAutowireCapableBeanFactory.java:1786)
	at org.springframework.beans.factory.support.AbstractAutowireCapableBeanFactory.doCreateBean(AbstractAutowireCapableBeanFactory.java:600)
	at org.springframework.beans.factory.support.AbstractAutowireCapableBeanFactory.createBean(AbstractAutowireCapableBeanFactory.java:522)
	at org.springframework.beans.factory.support.AbstractBeanFactory.lambda$doGetBean$0(AbstractBeanFactory.java:326)
	at org.springframework.beans.factory.support.DefaultSingletonBeanRegistry.getSingleton(DefaultSingletonBeanRegistry.java:234)
	at org.springframework.beans.factory.support.AbstractBeanFactory.doGetBean(AbstractBeanFactory.java:324)
	at org.springframework.beans.factory.support.AbstractBeanFactory.getBean(AbstractBeanFactory.java:200)
	at org.springframework.context.support.AbstractApplicationContext.getBean(AbstractApplicationContext.java:1234)
	at org.springframework.context.support.AbstractApplicationContext.finishBeanFactoryInitialization(AbstractApplicationContext.java:952)
	at org.springframework.context.support.AbstractApplicationContext.refresh(AbstractApplicationContext.java:624)
	at org.springframework.boot.web.servlet.context.ServletWebServerApplicationContext.refresh(ServletWebServerApplicationContext.java:146)
	at org.springframework.boot.SpringApplication.refresh(SpringApplication.java:754)
	at org.springframework.boot.SpringApplication.refreshContext(SpringApplication.java:456)
	at org.springframework.boot.SpringApplication.run(SpringApplication.java:334)
	at org.springframework.boot.SpringApplication.run(SpringApplication.java:1354)
	at org.springframework.boot.SpringApplication.run(SpringApplication.java:1343)
	at com.Rest.API.RestApiApplication.main(RestApiApplication.java:10)
Caused by: jakarta.persistence.PersistenceException: [PersistenceUnit: default] Unable to build Hibernate SessionFactory; nested exception is org.hibernate.exception.JDBCConnectionException: Unable to open JDBC Connection for DDL execution [Communications link failure

The last packet sent successfully to the server was 0 milliseconds ago. The driver has not received any packets from the server.] [n/a]
	at org.springframework.orm.jpa.AbstractEntityManagerFactoryBean.buildNativeEntityManagerFactory(AbstractEntityManagerFactoryBean.java:421)
	at org.springframework.orm.jpa.AbstractEntityManagerFactoryBean.afterPropertiesSet(AbstractEntityManagerFactoryBean.java:396)
	at org.springframework.orm.jpa.LocalContainerEntityManagerFactoryBean.afterPropertiesSet(LocalContainerEntityManagerFactoryBean.java:366)
	at org.springframework.beans.factory.support.AbstractAutowireCapableBeanFactory.invokeInitMethods(AbstractAutowireCapableBeanFactory.java:1833)
	at org.springframework.beans.factory.support.AbstractAutowireCapableBeanFactory.initializeBean(AbstractAutowireCapableBeanFactory.java:1782)
	... 16 common frames omitted
Caused by: org.hibernate.exception.JDBCConnectionException: Unable to open JDBC Connection for DDL execution [Communications link failure

The last packet sent successfully to the server was 0 milliseconds ago. The driver has not received any packets from the server.] [n/a]
	at org.hibernate.exception.internal.SQLStateConversionDelegate.convert(SQLStateConversionDelegate.java:100)
	at org.hibernate.exception.internal.StandardSQLExceptionConverter.convert(StandardSQLExceptionConverter.java:58)
	at org.hibernate.engine.jdbc.spi.SqlExceptionHelper.convert(SqlExceptionHelper.java:108)
	at org.hibernate.engine.jdbc.spi.SqlExceptionHelper.convert(SqlExceptionHelper.java:94)
	at org.hibernate.resource.transaction.backend.jdbc.internal.DdlTransactionIsolatorNonJtaImpl.getIsolatedConnection(DdlTransactionIsolatorNonJtaImpl.java:74)
	at org.hibernate.resource.transaction.backend.jdbc.internal.DdlTransactionIsolatorNonJtaImpl.getIsolatedConnection(DdlTransactionIsolatorNonJtaImpl.java:39)
	at org.hibernate.tool.schema.internal.exec.ImprovedExtractionContextImpl.getJdbcConnection(ImprovedExtractionContextImpl.java:63)
	at org.hibernate.tool.schema.internal.exec.ImprovedExtractionContextImpl.getJdbcDatabaseMetaData(ImprovedExtractionContextImpl.java:70)
	at org.hibernate.tool.schema.extract.internal.InformationExtractorJdbcDatabaseMetaDataImpl.processTableResultSet(InformationExtractorJdbcDatabaseMetaDataImpl.java:64)
	at org.hibernate.tool.schema.extract.internal.AbstractInformationExtractorImpl.getTables(AbstractInformationExtractorImpl.java:570)
	at org.hibernate.tool.schema.extract.internal.DatabaseInformationImpl.getTablesInformation(DatabaseInformationImpl.java:122)
	at org.hibernate.tool.schema.internal.GroupedSchemaMigratorImpl.performTablesMigration(GroupedSchemaMigratorImpl.java:72)
	at org.hibernate.tool.schema.internal.AbstractSchemaMigrator.performMigration(AbstractSchemaMigrator.java:232)
	at org.hibernate.tool.schema.internal.AbstractSchemaMigrator.doMigration(AbstractSchemaMigrator.java:117)
	at org.hibernate.tool.schema.spi.SchemaManagementToolCoordinator.performDatabaseAction(SchemaManagementToolCoordinator.java:286)
	at org.hibernate.tool.schema.spi.SchemaManagementToolCoordinator.lambda$process$5(SchemaManagementToolCoordinator.java:145)
	at java.base/java.util.HashMap.forEach(HashMap.java:1430)
	at org.hibernate.tool.schema.spi.SchemaManagementToolCoordinator.process(SchemaManagementToolCoordinator.java:142)
	at org.hibernate.boot.internal.SessionFactoryObserverForSchemaExport.sessionFactoryCreated(SessionFactoryObserverForSchemaExport.java:37)
	at org.hibernate.internal.SessionFactoryObserverChain.sessionFactoryCreated(SessionFactoryObserverChain.java:35)
	at org.hibernate.internal.SessionFactoryImpl.<init>(SessionFactoryImpl.java:315)
	at org.hibernate.boot.internal.SessionFactoryBuilderImpl.build(SessionFactoryBuilderImpl.java:450)
	at org.hibernate.jpa.boot.internal.EntityManagerFactoryBuilderImpl.build(EntityManagerFactoryBuilderImpl.java:1507)
	at org.springframework.orm.jpa.vendor.SpringHibernateJpaPersistenceProvider.createContainerEntityManagerFactory(SpringHibernateJpaPersistenceProvider.java:75)
	at org.springframework.orm.jpa.LocalContainerEntityManagerFactoryBean.createNativeEntityManagerFactory(LocalContainerEntityManagerFactoryBean.java:390)
	at org.springframework.orm.jpa.AbstractEntityManagerFactoryBean.buildNativeEntityManagerFactory(AbstractEntityManagerFactoryBean.java:409)
	... 20 common frames omitted
Caused by: com.mysql.cj.jdbc.exceptions.CommunicationsException: Communications link failure

The last packet sent successfully to the server was 0 milliseconds ago. The driver has not received any packets from the server.
	at com.mysql.cj.jdbc.exceptions.SQLError.createCommunicationsException(SQLError.java:174)
	at com.mysql.cj.jdbc.exceptions.SQLExceptionsMapping.translateException(SQLExceptionsMapping.java:64)
	at com.mysql.cj.jdbc.ConnectionImpl.createNewIO(ConnectionImpl.java:815)
	at com.mysql.cj.jdbc.ConnectionImpl.<init>(ConnectionImpl.java:438)
	at com.mysql.cj.jdbc.ConnectionImpl.getInstance(ConnectionImpl.java:241)
	at com.mysql.cj.jdbc.NonRegisteringDriver.connect(NonRegisteringDriver.java:189)
	at com.zaxxer.hikari.util.DriverDataSource.getConnection(DriverDataSource.java:138)
	at com.zaxxer.hikari.pool.PoolBase.newConnection(PoolBase.java:359)
	at com.zaxxer.hikari.pool.PoolBase.newPoolEntry(PoolBase.java:201)
	at com.zaxxer.hikari.pool.HikariPool.createPoolEntry(HikariPool.java:470)
	at com.zaxxer.hikari.pool.HikariPool.checkFailFast(HikariPool.java:561)
	at com.zaxxer.hikari.pool.HikariPool.<init>(HikariPool.java:100)
	at com.zaxxer.hikari.HikariDataSource.getConnection(HikariDataSource.java:112)
	at org.hibernate.engine.jdbc.connections.internal.DatasourceConnectionProviderImpl.getConnection(DatasourceConnectionProviderImpl.java:122)
	at org.hibernate.engine.jdbc.env.internal.JdbcEnvironmentInitiator$ConnectionProviderJdbcConnectionAccess.obtainConnection(JdbcEnvironmentInitiator.java:428)
	at org.hibernate.resource.transaction.backend.jdbc.internal.DdlTransactionIsolatorNonJtaImpl.getIsolatedConnection(DdlTransactionIsolatorNonJtaImpl.java:46)
	... 41 common frames omitted
Caused by: com.mysql.cj.exceptions.CJCommunicationsException: Communications link failure

The last packet sent successfully to the server was 0 milliseconds ago. The driver has not received any packets from the server.
	at java.base/jdk.internal.reflect.DirectConstructorHandleAccessor.newInstance(DirectConstructorHandleAccessor.java:62)
	at java.base/java.lang.reflect.Constructor.newInstanceWithCaller(Constructor.java:501)
	at java.base/java.lang.reflect.Constructor.newInstance(Constructor.java:485)
	at com.mysql.cj.exceptions.ExceptionFactory.createException(ExceptionFactory.java:61)
	at com.mysql.cj.exceptions.ExceptionFactory.createException(ExceptionFactory.java:104)
	at com.mysql.cj.exceptions.ExceptionFactory.createException(ExceptionFactory.java:149)
	at com.mysql.cj.exceptions.ExceptionFactory.createCommunicationsException(ExceptionFactory.java:165)
	at com.mysql.cj.protocol.a.NativeSocketConnection.connect(NativeSocketConnection.java:88)
	at com.mysql.cj.NativeSession.connect(NativeSession.java:120)
	at com.mysql.cj.jdbc.ConnectionImpl.connectOneTryOnly(ConnectionImpl.java:935)
	at com.mysql.cj.jdbc.ConnectionImpl.createNewIO(ConnectionImpl.java:805)
	... 54 common frames omitted
Caused by: java.net.ConnectException: Connection refused
	at java.base/sun.nio.ch.Net.pollConnect(Native Method)
	at java.base/sun.nio.ch.Net.pollConnectNow(Net.java:682)
	at java.base/sun.nio.ch.NioSocketImpl.timedFinishConnect(NioSocketImpl.java:542)
	at java.base/sun.nio.ch.NioSocketImpl.connect(NioSocketImpl.java:592)
	at java.base/java.net.SocksSocketImpl.connect(SocksSocketImpl.java:327)
	at java.base/java.net.Socket.connect(Socket.java:760)
	at com.mysql.cj.protocol.StandardSocketFactory.connect(StandardSocketFactory.java:153)
	at com.mysql.cj.protocol.a.NativeSocketConnection.connect(NativeSocketConnection.java:62)
	... 57 common frames omitted
2025-10-11 12:20:39,425 [main] INFO  com.Rest.API.RestApiApplication                    - Starting RestApiApplication using Java 23.0.2 with PID 53044 (/Users/dineshchandgeetharavichandran/Desktop/Dinesh/Project/Spring-Rest-API/Spring-Boot-Rest-API/target/classes started by dineshchandgeetharavichandran in /Users/dineshchandgeetharavichandran/Desktop/Dinesh/Project/Spring-Rest-API/Spring-Boot-Rest-API)
2025-10-11 12:20:39,426 [main] DEBUG com.Rest.API.RestApiApplication                    - Running with Spring Boot v3.2.4, Spring v6.1.5
2025-10-11 12:20:39,427 [main] INFO  com.Rest.API.RestApiApplication                    - No active profile set, falling back to 1 default profile: "default"
2025-10-11 12:20:40,364 [main] INFO  o.s.d.r.c.RepositoryConfigurationDelegate          - Bootstrapping Spring Data JPA repositories in DEFAULT mode.
2025-10-11 12:20:40,465 [main] INFO  o.s.d.r.c.RepositoryConfigurationDelegate          - Finished Spring Data repository scanning in 96 ms. Found 3 JPA repository interfaces.
2025-10-11 12:20:41,055 [main] INFO  o.s.b.w.embedded.tomcat.TomcatWebServer            - Tomcat initialized with port 8090 (http)
2025-10-11 12:20:41,062 [main] INFO  o.apache.coyote.http11.Http11NioProtocol           - Initializing ProtocolHandler ["http-nio-8090"]
2025-10-11 12:20:41,064 [main] INFO  o.apache.catalina.core.StandardService             - Starting service [Tomcat]
2025-10-11 12:20:41,064 [main] INFO  org.apache.catalina.core.StandardEngine            - Starting Servlet engine: [Apache Tomcat/10.1.19]
2025-10-11 12:20:41,100 [main] INFO  o.a.c.c.C.[Tomcat].[localhost].[/]                 - Initializing Spring embedded WebApplicationContext
2025-10-11 12:20:41,100 [main] INFO  o.s.b.w.s.c.ServletWebServerApplicationContext     - Root WebApplicationContext: initialization completed in 1626 ms
2025-10-11 12:20:41,219 [main] INFO  o.hibernate.jpa.internal.util.LogHelper            - HHH000204: Processing PersistenceUnitInfo [name: default]
2025-10-11 12:20:41,283 [main] INFO  org.hibernate.Version                              - HHH000412: Hibernate ORM core version 6.4.4.Final
2025-10-11 12:20:41,310 [main] INFO  o.h.c.internal.RegionFactoryInitiator              - HHH000026: Second-level cache disabled
2025-10-11 12:20:41,367 [main] DEBUG org.hibernate.type.BasicTypeRegistry               - Adding type registration boolean -> org.hibernate.type.BasicTypeReference@26da1ba2
2025-10-11 12:20:41,368 [main] DEBUG org.hibernate.type.BasicTypeRegistry               - Adding type registration boolean -> org.hibernate.type.BasicTypeReference@26da1ba2
2025-10-11 12:20:41,369 [main] DEBUG org.hibernate.type.BasicTypeRegistry               - Adding type registration java.lang.Boolean -> org.hibernate.type.BasicTypeReference@26da1ba2
2025-10-11 12:20:41,369 [main] DEBUG org.hibernate.type.BasicTypeRegistry               - Adding type registration numeric_boolean -> org.hibernate.type.BasicTypeReference@3820cfe
2025-10-11 12:20:41,369 [main] DEBUG org.hibernate.type.BasicTypeRegistry               - Adding type registration org.hibernate.type.NumericBooleanConverter -> org.hibernate.type.BasicTypeReference@3820cfe
2025-10-11 12:20:41,369 [main] DEBUG org.hibernate.type.BasicTypeRegistry               - Adding type registration true_false -> org.hibernate.type.BasicTypeReference@2407a36c
2025-10-11 12:20:41,369 [main] DEBUG org.hibernate.type.BasicTypeRegistry               - Adding type registration org.hibernate.type.TrueFalseConverter -> org.hibernate.type.BasicTypeReference@2407a36c
2025-10-11 12:20:41,369 [main] DEBUG org.hibernate.type.BasicTypeRegistry               - Adding type registration yes_no -> org.hibernate.type.BasicTypeReference@5ec9eefa
2025-10-11 12:20:41,369 [main] DEBUG org.hibernate.type.BasicTypeRegistry               - Adding type registration org.hibernate.type.YesNoConverter -> org.hibernate.type.BasicTypeReference@5ec9eefa
2025-10-11 12:20:41,369 [main] DEBUG org.hibernate.type.BasicTypeRegistry               - Adding type registration byte -> org.hibernate.type.BasicTypeReference@28b8f98a
2025-10-11 12:20:41,369 [main] DEBUG org.hibernate.type.BasicTypeRegistry               - Adding type registration byte -> org.hibernate.type.BasicTypeReference@28b8f98a
2025-10-11 12:20:41,370 [main] DEBUG org.hibernate.type.BasicTypeRegistry               - Adding type registration java.lang.Byte -> org.hibernate.type.BasicTypeReference@28b8f98a
2025-10-11 12:20:41,370 [main] DEBUG org.hibernate.type.BasicTypeRegistry               - Adding type registration binary -> org.hibernate.type.BasicTypeReference@3b4ef59f
2025-10-11 12:20:41,370 [main] DEBUG org.hibernate.type.BasicTypeRegistry               - Adding type registration byte[] -> org.hibernate.type.BasicTypeReference@3b4ef59f
2025-10-11 12:20:41,371 [main] DEBUG org.hibernate.type.BasicTypeRegistry               - Adding type registration [B -> org.hibernate.type.BasicTypeReference@3b4ef59f
2025-10-11 12:20:41,371 [main] DEBUG org.hibernate.type.BasicTypeRegistry               - Adding type registration binary_wrapper -> org.hibernate.type.BasicTypeReference@22cb3d59
2025-10-11 12:20:41,371 [main] DEBUG org.hibernate.type.BasicTypeRegistry               - Adding type registration wrapper-binary -> org.hibernate.type.BasicTypeReference@22cb3d59
2025-10-11 12:20:41,371 [main] DEBUG org.hibernate.type.BasicTypeRegistry               - Adding type registration image -> org.hibernate.type.BasicTypeReference@33e4b9c4
2025-10-11 12:20:41,371 [main] DEBUG org.hibernate.type.BasicTypeRegistry               - Adding type registration blob -> org.hibernate.type.BasicTypeReference@5cff729b
2025-10-11 12:20:41,371 [main] DEBUG org.hibernate.type.BasicTypeRegistry               - Adding type registration java.sql.Blob -> org.hibernate.type.BasicTypeReference@5cff729b
2025-10-11 12:20:41,371 [main] DEBUG org.hibernate.type.BasicTypeRegistry               - Adding type registration materialized_blob -> org.hibernate.type.BasicTypeReference@10d18696
2025-10-11 12:20:41,371 [main] DEBUG org.hibernate.type.BasicTypeRegistry               - Adding type registration materialized_blob_wrapper -> org.hibernate.type.BasicTypeReference@6b8b5020
2025-10-11 12:20:41,371 [main] DEBUG org.hibernate.type.BasicTypeRegistry               - Adding type registration short -> org.hibernate.type.BasicTypeReference@7d37ee0c
2025-10-11 12:20:41,371 [main] DEBUG org.hibernate.type.BasicTypeRegistry               - Adding type registration short -> org.hibernate.type.BasicTypeReference@7d37ee0c
2025-10-11 12:20:41,371 [main] DEBUG org.hibernate.type.BasicTypeRegistry               - Adding type registration java.lang.Short -> org.hibernate.type.BasicTypeReference@7d37ee0c
2025-10-11 12:20:41,371 [main] DEBUG org.hibernate.type.BasicTypeRegistry               - Adding type registration integer -> org.hibernate.type.BasicTypeReference@5a7b309b
2025-10-11 12:20:41,371 [main] DEBUG org.hibernate.type.BasicTypeRegistry               - Adding type registration int -> org.hibernate.type.BasicTypeReference@5a7b309b
2025-10-11 12:20:41,371 [main] DEBUG org.hibernate.type.BasicTypeRegistry               - Adding type registration java.lang.Integer -> org.hibernate.type.BasicTypeReference@5a7b309b
2025-10-11 12:20:41,371 [main] DEBUG org.hibernate.type.BasicTypeRegistry               - Adding type registration long -> org.hibernate.type.BasicTypeReference@4602f874
2025-10-11 12:20:41,371 [main] DEBUG org.hibernate.type.BasicTypeRegistry               - Adding type registration long -> org.hibernate.type.BasicTypeReference@4602f874
2025-10-11 12:20:41,371 [main] DEBUG org.hibernate.type.BasicTypeRegistry               - Adding type registration java.lang.Long -> org.hibernate.type.BasicTypeReference@4602f874
2025-10-11 12:20:41,371 [main] DEBUG org.hibernate.type.BasicTypeRegistry               - Adding type registration float -> org.hibernate.type.BasicTypeReference@7739aac4
2025-10-11 12:20:41,371 [main] DEBUG org.hibernate.type.BasicTypeRegistry               - Adding type registration float -> org.hibernate.type.BasicTypeReference@7739aac4
2025-10-11 12:20:41,371 [main] DEBUG org.hibernate.type.BasicTypeRegistry               - Adding type registration java.lang.Float -> org.hibernate.type.BasicTypeReference@7739aac4
2025-10-11 12:20:41,371 [main] DEBUG org.hibernate.type.BasicTypeRegistry               - Adding type registration double -> org.hibernate.type.BasicTypeReference@353c6da1
2025-10-11 12:20:41,371 [main] DEBUG org.hibernate.type.BasicTypeRegistry               - Adding type registration double -> org.hibernate.type.BasicTypeReference@353c6da1
2025-10-11 12:20:41,371 [main] DEBUG org.hibernate.type.BasicTypeRegistry               - Adding type registration java.lang.Double -> org.hibernate.type.BasicTypeReference@353c6da1
2025-10-11 12:20:41,371 [main] DEBUG org.hibernate.type.BasicTypeRegistry               - Adding type registration big_integer -> org.hibernate.type.BasicTypeReference@36c07c75
2025-10-11 12:20:41,371 [main] DEBUG org.hibernate.type.BasicTypeRegistry               - Adding type registration java.math.BigInteger -> org.hibernate.type.BasicTypeReference@36c07c75
2025-10-11 12:20:41,371 [main] DEBUG org.hibernate.type.BasicTypeRegistry               - Adding type registration big_decimal -> org.hibernate.type.BasicTypeReference@6750e381
2025-10-11 12:20:41,371 [main] DEBUG org.hibernate.type.BasicTypeRegistry               - Adding type registration java.math.BigDecimal -> org.hibernate.type.BasicTypeReference@6750e381
2025-10-11 12:20:41,372 [main] DEBUG org.hibernate.type.BasicTypeRegistry               - Adding type registration character -> org.hibernate.type.BasicTypeReference@5d850a25
2025-10-11 12:20:41,372 [main] DEBUG org.hibernate.type.BasicTypeRegistry               - Adding type registration char -> org.hibernate.type.BasicTypeReference@5d850a25
2025-10-11 12:20:41,372 [main] DEBUG org.hibernate.type.BasicTypeRegistry               - Adding type registration java.lang.Character -> org.hibernate.type.BasicTypeReference@5d850a25
2025-10-11 12:20:41,372 [main] DEBUG org.hibernate.type.BasicTypeRegistry               - Adding type registration character_nchar -> org.hibernate.type.BasicTypeReference@b022551
2025-10-11 12:20:41,372 [main] DEBUG org.hibernate.type.BasicTypeRegistry               - Adding type registration string -> org.hibernate.type.BasicTypeReference@3e14d390
2025-10-11 12:20:41,372 [main] DEBUG org.hibernate.type.BasicTypeRegistry               - Adding type registration java.lang.String -> org.hibernate.type.BasicTypeReference@3e14d390
2025-10-11 12:20:41,372 [main] DEBUG org.hibernate.type.BasicTypeRegistry               - Adding type registration nstring -> org.hibernate.type.BasicTypeReference@5eb87338
2025-10-11 12:20:41,372 [main] DEBUG org.hibernate.type.BasicTypeRegistry               - Adding type registration characters -> org.hibernate.type.BasicTypeReference@2b999ee8
2025-10-11 12:20:41,372 [main] DEBUG org.hibernate.type.BasicTypeRegistry               - Adding type registration char[] -> org.hibernate.type.BasicTypeReference@2b999ee8
2025-10-11 12:20:41,372 [main] DEBUG org.hibernate.type.BasicTypeRegistry               - Adding type registration [C -> org.hibernate.type.BasicTypeReference@2b999ee8
2025-10-11 12:20:41,372 [main] DEBUG org.hibernate.type.BasicTypeRegistry               - Adding type registration wrapper-characters -> org.hibernate.type.BasicTypeReference@31ab1e67
2025-10-11 12:20:41,372 [main] DEBUG org.hibernate.type.BasicTypeRegistry               - Adding type registration text -> org.hibernate.type.BasicTypeReference@29bbc391
2025-10-11 12:20:41,372 [main] DEBUG org.hibernate.type.BasicTypeRegistry               - Adding type registration ntext -> org.hibernate.type.BasicTypeReference@3487442d
2025-10-11 12:20:41,372 [main] DEBUG org.hibernate.type.BasicTypeRegistry               - Adding type registration clob -> org.hibernate.type.BasicTypeReference@530ee28b
2025-10-11 12:20:41,372 [main] DEBUG org.hibernate.type.BasicTypeRegistry               - Adding type registration java.sql.Clob -> org.hibernate.type.BasicTypeReference@530ee28b
2025-10-11 12:20:41,372 [main] DEBUG org.hibernate.type.BasicTypeRegistry               - Adding type registration nclob -> org.hibernate.type.BasicTypeReference@3a3f96ab
2025-10-11 12:20:41,373 [main] DEBUG org.hibernate.type.BasicTypeRegistry               - Adding type registration java.sql.NClob -> org.hibernate.type.BasicTypeReference@3a3f96ab
2025-10-11 12:20:41,373 [main] DEBUG org.hibernate.type.BasicTypeRegistry               - Adding type registration materialized_clob -> org.hibernate.type.BasicTypeReference@4def7d36
2025-10-11 12:20:41,373 [main] DEBUG org.hibernate.type.BasicTypeRegistry               - Adding type registration materialized_clob_char_array -> org.hibernate.type.BasicTypeReference@43c7fe8a
2025-10-11 12:20:41,373 [main] DEBUG org.hibernate.type.BasicTypeRegistry               - Adding type registration materialized_clob_character_array -> org.hibernate.type.BasicTypeReference@67f946c3
2025-10-11 12:20:41,373 [main] DEBUG org.hibernate.type.BasicTypeRegistry               - Adding type registration materialized_nclob -> org.hibernate.type.BasicTypeReference@21b51e59
2025-10-11 12:20:41,373 [main] DEBUG org.hibernate.type.BasicTypeRegistry               - Adding type registration materialized_nclob_character_array -> org.hibernate.type.BasicTypeReference@1785d194
2025-10-11 12:20:41,373 [main] DEBUG org.hibernate.type.BasicTypeRegistry               - Adding type registration materialized_nclob_char_array -> org.hibernate.type.BasicTypeReference@6b4a4e40
2025-10-11 12:20:41,373 [main] DEBUG org.hibernate.type.BasicTypeRegistry               - Adding type registration Duration -> org.hibernate.type.BasicTypeReference@46a8c2b4
2025-10-11 12:20:41,373 [main] DEBUG org.hibernate.type.BasicTypeRegistry               - Adding type registration java.time.Duration -> org.hibernate.type.BasicTypeReference@46a8c2b4
2025-10-11 12:20:41,373 [main] DEBUG org.hibernate.type.BasicTypeRegistry               - Adding type registration LocalDateTime -> org.hibernate.type.BasicTypeReference@4f664bee
2025-10-11 12:20:41,373 [main] DEBUG org.hibernate.type.BasicTypeRegistry               - Adding type registration java.time.LocalDateTime -> org.hibernate.type.BasicTypeReference@4f664bee
2025-10-11 12:20:41,373 [main] DEBUG org.hibernate.type.BasicTypeRegistry               - Adding type registration LocalDate -> org.hibernate.type.BasicTypeReference@76563ae7
2025-10-11 12:20:41,374 [main] DEBUG org.hibernate.type.BasicTypeRegistry               - Adding type registration java.time.LocalDate -> org.hibernate.type.BasicTypeReference@76563ae7
2025-10-11 12:20:41,374 [main] DEBUG org.hibernate.type.BasicTypeRegistry               - Adding type registration LocalTime -> org.hibernate.type.BasicTypeReference@4fd74223
2025-10-11 12:20:41,374 [main] DEBUG org.hibernate.type.BasicTypeRegistry               - Adding type registration java.time.LocalTime -> org.hibernate.type.BasicTypeReference@4fd74223
2025-10-11 12:20:41,374 [main] DEBUG org.hibernate.type.BasicTypeRegistry               - Adding type registration OffsetDateTime -> org.hibernate.type.BasicTypeReference@4fea840f
2025-10-11 12:20:41,374 [main] DEBUG org.hibernate.type.BasicTypeRegistry               - Adding type registration java.time.OffsetDateTime -> org.hibernate.type.BasicTypeReference@4fea840f
2025-10-11 12:20:41,374 [main] DEBUG org.hibernate.type.BasicTypeRegistry               - Adding type registration OffsetDateTimeWithTimezone -> org.hibernate.type.BasicTypeReference@32ae8f27
2025-10-11 12:20:41,374 [main] DEBUG org.hibernate.type.BasicTypeRegistry               - Adding type registration OffsetDateTimeWithoutTimezone -> org.hibernate.type.BasicTypeReference@75e80a97
2025-10-11 12:20:41,375 [main] DEBUG org.hibernate.type.BasicTypeRegistry               - Adding type registration OffsetTime -> org.hibernate.type.BasicTypeReference@5b8853
2025-10-11 12:20:41,375 [main] DEBUG org.hibernate.type.BasicTypeRegistry               - Adding type registration java.time.OffsetTime -> org.hibernate.type.BasicTypeReference@5b8853
2025-10-11 12:20:41,375 [main] DEBUG org.hibernate.type.BasicTypeRegistry               - Adding type registration OffsetTimeUtc -> org.hibernate.type.BasicTypeReference@1b8aaeab
2025-10-11 12:20:41,375 [main] DEBUG org.hibernate.type.BasicTypeRegistry               - Adding type registration OffsetTimeWithTimezone -> org.hibernate.type.BasicTypeReference@5d1bdd4a
2025-10-11 12:20:41,375 [main] DEBUG org.hibernate.type.BasicTypeRegistry               - Adding type registration OffsetTimeWithoutTimezone -> org.hibernate.type.BasicTypeReference@6812c8cc
2025-10-11 12:20:41,375 [main] DEBUG org.hibernate.type.BasicTypeRegistry               - Adding type registration ZonedDateTime -> org.hibernate.type.BasicTypeReference@3457cc8d
2025-10-11 12:20:41,375 [main] DEBUG org.hibernate.type.BasicTypeRegistry               - Adding type registration java.time.ZonedDateTime -> org.hibernate.type.BasicTypeReference@3457cc8d
2025-10-11 12:20:41,375 [main] DEBUG org.hibernate.type.BasicTypeRegistry               - Adding type registration ZonedDateTimeWithTimezone -> org.hibernate.type.BasicTypeReference@7a66c35a
2025-10-11 12:20:41,375 [main] DEBUG org.hibernate.type.BasicTypeRegistry               - Adding type registration ZonedDateTimeWithoutTimezone -> org.hibernate.type.BasicTypeReference@7994a0d1
2025-10-11 12:20:41,375 [main] DEBUG org.hibernate.type.BasicTypeRegistry               - Adding type registration date -> org.hibernate.type.BasicTypeReference@73e4387
2025-10-11 12:20:41,375 [main] DEBUG org.hibernate.type.BasicTypeRegistry               - Adding type registration java.sql.Date -> org.hibernate.type.BasicTypeReference@73e4387
2025-10-11 12:20:41,375 [main] DEBUG org.hibernate.type.BasicTypeRegistry               - Adding type registration time -> org.hibernate.type.BasicTypeReference@d87d449
2025-10-11 12:20:41,375 [main] DEBUG org.hibernate.type.BasicTypeRegistry               - Adding type registration java.sql.Time -> org.hibernate.type.BasicTypeReference@d87d449
2025-10-11 12:20:41,375 [main] DEBUG org.hibernate.type.BasicTypeRegistry               - Adding type registration timestamp -> org.hibernate.type.BasicTypeReference@4137aab0
2025-10-11 12:20:41,375 [main] DEBUG org.hibernate.type.BasicTypeRegistry               - Adding type registration java.sql.Timestamp -> org.hibernate.type.BasicTypeReference@4137aab0
2025-10-11 12:20:41,375 [main] DEBUG org.hibernate.type.BasicTypeRegistry               - Adding type registration java.util.Date -> org.hibernate.type.BasicTypeReference@4137aab0
2025-10-11 12:20:41,375 [main] DEBUG org.hibernate.type.BasicTypeRegistry               - Adding type registration calendar -> org.hibernate.type.BasicTypeReference@1df9186f
2025-10-11 12:20:41,375 [main] DEBUG org.hibernate.type.BasicTypeRegistry               - Adding type registration java.util.Calendar -> org.hibernate.type.BasicTypeReference@1df9186f
2025-10-11 12:20:41,375 [main] DEBUG org.hibernate.type.BasicTypeRegistry               - Adding type registration java.util.GregorianCalendar -> org.hibernate.type.BasicTypeReference@1df9186f
2025-10-11 12:20:41,375 [main] DEBUG org.hibernate.type.BasicTypeRegistry               - Adding type registration calendar_date -> org.hibernate.type.BasicTypeReference@682e422c
2025-10-11 12:20:41,375 [main] DEBUG org.hibernate.type.BasicTypeRegistry               - Adding type registration calendar_time -> org.hibernate.type.BasicTypeReference@5bb8e6fc
2025-10-11 12:20:41,375 [main] DEBUG org.hibernate.type.BasicTypeRegistry               - Adding type registration instant -> org.hibernate.type.BasicTypeReference@2726a511
2025-10-11 12:20:41,376 [main] DEBUG org.hibernate.type.BasicTypeRegistry               - Adding type registration java.time.Instant -> org.hibernate.type.BasicTypeReference@2726a511
2025-10-11 12:20:41,376 [main] DEBUG org.hibernate.type.BasicTypeRegistry               - Adding type registration uuid -> org.hibernate.type.BasicTypeReference@72c9ebfa
2025-10-11 12:20:41,376 [main] DEBUG org.hibernate.type.BasicTypeRegistry               - Adding type registration java.util.UUID -> org.hibernate.type.BasicTypeReference@72c9ebfa
2025-10-11 12:20:41,376 [main] DEBUG org.hibernate.type.BasicTypeRegistry               - Adding type registration pg-uuid -> org.hibernate.type.BasicTypeReference@72c9ebfa
2025-10-11 12:20:41,376 [main] DEBUG org.hibernate.type.BasicTypeRegistry               - Adding type registration uuid-binary -> org.hibernate.type.BasicTypeReference@686cf8ad
2025-10-11 12:20:41,376 [main] DEBUG org.hibernate.type.BasicTypeRegistry               - Adding type registration uuid-char -> org.hibernate.type.BasicTypeReference@747f6c5a
2025-10-11 12:20:41,376 [main] DEBUG org.hibernate.type.BasicTypeRegistry               - Adding type registration class -> org.hibernate.type.BasicTypeReference@66e341e9
2025-10-11 12:20:41,376 [main] DEBUG org.hibernate.type.BasicTypeRegistry               - Adding type registration java.lang.Class -> org.hibernate.type.BasicTypeReference@66e341e9
2025-10-11 12:20:41,376 [main] DEBUG org.hibernate.type.BasicTypeRegistry               - Adding type registration currency -> org.hibernate.type.BasicTypeReference@5b48f0f4
2025-10-11 12:20:41,376 [main] DEBUG org.hibernate.type.BasicTypeRegistry               - Adding type registration Currency -> org.hibernate.type.BasicTypeReference@5b48f0f4
2025-10-11 12:20:41,376 [main] DEBUG org.hibernate.type.BasicTypeRegistry               - Adding type registration java.util.Currency -> org.hibernate.type.BasicTypeReference@5b48f0f4
2025-10-11 12:20:41,376 [main] DEBUG org.hibernate.type.BasicTypeRegistry               - Adding type registration locale -> org.hibernate.type.BasicTypeReference@546ed2a0
2025-10-11 12:20:41,376 [main] DEBUG org.hibernate.type.BasicTypeRegistry               - Adding type registration java.util.Locale -> org.hibernate.type.BasicTypeReference@546ed2a0
2025-10-11 12:20:41,376 [main] DEBUG org.hibernate.type.BasicTypeRegistry               - Adding type registration serializable -> org.hibernate.type.BasicTypeReference@5bfc79cb
2025-10-11 12:20:41,376 [main] DEBUG org.hibernate.type.BasicTypeRegistry               - Adding type registration java.io.Serializable -> org.hibernate.type.BasicTypeReference@5bfc79cb
2025-10-11 12:20:41,376 [main] DEBUG org.hibernate.type.BasicTypeRegistry               - Adding type registration timezone -> org.hibernate.type.BasicTypeReference@27ec8754
2025-10-11 12:20:41,376 [main] DEBUG org.hibernate.type.BasicTypeRegistry               - Adding type registration java.util.TimeZone -> org.hibernate.type.BasicTypeReference@27ec8754
2025-10-11 12:20:41,376 [main] DEBUG org.hibernate.type.BasicTypeRegistry               - Adding type registration ZoneOffset -> org.hibernate.type.BasicTypeReference@3bbf1c0d
2025-10-11 12:20:41,376 [main] DEBUG org.hibernate.type.BasicTypeRegistry               - Adding type registration java.time.ZoneOffset -> org.hibernate.type.BasicTypeReference@3bbf1c0d
2025-10-11 12:20:41,376 [main] DEBUG org.hibernate.type.BasicTypeRegistry               - Adding type registration url -> org.hibernate.type.BasicTypeReference@19662208
2025-10-11 12:20:41,376 [main] DEBUG org.hibernate.type.BasicTypeRegistry               - Adding type registration java.net.URL -> org.hibernate.type.BasicTypeReference@19662208
2025-10-11 12:20:41,376 [main] DEBUG org.hibernate.type.BasicTypeRegistry               - Adding type registration vector -> org.hibernate.type.BasicTypeReference@216c22ce
2025-10-11 12:20:41,376 [main] DEBUG org.hibernate.type.BasicTypeRegistry               - Adding type registration row_version -> org.hibernate.type.BasicTypeReference@62f9c790
2025-10-11 12:20:41,385 [main] DEBUG org.hibernate.type.BasicTypeRegistry               - Adding type registration object -> org.hibernate.type.JavaObjectType@2c48cede
2025-10-11 12:20:41,386 [main] DEBUG org.hibernate.type.BasicTypeRegistry               - Adding type registration java.lang.Object -> org.hibernate.type.JavaObjectType@2c48cede
2025-10-11 12:20:41,387 [main] DEBUG org.hibernate.type.BasicTypeRegistry               - Adding type registration null -> org.hibernate.type.NullType@3a788fe0
2025-10-11 12:20:41,387 [main] DEBUG org.hibernate.type.BasicTypeRegistry               - Adding type registration imm_date -> org.hibernate.type.BasicTypeReference@430df350
2025-10-11 12:20:41,387 [main] DEBUG org.hibernate.type.BasicTypeRegistry               - Adding type registration imm_time -> org.hibernate.type.BasicTypeReference@175c5c3a
2025-10-11 12:20:41,387 [main] DEBUG org.hibernate.type.BasicTypeRegistry               - Adding type registration imm_timestamp -> org.hibernate.type.BasicTypeReference@69a5c6be
2025-10-11 12:20:41,387 [main] DEBUG org.hibernate.type.BasicTypeRegistry               - Adding type registration imm_calendar -> org.hibernate.type.BasicTypeReference@451e2fa9
2025-10-11 12:20:41,388 [main] DEBUG org.hibernate.type.BasicTypeRegistry               - Adding type registration imm_calendar_date -> org.hibernate.type.BasicTypeReference@497ed877
2025-10-11 12:20:41,388 [main] DEBUG org.hibernate.type.BasicTypeRegistry               - Adding type registration imm_calendar_time -> org.hibernate.type.BasicTypeReference@3cb6e0ee
2025-10-11 12:20:41,388 [main] DEBUG org.hibernate.type.BasicTypeRegistry               - Adding type registration imm_binary -> org.hibernate.type.BasicTypeReference@7b6141f0
2025-10-11 12:20:41,388 [main] DEBUG org.hibernate.type.BasicTypeRegistry               - Adding type registration imm_serializable -> org.hibernate.type.BasicTypeReference@4fb64a52
2025-10-11 12:20:41,517 [main] INFO  o.s.o.j.p.SpringPersistenceUnitInfo                - No LoadTimeWeaver setup: ignoring JPA class transformer
2025-10-11 12:20:41,549 [main] INFO  com.zaxxer.hikari.HikariDataSource                 - HikariPool-1 - Starting...
2025-10-11 12:20:42,080 [main] INFO  com.zaxxer.hikari.pool.HikariPool                  - HikariPool-1 - Added connection com.mysql.cj.jdbc.ConnectionImpl@269308cc
2025-10-11 12:20:42,081 [main] INFO  com.zaxxer.hikari.HikariDataSource                 - HikariPool-1 - Start completed.
2025-10-11 12:20:42,156 [main] WARN  org.hibernate.orm.deprecation                      - HHH90000025: MySQLDialect does not need to be specified explicitly using 'hibernate.dialect' (remove the property setting and it will be selected by default)
2025-10-11 12:20:42,172 [main] DEBUG o.h.t.descriptor.sql.spi.DdlTypeRegistry           - addDescriptor(12, org.hibernate.type.descriptor.sql.internal.CapacityDependentDdlType@3fd5d679) replaced previous registration(org.hibernate.type.descriptor.sql.internal.CapacityDependentDdlType@7aa15a80)
2025-10-11 12:20:42,172 [main] DEBUG o.h.t.descriptor.sql.spi.DdlTypeRegistry           - addDescriptor(-9, org.hibernate.type.descriptor.sql.internal.CapacityDependentDdlType@4d065e1a) replaced previous registration(org.hibernate.type.descriptor.sql.internal.CapacityDependentDdlType@7c4ca87c)
2025-10-11 12:20:42,172 [main] DEBUG o.h.t.descriptor.sql.spi.DdlTypeRegistry           - addDescriptor(-3, org.hibernate.type.descriptor.sql.internal.CapacityDependentDdlType@6dbbdf92) replaced previous registration(org.hibernate.type.descriptor.sql.internal.CapacityDependentDdlType@1dbeedff)
2025-10-11 12:20:42,172 [main] DEBUG o.h.t.descriptor.sql.spi.DdlTypeRegistry           - addDescriptor(4003, org.hibernate.type.descriptor.sql.internal.DdlTypeImpl@62b786dc) replaced previous registration(org.hibernate.type.descriptor.sql.internal.DdlTypeImpl@7ba1cdbe)
2025-10-11 12:20:42,172 [main] DEBUG o.h.t.descriptor.sql.spi.DdlTypeRegistry           - addDescriptor(4001, org.hibernate.type.descriptor.sql.internal.DdlTypeImpl@48d5ca17) replaced previous registration(org.hibernate.type.descriptor.sql.internal.DdlTypeImpl@226e07e7)
2025-10-11 12:20:42,172 [main] DEBUG o.h.t.descriptor.sql.spi.DdlTypeRegistry           - addDescriptor(4002, org.hibernate.type.descriptor.sql.internal.DdlTypeImpl@7c31e410) replaced previous registration(org.hibernate.type.descriptor.sql.internal.DdlTypeImpl@9880a15)
2025-10-11 12:20:42,172 [main] DEBUG o.h.t.descriptor.sql.spi.DdlTypeRegistry           - addDescriptor(2004, org.hibernate.type.descriptor.sql.internal.CapacityDependentDdlType@6febec41) replaced previous registration(org.hibernate.type.descriptor.sql.internal.DdlTypeImpl@3de88f64)
2025-10-11 12:20:42,172 [main] DEBUG o.h.t.descriptor.sql.spi.DdlTypeRegistry           - addDescriptor(2005, org.hibernate.type.descriptor.sql.internal.CapacityDependentDdlType@4e8afdad) replaced previous registration(org.hibernate.type.descriptor.sql.internal.DdlTypeImpl@79b8ecb)
2025-10-11 12:20:42,173 [main] DEBUG o.h.t.descriptor.sql.spi.DdlTypeRegistry           - addDescriptor(2011, org.hibernate.type.descriptor.sql.internal.CapacityDependentDdlType@3722f39d) replaced previous registration(org.hibernate.type.descriptor.sql.internal.DdlTypeImpl@4ec8d9b2)
2025-10-11 12:20:42,173 [main] DEBUG o.h.t.d.jdbc.spi.JdbcTypeRegistry                  - addDescriptor(NCharTypeDescriptor) replaced previous registration(CharTypeDescriptor)
2025-10-11 12:20:42,173 [main] DEBUG o.h.t.d.jdbc.spi.JdbcTypeRegistry                  - addDescriptor(NVarcharTypeDescriptor) replaced previous registration(VarcharTypeDescriptor)
2025-10-11 12:20:42,173 [main] DEBUG o.h.t.d.jdbc.spi.JdbcTypeRegistry                  - addDescriptor(LongNVarcharTypeDescriptor) replaced previous registration(LongVarcharTypeDescriptor)
2025-10-11 12:20:42,174 [main] DEBUG o.h.t.d.jdbc.spi.JdbcTypeRegistry                  - addDescriptor(NClobTypeDescriptor(DEFAULT)) replaced previous registration(ClobTypeDescriptor(DEFAULT))
2025-10-11 12:20:42,174 [main] DEBUG o.h.t.d.jdbc.spi.JdbcTypeRegistry                  - addDescriptor(2005, ClobTypeDescriptor(STREAM_BINDING)) replaced previous registration(ClobTypeDescriptor(DEFAULT))
2025-10-11 12:20:42,176 [main] DEBUG org.hibernate.type.BasicTypeRegistry               - Adding type registration null -> org.hibernate.type.NullType@18513c23
2025-10-11 12:20:42,177 [main] DEBUG org.hibernate.type.BasicTypeRegistry               - Type registration key [null] overrode previous entry : `org.hibernate.type.NullType@3a788fe0`
2025-10-11 12:20:42,187 [main] DEBUG org.hibernate.type.BasicTypeRegistry               - Adding type registration org.hibernate.type.DurationType -> basicType@1(java.time.Duration,3015)
2025-10-11 12:20:42,192 [main] DEBUG org.hibernate.type.BasicTypeRegistry               - Adding type registration Duration -> basicType@1(java.time.Duration,3015)
2025-10-11 12:20:42,192 [main] DEBUG org.hibernate.type.BasicTypeRegistry               - Adding type registration java.time.Duration -> basicType@1(java.time.Duration,3015)
2025-10-11 12:20:42,211 [main] DEBUG org.hibernate.type.BasicTypeRegistry               - Adding type registration org.hibernate.type.OffsetDateTimeType -> basicType@2(java.time.OffsetDateTime,3003)
2025-10-11 12:20:42,212 [main] DEBUG org.hibernate.type.BasicTypeRegistry               - Adding type registration OffsetDateTime -> basicType@2(java.time.OffsetDateTime,3003)
2025-10-11 12:20:42,212 [main] DEBUG org.hibernate.type.BasicTypeRegistry               - Adding type registration java.time.OffsetDateTime -> basicType@2(java.time.OffsetDateTime,3003)
2025-10-11 12:20:42,214 [main] DEBUG org.hibernate.type.BasicTypeRegistry               - Adding type registration org.hibernate.type.ZonedDateTimeType -> basicType@3(java.time.ZonedDateTime,3003)
2025-10-11 12:20:42,215 [main] DEBUG org.hibernate.type.BasicTypeRegistry               - Adding type registration ZonedDateTime -> basicType@3(java.time.ZonedDateTime,3003)
2025-10-11 12:20:42,215 [main] DEBUG org.hibernate.type.BasicTypeRegistry               - Adding type registration java.time.ZonedDateTime -> basicType@3(java.time.ZonedDateTime,3003)
2025-10-11 12:20:42,221 [main] DEBUG org.hibernate.type.BasicTypeRegistry               - Adding type registration org.hibernate.type.OffsetTimeType -> basicType@4(java.time.OffsetTime,3007)
2025-10-11 12:20:42,224 [main] DEBUG org.hibernate.type.BasicTypeRegistry               - Adding type registration OffsetTime -> basicType@4(java.time.OffsetTime,3007)
2025-10-11 12:20:42,230 [main] DEBUG org.hibernate.type.BasicTypeRegistry               - Adding type registration java.time.OffsetTime -> basicType@4(java.time.OffsetTime,3007)
2025-10-11 12:20:42,256 [main] DEBUG o.h.type.spi.TypeConfiguration$Scope               - Scoping TypeConfiguration [org.hibernate.type.spi.TypeConfiguration@8debe42] to MetadataBuildingContext [org.hibernate.boot.internal.MetadataBuildingContextRootImpl@70c31b17]
2025-10-11 12:20:43,096 [main] INFO  o.h.e.t.j.p.i.JtaPlatformInitiator                 - HHH000489: No JTA platform available (set 'hibernate.transaction.jta.platform' to enable JTA platform integration)
2025-10-11 12:20:43,097 [main] DEBUG o.h.type.spi.TypeConfiguration$Scope               - Scoping TypeConfiguration [org.hibernate.type.spi.TypeConfiguration@8debe42] to SessionFactoryImplementor [org.hibernate.internal.SessionFactoryImpl@2fe2fcc2]
2025-10-11 12:20:43,263 [main] DEBUG org.hibernate.SQL                                  - alter table employee add column address_id bigint
2025-10-11 12:20:43,340 [main] DEBUG org.hibernate.SQL                                  - alter table employee drop index UK_qrbsk9ljmhfje93me0n7xwdxq
2025-10-11 12:20:43,395 [main] DEBUG org.hibernate.SQL                                  - alter table employee add constraint UK_qrbsk9ljmhfje93me0n7xwdxq unique (address_id)
2025-10-11 12:20:43,568 [main] DEBUG org.hibernate.SQL                                  - alter table employee add constraint FKga73hdtpb67twlr9c1i337tyt foreign key (address_id) references address (id)
2025-10-11 12:20:43,668 [main] TRACE o.h.type.spi.TypeConfiguration$Scope               - Handling #sessionFactoryCreated from [org.hibernate.internal.SessionFactoryImpl@2fe2fcc2] for TypeConfiguration
2025-10-11 12:20:43,668 [main] INFO  o.s.o.j.LocalContainerEntityManagerFactoryBean     - Initialized JPA EntityManagerFactory for persistence unit 'default'
2025-10-11 12:20:44,012 [main] INFO  o.s.d.j.r.query.QueryEnhancerFactory               - Hibernate is in classpath; If applicable, HQL parser will be used.
2025-10-11 12:20:44,226 [main] WARN  o.s.b.a.o.j.JpaBaseConfiguration$JpaWebConfiguration - spring.jpa.open-in-view is enabled by default. Therefore, database queries may be performed during view rendering. Explicitly configure spring.jpa.open-in-view to disable this warning
2025-10-11 12:20:45,089 [main] INFO  o.apache.coyote.http11.Http11NioProtocol           - Starting ProtocolHandler ["http-nio-8090"]
2025-10-11 12:20:45,104 [main] INFO  o.s.b.w.embedded.tomcat.TomcatWebServer            - Tomcat started on port 8090 (http) with context path ''
2025-10-11 12:20:45,111 [main] INFO  com.Rest.API.RestApiApplication                    - Started RestApiApplication in 5.995 seconds (process running for 6.835)
2025-10-11 12:29:07,182 [HikariPool-1 housekeeper] WARN  com.zaxxer.hikari.pool.HikariPool                  - HikariPool-1 - Thread starvation or clock leap detected (housekeeper delta=54s898ms).
2025-10-11 12:30:35,913 [HikariPool-1 housekeeper] WARN  com.zaxxer.hikari.pool.HikariPool                  - HikariPool-1 - Thread starvation or clock leap detected (housekeeper delta=1m28s747ms).
2025-10-11 14:00:38,052 [HikariPool-1 housekeeper] WARN  com.zaxxer.hikari.pool.HikariPool                  - HikariPool-1 - Thread starvation or clock leap detected (housekeeper delta=1h30m2s113ms).
2025-10-11 14:06:32,830 [http-nio-8090-exec-1] INFO  o.a.c.c.C.[Tomcat].[localhost].[/]                 - Initializing Spring DispatcherServlet 'dispatcherServlet'
2025-10-11 14:06:32,835 [http-nio-8090-exec-1] INFO  o.s.web.servlet.DispatcherServlet                  - Initializing Servlet 'dispatcherServlet'
2025-10-11 14:06:32,931 [http-nio-8090-exec-1] INFO  o.s.web.servlet.DispatcherServlet                  - Completed initialization in 95 ms
2025-10-11 14:06:33,352 [http-nio-8090-exec-1] DEBUG org.hibernate.SQL                                  - select e1_0.id,e1_0.address_id,e1_0.age,e1_0.employee_name from employee e1_0
2025-10-11 14:06:41,821 [http-nio-8090-exec-3] DEBUG org.hibernate.SQL                                  - select next_val as id_val from address_seq for update
2025-10-11 14:06:41,870 [http-nio-8090-exec-3] DEBUG org.hibernate.SQL                                  - update address_seq set next_val= ? where next_val=?
2025-10-11 14:06:41,902 [http-nio-8090-exec-3] DEBUG org.hibernate.SQL                                  - insert into address (employee_id,postal_code,street_name,id) values (?,?,?,?)
2025-10-11 14:06:41,939 [http-nio-8090-exec-3] DEBUG org.hibernate.SQL                                  - select next_val as id_val from employee_seq for update
2025-10-11 14:06:41,942 [http-nio-8090-exec-3] DEBUG org.hibernate.SQL                                  - update employee_seq set next_val= ? where next_val=?
2025-10-11 14:06:41,949 [http-nio-8090-exec-3] DEBUG org.hibernate.SQL                                  - insert into employee (address_id,age,employee_name,id) values (?,?,?,?)
2025-10-11 14:06:48,333 [http-nio-8090-exec-4] DEBUG org.hibernate.SQL                                  - select e1_0.id,e1_0.address_id,e1_0.age,e1_0.employee_name from employee e1_0
2025-10-11 14:06:48,343 [http-nio-8090-exec-4] DEBUG org.hibernate.SQL                                  - select a1_0.id,e1_0.id,a2_0.id,a2_0.employee_id,a2_0.postal_code,a2_0.street_name,e1_0.age,e1_0.employee_name,a1_0.postal_code,a1_0.street_name from address a1_0 left join employee e1_0 on e1_0.id=a1_0.employee_id left join address a2_0 on a2_0.id=e1_0.address_id where a1_0.id=?
2025-10-11 14:40:11,409 [http-nio-8090-exec-6] DEBUG org.hibernate.SQL                                  - select e1_0.id,e1_0.address_id,e1_0.age,e1_0.employee_name from employee e1_0
2025-10-11 14:40:11,477 [http-nio-8090-exec-6] DEBUG org.hibernate.SQL                                  - select a1_0.id,e1_0.id,a2_0.id,a2_0.employee_id,a2_0.postal_code,a2_0.street_name,e1_0.age,e1_0.employee_name,a1_0.postal_code,a1_0.street_name from address a1_0 left join employee e1_0 on e1_0.id=a1_0.employee_id left join address a2_0 on a2_0.id=e1_0.address_id where a1_0.id=?
2025-10-11 14:44:34,808 [http-nio-8090-exec-9] DEBUG org.hibernate.SQL                                  - select e1_0.id,e1_0.address_id,e1_0.age,e1_0.employee_name from employee e1_0
2025-10-11 14:44:34,813 [http-nio-8090-exec-9] DEBUG org.hibernate.SQL                                  - select a1_0.id,e1_0.id,a2_0.id,a2_0.employee_id,a2_0.postal_code,a2_0.street_name,e1_0.age,e1_0.employee_name,a1_0.postal_code,a1_0.street_name from address a1_0 left join employee e1_0 on e1_0.id=a1_0.employee_id left join address a2_0 on a2_0.id=e1_0.address_id where a1_0.id=?
2025-10-11 14:46:34,386 [http-nio-8090-exec-2] DEBUG org.hibernate.SQL                                  - select e1_0.id,e1_0.address_id,e1_0.age,e1_0.employee_name from employee e1_0
2025-10-11 14:46:34,394 [http-nio-8090-exec-2] DEBUG org.hibernate.SQL                                  - select a1_0.id,e1_0.id,a2_0.id,a2_0.employee_id,a2_0.postal_code,a2_0.street_name,e1_0.age,e1_0.employee_name,a1_0.postal_code,a1_0.street_name from address a1_0 left join employee e1_0 on e1_0.id=a1_0.employee_id left join address a2_0 on a2_0.id=e1_0.address_id where a1_0.id=?
2025-10-11 14:46:34,435 [http-nio-8090-exec-3] DEBUG org.hibernate.SQL                                  - select e1_0.id,e1_0.address_id,e1_0.age,e1_0.employee_name from employee e1_0
2025-10-11 14:46:34,437 [http-nio-8090-exec-3] DEBUG org.hibernate.SQL                                  - select a1_0.id,e1_0.id,a2_0.id,a2_0.employee_id,a2_0.postal_code,a2_0.street_name,e1_0.age,e1_0.employee_name,a1_0.postal_code,a1_0.street_name from address a1_0 left join employee e1_0 on e1_0.id=a1_0.employee_id left join address a2_0 on a2_0.id=e1_0.address_id where a1_0.id=?
2025-10-11 14:47:41,766 [http-nio-8090-exec-7] DEBUG org.hibernate.SQL                                  - select e1_0.id,e1_0.address_id,e1_0.age,e1_0.employee_name from employee e1_0
2025-10-11 14:47:41,787 [http-nio-8090-exec-7] DEBUG org.hibernate.SQL                                  - select a1_0.id,e1_0.id,a2_0.id,a2_0.employee_id,a2_0.postal_code,a2_0.street_name,e1_0.age,e1_0.employee_name,a1_0.postal_code,a1_0.street_name from address a1_0 left join employee e1_0 on e1_0.id=a1_0.employee_id left join address a2_0 on a2_0.id=e1_0.address_id where a1_0.id=?
2025-10-11 14:47:41,813 [http-nio-8090-exec-6] DEBUG org.hibernate.SQL                                  - select e1_0.id,e1_0.address_id,e1_0.age,e1_0.employee_name from employee e1_0
2025-10-11 14:47:41,817 [http-nio-8090-exec-6] DEBUG org.hibernate.SQL                                  - select a1_0.id,e1_0.id,a2_0.id,a2_0.employee_id,a2_0.postal_code,a2_0.street_name,e1_0.age,e1_0.employee_name,a1_0.postal_code,a1_0.street_name from address a1_0 left join employee e1_0 on e1_0.id=a1_0.employee_id left join address a2_0 on a2_0.id=e1_0.address_id where a1_0.id=?
2025-10-11 14:52:08,292 [main] INFO  com.Rest.API.RestApiApplication                    - Starting RestApiApplication using Java 23.0.2 with PID 63858 (/Users/dineshchandgeetharavichandran/Desktop/Dinesh/Project/Spring-Rest-API/Spring-Boot-Rest-API/target/classes started by dineshchandgeetharavichandran in /Users/dineshchandgeetharavichandran/Desktop/Dinesh/Project/Spring-Rest-API/Spring-Boot-Rest-API)
2025-10-11 14:52:08,293 [main] DEBUG com.Rest.API.RestApiApplication                    - Running with Spring Boot v3.2.4, Spring v6.1.5
2025-10-11 14:52:08,294 [main] INFO  com.Rest.API.RestApiApplication                    - No active profile set, falling back to 1 default profile: "default"
2025-10-11 14:52:08,702 [main] INFO  o.s.d.r.c.RepositoryConfigurationDelegate          - Bootstrapping Spring Data JPA repositories in DEFAULT mode.
2025-10-11 14:52:08,741 [main] INFO  o.s.d.r.c.RepositoryConfigurationDelegate          - Finished Spring Data repository scanning in 35 ms. Found 3 JPA repository interfaces.
2025-10-11 14:52:08,990 [main] INFO  o.s.b.w.embedded.tomcat.TomcatWebServer            - Tomcat initialized with port 8090 (http)
2025-10-11 14:52:08,995 [main] INFO  o.apache.coyote.http11.Http11NioProtocol           - Initializing ProtocolHandler ["http-nio-8090"]
2025-10-11 14:52:08,996 [main] INFO  o.apache.catalina.core.StandardService             - Starting service [Tomcat]
2025-10-11 14:52:08,996 [main] INFO  org.apache.catalina.core.StandardEngine            - Starting Servlet engine: [Apache Tomcat/10.1.19]
2025-10-11 14:52:09,027 [main] INFO  o.a.c.c.C.[Tomcat].[localhost].[/]                 - Initializing Spring embedded WebApplicationContext
2025-10-11 14:52:09,027 [main] INFO  o.s.b.w.s.c.ServletWebServerApplicationContext     - Root WebApplicationContext: initialization completed in 708 ms
2025-10-11 14:52:09,103 [main] INFO  o.hibernate.jpa.internal.util.LogHelper            - HHH000204: Processing PersistenceUnitInfo [name: default]
2025-10-11 14:52:09,132 [main] INFO  org.hibernate.Version                              - HHH000412: Hibernate ORM core version 6.4.4.Final
2025-10-11 14:52:09,147 [main] INFO  o.h.c.internal.RegionFactoryInitiator              - HHH000026: Second-level cache disabled
2025-10-11 14:52:09,180 [main] DEBUG org.hibernate.type.BasicTypeRegistry               - Adding type registration boolean -> org.hibernate.type.BasicTypeReference@4f664bee
2025-10-11 14:52:09,180 [main] DEBUG org.hibernate.type.BasicTypeRegistry               - Adding type registration boolean -> org.hibernate.type.BasicTypeReference@4f664bee
2025-10-11 14:52:09,180 [main] DEBUG org.hibernate.type.BasicTypeRegistry               - Adding type registration java.lang.Boolean -> org.hibernate.type.BasicTypeReference@4f664bee
2025-10-11 14:52:09,180 [main] DEBUG org.hibernate.type.BasicTypeRegistry               - Adding type registration numeric_boolean -> org.hibernate.type.BasicTypeReference@76563ae7
2025-10-11 14:52:09,180 [main] DEBUG org.hibernate.type.BasicTypeRegistry               - Adding type registration org.hibernate.type.NumericBooleanConverter -> org.hibernate.type.BasicTypeReference@76563ae7
2025-10-11 14:52:09,180 [main] DEBUG org.hibernate.type.BasicTypeRegistry               - Adding type registration true_false -> org.hibernate.type.BasicTypeReference@4fd74223
2025-10-11 14:52:09,180 [main] DEBUG org.hibernate.type.BasicTypeRegistry               - Adding type registration org.hibernate.type.TrueFalseConverter -> org.hibernate.type.BasicTypeReference@4fd74223
2025-10-11 14:52:09,180 [main] DEBUG org.hibernate.type.BasicTypeRegistry               - Adding type registration yes_no -> org.hibernate.type.BasicTypeReference@4fea840f
2025-10-11 14:52:09,180 [main] DEBUG org.hibernate.type.BasicTypeRegistry               - Adding type registration org.hibernate.type.YesNoConverter -> org.hibernate.type.BasicTypeReference@4fea840f
2025-10-11 14:52:09,180 [main] DEBUG org.hibernate.type.BasicTypeRegistry               - Adding type registration byte -> org.hibernate.type.BasicTypeReference@32ae8f27
2025-10-11 14:52:09,180 [main] DEBUG org.hibernate.type.BasicTypeRegistry               - Adding type registration byte -> org.hibernate.type.BasicTypeReference@32ae8f27
2025-10-11 14:52:09,180 [main] DEBUG org.hibernate.type.BasicTypeRegistry               - Adding type registration java.lang.Byte -> org.hibernate.type.BasicTypeReference@32ae8f27
2025-10-11 14:52:09,180 [main] DEBUG org.hibernate.type.BasicTypeRegistry               - Adding type registration binary -> org.hibernate.type.BasicTypeReference@75e80a97
2025-10-11 14:52:09,180 [main] DEBUG org.hibernate.type.BasicTypeRegistry               - Adding type registration byte[] -> org.hibernate.type.BasicTypeReference@75e80a97
2025-10-11 14:52:09,180 [main] DEBUG org.hibernate.type.BasicTypeRegistry               - Adding type registration [B -> org.hibernate.type.BasicTypeReference@75e80a97
2025-10-11 14:52:09,180 [main] DEBUG org.hibernate.type.BasicTypeRegistry               - Adding type registration binary_wrapper -> org.hibernate.type.BasicTypeReference@5b8853
2025-10-11 14:52:09,180 [main] DEBUG org.hibernate.type.BasicTypeRegistry               - Adding type registration wrapper-binary -> org.hibernate.type.BasicTypeReference@5b8853
2025-10-11 14:52:09,180 [main] DEBUG org.hibernate.type.BasicTypeRegistry               - Adding type registration image -> org.hibernate.type.BasicTypeReference@1b8aaeab
2025-10-11 14:52:09,180 [main] DEBUG org.hibernate.type.BasicTypeRegistry               - Adding type registration blob -> org.hibernate.type.BasicTypeReference@5d1bdd4a
2025-10-11 14:52:09,180 [main] DEBUG org.hibernate.type.BasicTypeRegistry               - Adding type registration java.sql.Blob -> org.hibernate.type.BasicTypeReference@5d1bdd4a
2025-10-11 14:52:09,181 [main] DEBUG org.hibernate.type.BasicTypeRegistry               - Adding type registration materialized_blob -> org.hibernate.type.BasicTypeReference@6812c8cc
2025-10-11 14:52:09,181 [main] DEBUG org.hibernate.type.BasicTypeRegistry               - Adding type registration materialized_blob_wrapper -> org.hibernate.type.BasicTypeReference@3457cc8d
2025-10-11 14:52:09,181 [main] DEBUG org.hibernate.type.BasicTypeRegistry               - Adding type registration short -> org.hibernate.type.BasicTypeReference@7a66c35a
2025-10-11 14:52:09,181 [main] DEBUG org.hibernate.type.BasicTypeRegistry               - Adding type registration short -> org.hibernate.type.BasicTypeReference@7a66c35a
2025-10-11 14:52:09,181 [main] DEBUG org.hibernate.type.BasicTypeRegistry               - Adding type registration java.lang.Short -> org.hibernate.type.BasicTypeReference@7a66c35a
2025-10-11 14:52:09,181 [main] DEBUG org.hibernate.type.BasicTypeRegistry               - Adding type registration integer -> org.hibernate.type.BasicTypeReference@7994a0d1
2025-10-11 14:52:09,181 [main] DEBUG org.hibernate.type.BasicTypeRegistry               - Adding type registration int -> org.hibernate.type.BasicTypeReference@7994a0d1
2025-10-11 14:52:09,181 [main] DEBUG org.hibernate.type.BasicTypeRegistry               - Adding type registration java.lang.Integer -> org.hibernate.type.BasicTypeReference@7994a0d1
2025-10-11 14:52:09,181 [main] DEBUG org.hibernate.type.BasicTypeRegistry               - Adding type registration long -> org.hibernate.type.BasicTypeReference@73e4387
2025-10-11 14:52:09,181 [main] DEBUG org.hibernate.type.BasicTypeRegistry               - Adding type registration long -> org.hibernate.type.BasicTypeReference@73e4387
2025-10-11 14:52:09,181 [main] DEBUG org.hibernate.type.BasicTypeRegistry               - Adding type registration java.lang.Long -> org.hibernate.type.BasicTypeReference@73e4387
2025-10-11 14:52:09,181 [main] DEBUG org.hibernate.type.BasicTypeRegistry               - Adding type registration float -> org.hibernate.type.BasicTypeReference@d87d449
2025-10-11 14:52:09,181 [main] DEBUG org.hibernate.type.BasicTypeRegistry               - Adding type registration float -> org.hibernate.type.BasicTypeReference@d87d449
2025-10-11 14:52:09,181 [main] DEBUG org.hibernate.type.BasicTypeRegistry               - Adding type registration java.lang.Float -> org.hibernate.type.BasicTypeReference@d87d449
2025-10-11 14:52:09,181 [main] DEBUG org.hibernate.type.BasicTypeRegistry               - Adding type registration double -> org.hibernate.type.BasicTypeReference@4137aab0
2025-10-11 14:52:09,181 [main] DEBUG org.hibernate.type.BasicTypeRegistry               - Adding type registration double -> org.hibernate.type.BasicTypeReference@4137aab0
2025-10-11 14:52:09,181 [main] DEBUG org.hibernate.type.BasicTypeRegistry               - Adding type registration java.lang.Double -> org.hibernate.type.BasicTypeReference@4137aab0
2025-10-11 14:52:09,181 [main] DEBUG org.hibernate.type.BasicTypeRegistry               - Adding type registration big_integer -> org.hibernate.type.BasicTypeReference@1df9186f
2025-10-11 14:52:09,181 [main] DEBUG org.hibernate.type.BasicTypeRegistry               - Adding type registration java.math.BigInteger -> org.hibernate.type.BasicTypeReference@1df9186f
2025-10-11 14:52:09,181 [main] DEBUG org.hibernate.type.BasicTypeRegistry               - Adding type registration big_decimal -> org.hibernate.type.BasicTypeReference@682e422c
2025-10-11 14:52:09,181 [main] DEBUG org.hibernate.type.BasicTypeRegistry               - Adding type registration java.math.BigDecimal -> org.hibernate.type.BasicTypeReference@682e422c
2025-10-11 14:52:09,181 [main] DEBUG org.hibernate.type.BasicTypeRegistry               - Adding type registration character -> org.hibernate.type.BasicTypeReference@5bb8e6fc
2025-10-11 14:52:09,181 [main] DEBUG org.hibernate.type.BasicTypeRegistry               - Adding type registration char -> org.hibernate.type.BasicTypeReference@5bb8e6fc
2025-10-11 14:52:09,181 [main] DEBUG org.hibernate.type.BasicTypeRegistry               - Adding type registration java.lang.Character -> org.hibernate.type.BasicTypeReference@5bb8e6fc
2025-10-11 14:52:09,181 [main] DEBUG org.hibernate.type.BasicTypeRegistry               - Adding type registration character_nchar -> org.hibernate.type.BasicTypeReference@2726a511
2025-10-11 14:52:09,181 [main] DEBUG org.hibernate.type.BasicTypeRegistry               - Adding type registration string -> org.hibernate.type.BasicTypeReference@72c9ebfa
2025-10-11 14:52:09,181 [main] DEBUG org.hibernate.type.BasicTypeRegistry               - Adding type registration java.lang.String -> org.hibernate.type.BasicTypeReference@72c9ebfa
2025-10-11 14:52:09,181 [main] DEBUG org.hibernate.type.BasicTypeRegistry               - Adding type registration nstring -> org.hibernate.type.BasicTypeReference@686cf8ad
2025-10-11 14:52:09,181 [main] DEBUG org.hibernate.type.BasicTypeRegistry               - Adding type registration characters -> org.hibernate.type.BasicTypeReference@747f6c5a
2025-10-11 14:52:09,181 [main] DEBUG org.hibernate.type.BasicTypeRegistry               - Adding type registration char[] -> org.hibernate.type.BasicTypeReference@747f6c5a
2025-10-11 14:52:09,182 [main] DEBUG org.hibernate.type.BasicTypeRegistry               - Adding type registration [C -> org.hibernate.type.BasicTypeReference@747f6c5a
2025-10-11 14:52:09,182 [main] DEBUG org.hibernate.type.BasicTypeRegistry               - Adding type registration wrapper-characters -> org.hibernate.type.BasicTypeReference@66e341e9
2025-10-11 14:52:09,182 [main] DEBUG org.hibernate.type.BasicTypeRegistry               - Adding type registration text -> org.hibernate.type.BasicTypeReference@5b48f0f4
2025-10-11 14:52:09,182 [main] DEBUG org.hibernate.type.BasicTypeRegistry               - Adding type registration ntext -> org.hibernate.type.BasicTypeReference@546ed2a0
2025-10-11 14:52:09,182 [main] DEBUG org.hibernate.type.BasicTypeRegistry               - Adding type registration clob -> org.hibernate.type.BasicTypeReference@5bfc79cb
2025-10-11 14:52:09,182 [main] DEBUG org.hibernate.type.BasicTypeRegistry               - Adding type registration java.sql.Clob -> org.hibernate.type.BasicTypeReference@5bfc79cb
2025-10-11 14:52:09,182 [main] DEBUG org.hibernate.type.BasicTypeRegistry               - Adding type registration nclob -> org.hibernate.type.BasicTypeReference@27ec8754
2025-10-11 14:52:09,182 [main] DEBUG org.hibernate.type.BasicTypeRegistry               - Adding type registration java.sql.NClob -> org.hibernate.type.BasicTypeReference@27ec8754
2025-10-11 14:52:09,182 [main] DEBUG org.hibernate.type.BasicTypeRegistry               - Adding type registration materialized_clob -> org.hibernate.type.BasicTypeReference@3bbf1c0d
2025-10-11 14:52:09,182 [main] DEBUG org.hibernate.type.BasicTypeRegistry               - Adding type registration materialized_clob_char_array -> org.hibernate.type.BasicTypeReference@19662208
2025-10-11 14:52:09,182 [main] DEBUG org.hibernate.type.BasicTypeRegistry               - Adding type registration materialized_clob_character_array -> org.hibernate.type.BasicTypeReference@216c22ce
2025-10-11 14:52:09,182 [main] DEBUG org.hibernate.type.BasicTypeRegistry               - Adding type registration materialized_nclob -> org.hibernate.type.BasicTypeReference@62f9c790
2025-10-11 14:52:09,182 [main] DEBUG org.hibernate.type.BasicTypeRegistry               - Adding type registration materialized_nclob_character_array -> org.hibernate.type.BasicTypeReference@21e5f0b6
2025-10-11 14:52:09,182 [main] DEBUG org.hibernate.type.BasicTypeRegistry               - Adding type registration materialized_nclob_char_array -> org.hibernate.type.BasicTypeReference@93bf0e0
2025-10-11 14:52:09,182 [main] DEBUG org.hibernate.type.BasicTypeRegistry               - Adding type registration Duration -> org.hibernate.type.BasicTypeReference@4981d95b
2025-10-11 14:52:09,182 [main] DEBUG org.hibernate.type.BasicTypeRegistry               - Adding type registration java.time.Duration -> org.hibernate.type.BasicTypeReference@4981d95b
2025-10-11 14:52:09,182 [main] DEBUG org.hibernate.type.BasicTypeRegistry               - Adding type registration LocalDateTime -> org.hibernate.type.BasicTypeReference@656842bc
2025-10-11 14:52:09,182 [main] DEBUG org.hibernate.type.BasicTypeRegistry               - Adding type registration java.time.LocalDateTime -> org.hibernate.type.BasicTypeReference@656842bc
2025-10-11 14:52:09,182 [main] DEBUG org.hibernate.type.BasicTypeRegistry               - Adding type registration LocalDate -> org.hibernate.type.BasicTypeReference@6b867ee7
2025-10-11 14:52:09,182 [main] DEBUG org.hibernate.type.BasicTypeRegistry               - Adding type registration java.time.LocalDate -> org.hibernate.type.BasicTypeReference@6b867ee7
2025-10-11 14:52:09,182 [main] DEBUG org.hibernate.type.BasicTypeRegistry               - Adding type registration LocalTime -> org.hibernate.type.BasicTypeReference@3dec3f87
2025-10-11 14:52:09,182 [main] DEBUG org.hibernate.type.BasicTypeRegistry               - Adding type registration java.time.LocalTime -> org.hibernate.type.BasicTypeReference@3dec3f87
2025-10-11 14:52:09,182 [main] DEBUG org.hibernate.type.BasicTypeRegistry               - Adding type registration OffsetDateTime -> org.hibernate.type.BasicTypeReference@7a606260
2025-10-11 14:52:09,183 [main] DEBUG org.hibernate.type.BasicTypeRegistry               - Adding type registration java.time.OffsetDateTime -> org.hibernate.type.BasicTypeReference@7a606260
2025-10-11 14:52:09,183 [main] DEBUG org.hibernate.type.BasicTypeRegistry               - Adding type registration OffsetDateTimeWithTimezone -> org.hibernate.type.BasicTypeReference@5dbab232
2025-10-11 14:52:09,183 [main] DEBUG org.hibernate.type.BasicTypeRegistry               - Adding type registration OffsetDateTimeWithoutTimezone -> org.hibernate.type.BasicTypeReference@5939e24
2025-10-11 14:52:09,183 [main] DEBUG org.hibernate.type.BasicTypeRegistry               - Adding type registration OffsetTime -> org.hibernate.type.BasicTypeReference@595f9916
2025-10-11 14:52:09,183 [main] DEBUG org.hibernate.type.BasicTypeRegistry               - Adding type registration java.time.OffsetTime -> org.hibernate.type.BasicTypeReference@595f9916
2025-10-11 14:52:09,183 [main] DEBUG org.hibernate.type.BasicTypeRegistry               - Adding type registration OffsetTimeUtc -> org.hibernate.type.BasicTypeReference@2055833f
2025-10-11 14:52:09,183 [main] DEBUG org.hibernate.type.BasicTypeRegistry               - Adding type registration OffsetTimeWithTimezone -> org.hibernate.type.BasicTypeReference@28768e25
2025-10-11 14:52:09,183 [main] DEBUG org.hibernate.type.BasicTypeRegistry               - Adding type registration OffsetTimeWithoutTimezone -> org.hibernate.type.BasicTypeReference@310d57b1
2025-10-11 14:52:09,183 [main] DEBUG org.hibernate.type.BasicTypeRegistry               - Adding type registration ZonedDateTime -> org.hibernate.type.BasicTypeReference@143fefaf
2025-10-11 14:52:09,183 [main] DEBUG org.hibernate.type.BasicTypeRegistry               - Adding type registration java.time.ZonedDateTime -> org.hibernate.type.BasicTypeReference@143fefaf
2025-10-11 14:52:09,183 [main] DEBUG org.hibernate.type.BasicTypeRegistry               - Adding type registration ZonedDateTimeWithTimezone -> org.hibernate.type.BasicTypeReference@18ffca6c
2025-10-11 14:52:09,183 [main] DEBUG org.hibernate.type.BasicTypeRegistry               - Adding type registration ZonedDateTimeWithoutTimezone -> org.hibernate.type.BasicTypeReference@46468f0
2025-10-11 14:52:09,183 [main] DEBUG org.hibernate.type.BasicTypeRegistry               - Adding type registration date -> org.hibernate.type.BasicTypeReference@5f8f1712
2025-10-11 14:52:09,183 [main] DEBUG org.hibernate.type.BasicTypeRegistry               - Adding type registration java.sql.Date -> org.hibernate.type.BasicTypeReference@5f8f1712
2025-10-11 14:52:09,183 [main] DEBUG org.hibernate.type.BasicTypeRegistry               - Adding type registration time -> org.hibernate.type.BasicTypeReference@34a6d9db
2025-10-11 14:52:09,183 [main] DEBUG org.hibernate.type.BasicTypeRegistry               - Adding type registration java.sql.Time -> org.hibernate.type.BasicTypeReference@34a6d9db
2025-10-11 14:52:09,183 [main] DEBUG org.hibernate.type.BasicTypeRegistry               - Adding type registration timestamp -> org.hibernate.type.BasicTypeReference@52ecc989
2025-10-11 14:52:09,183 [main] DEBUG org.hibernate.type.BasicTypeRegistry               - Adding type registration java.sql.Timestamp -> org.hibernate.type.BasicTypeReference@52ecc989
2025-10-11 14:52:09,183 [main] DEBUG org.hibernate.type.BasicTypeRegistry               - Adding type registration java.util.Date -> org.hibernate.type.BasicTypeReference@52ecc989
2025-10-11 14:52:09,183 [main] DEBUG org.hibernate.type.BasicTypeRegistry               - Adding type registration calendar -> org.hibernate.type.BasicTypeReference@756808cc
2025-10-11 14:52:09,183 [main] DEBUG org.hibernate.type.BasicTypeRegistry               - Adding type registration java.util.Calendar -> org.hibernate.type.BasicTypeReference@756808cc
2025-10-11 14:52:09,183 [main] DEBUG org.hibernate.type.BasicTypeRegistry               - Adding type registration java.util.GregorianCalendar -> org.hibernate.type.BasicTypeReference@756808cc
2025-10-11 14:52:09,183 [main] DEBUG org.hibernate.type.BasicTypeRegistry               - Adding type registration calendar_date -> org.hibernate.type.BasicTypeReference@52f8a6f4
2025-10-11 14:52:09,183 [main] DEBUG org.hibernate.type.BasicTypeRegistry               - Adding type registration calendar_time -> org.hibernate.type.BasicTypeReference@5012c571
2025-10-11 14:52:09,183 [main] DEBUG org.hibernate.type.BasicTypeRegistry               - Adding type registration instant -> org.hibernate.type.BasicTypeReference@6486fe7b
2025-10-11 14:52:09,183 [main] DEBUG org.hibernate.type.BasicTypeRegistry               - Adding type registration java.time.Instant -> org.hibernate.type.BasicTypeReference@6486fe7b
2025-10-11 14:52:09,183 [main] DEBUG org.hibernate.type.BasicTypeRegistry               - Adding type registration uuid -> org.hibernate.type.BasicTypeReference@511da44f
2025-10-11 14:52:09,183 [main] DEBUG org.hibernate.type.BasicTypeRegistry               - Adding type registration java.util.UUID -> org.hibernate.type.BasicTypeReference@511da44f
2025-10-11 14:52:09,183 [main] DEBUG org.hibernate.type.BasicTypeRegistry               - Adding type registration pg-uuid -> org.hibernate.type.BasicTypeReference@511da44f
2025-10-11 14:52:09,183 [main] DEBUG org.hibernate.type.BasicTypeRegistry               - Adding type registration uuid-binary -> org.hibernate.type.BasicTypeReference@4645679e
2025-10-11 14:52:09,183 [main] DEBUG org.hibernate.type.BasicTypeRegistry               - Adding type registration uuid-char -> org.hibernate.type.BasicTypeReference@3a0b6a
2025-10-11 14:52:09,183 [main] DEBUG org.hibernate.type.BasicTypeRegistry               - Adding type registration class -> org.hibernate.type.BasicTypeReference@539c4830
2025-10-11 14:52:09,183 [main] DEBUG org.hibernate.type.BasicTypeRegistry               - Adding type registration java.lang.Class -> org.hibernate.type.BasicTypeReference@539c4830
2025-10-11 14:52:09,183 [main] DEBUG org.hibernate.type.BasicTypeRegistry               - Adding type registration currency -> org.hibernate.type.BasicTypeReference@6f1fa1d0
2025-10-11 14:52:09,184 [main] DEBUG org.hibernate.type.BasicTypeRegistry               - Adding type registration Currency -> org.hibernate.type.BasicTypeReference@6f1fa1d0
2025-10-11 14:52:09,184 [main] DEBUG org.hibernate.type.BasicTypeRegistry               - Adding type registration java.util.Currency -> org.hibernate.type.BasicTypeReference@6f1fa1d0
2025-10-11 14:52:09,184 [main] DEBUG org.hibernate.type.BasicTypeRegistry               - Adding type registration locale -> org.hibernate.type.BasicTypeReference@28b523a
2025-10-11 14:52:09,184 [main] DEBUG org.hibernate.type.BasicTypeRegistry               - Adding type registration java.util.Locale -> org.hibernate.type.BasicTypeReference@28b523a
2025-10-11 14:52:09,184 [main] DEBUG org.hibernate.type.BasicTypeRegistry               - Adding type registration serializable -> org.hibernate.type.BasicTypeReference@52ba685a
2025-10-11 14:52:09,184 [main] DEBUG org.hibernate.type.BasicTypeRegistry               - Adding type registration java.io.Serializable -> org.hibernate.type.BasicTypeReference@52ba685a
2025-10-11 14:52:09,184 [main] DEBUG org.hibernate.type.BasicTypeRegistry               - Adding type registration timezone -> org.hibernate.type.BasicTypeReference@63d677f5
2025-10-11 14:52:09,184 [main] DEBUG org.hibernate.type.BasicTypeRegistry               - Adding type registration java.util.TimeZone -> org.hibernate.type.BasicTypeReference@63d677f5
2025-10-11 14:52:09,184 [main] DEBUG org.hibernate.type.BasicTypeRegistry               - Adding type registration ZoneOffset -> org.hibernate.type.BasicTypeReference@71d55b7e
2025-10-11 14:52:09,184 [main] DEBUG org.hibernate.type.BasicTypeRegistry               - Adding type registration java.time.ZoneOffset -> org.hibernate.type.BasicTypeReference@71d55b7e
2025-10-11 14:52:09,184 [main] DEBUG org.hibernate.type.BasicTypeRegistry               - Adding type registration url -> org.hibernate.type.BasicTypeReference@2997ddfc
2025-10-11 14:52:09,184 [main] DEBUG org.hibernate.type.BasicTypeRegistry               - Adding type registration java.net.URL -> org.hibernate.type.BasicTypeReference@2997ddfc
2025-10-11 14:52:09,184 [main] DEBUG org.hibernate.type.BasicTypeRegistry               - Adding type registration vector -> org.hibernate.type.BasicTypeReference@28ee882c
2025-10-11 14:52:09,184 [main] DEBUG org.hibernate.type.BasicTypeRegistry               - Adding type registration row_version -> org.hibernate.type.BasicTypeReference@78d73b1b
2025-10-11 14:52:09,186 [main] DEBUG org.hibernate.type.BasicTypeRegistry               - Adding type registration object -> org.hibernate.type.JavaObjectType@64279ab
2025-10-11 14:52:09,186 [main] DEBUG org.hibernate.type.BasicTypeRegistry               - Adding type registration java.lang.Object -> org.hibernate.type.JavaObjectType@64279ab
2025-10-11 14:52:09,188 [main] DEBUG org.hibernate.type.BasicTypeRegistry               - Adding type registration null -> org.hibernate.type.NullType@4f5f474c
2025-10-11 14:52:09,188 [main] DEBUG org.hibernate.type.BasicTypeRegistry               - Adding type registration imm_date -> org.hibernate.type.BasicTypeReference@58a3d521
2025-10-11 14:52:09,188 [main] DEBUG org.hibernate.type.BasicTypeRegistry               - Adding type registration imm_time -> org.hibernate.type.BasicTypeReference@7f4a1cac
2025-10-11 14:52:09,189 [main] DEBUG org.hibernate.type.BasicTypeRegistry               - Adding type registration imm_timestamp -> org.hibernate.type.BasicTypeReference@4a1a412e
2025-10-11 14:52:09,189 [main] DEBUG org.hibernate.type.BasicTypeRegistry               - Adding type registration imm_calendar -> org.hibernate.type.BasicTypeReference@c568f91
2025-10-11 14:52:09,189 [main] DEBUG org.hibernate.type.BasicTypeRegistry               - Adding type registration imm_calendar_date -> org.hibernate.type.BasicTypeReference@5fd43e58
2025-10-11 14:52:09,189 [main] DEBUG org.hibernate.type.BasicTypeRegistry               - Adding type registration imm_calendar_time -> org.hibernate.type.BasicTypeReference@70d4f672
2025-10-11 14:52:09,189 [main] DEBUG org.hibernate.type.BasicTypeRegistry               - Adding type registration imm_binary -> org.hibernate.type.BasicTypeReference@68dfda77
2025-10-11 14:52:09,189 [main] DEBUG org.hibernate.type.BasicTypeRegistry               - Adding type registration imm_serializable -> org.hibernate.type.BasicTypeReference@50cdfafa
2025-10-11 14:52:09,271 [main] INFO  o.s.o.j.p.SpringPersistenceUnitInfo                - No LoadTimeWeaver setup: ignoring JPA class transformer
2025-10-11 14:52:09,283 [main] INFO  com.zaxxer.hikari.HikariDataSource                 - HikariPool-1 - Starting...
2025-10-11 14:52:09,516 [main] INFO  com.zaxxer.hikari.pool.HikariPool                  - HikariPool-1 - Added connection com.mysql.cj.jdbc.ConnectionImpl@1e606f64
2025-10-11 14:52:09,516 [main] INFO  com.zaxxer.hikari.HikariDataSource                 - HikariPool-1 - Start completed.
2025-10-11 14:52:09,565 [main] WARN  org.hibernate.orm.deprecation                      - HHH90000025: MySQLDialect does not need to be specified explicitly using 'hibernate.dialect' (remove the property setting and it will be selected by default)
2025-10-11 14:52:09,577 [main] DEBUG o.h.t.descriptor.sql.spi.DdlTypeRegistry           - addDescriptor(12, org.hibernate.type.descriptor.sql.internal.CapacityDependentDdlType@495da9a7) replaced previous registration(org.hibernate.type.descriptor.sql.internal.CapacityDependentDdlType@2beee3e8)
2025-10-11 14:52:09,577 [main] DEBUG o.h.t.descriptor.sql.spi.DdlTypeRegistry           - addDescriptor(-9, org.hibernate.type.descriptor.sql.internal.CapacityDependentDdlType@732d078d) replaced previous registration(org.hibernate.type.descriptor.sql.internal.CapacityDependentDdlType@58bad46f)
2025-10-11 14:52:09,577 [main] DEBUG o.h.t.descriptor.sql.spi.DdlTypeRegistry           - addDescriptor(-3, org.hibernate.type.descriptor.sql.internal.CapacityDependentDdlType@7c0e4e4e) replaced previous registration(org.hibernate.type.descriptor.sql.internal.CapacityDependentDdlType@20231384)
2025-10-11 14:52:09,577 [main] DEBUG o.h.t.descriptor.sql.spi.DdlTypeRegistry           - addDescriptor(4003, org.hibernate.type.descriptor.sql.internal.DdlTypeImpl@3ba97962) replaced previous registration(org.hibernate.type.descriptor.sql.internal.DdlTypeImpl@35becbd4)
2025-10-11 14:52:09,577 [main] DEBUG o.h.t.descriptor.sql.spi.DdlTypeRegistry           - addDescriptor(4001, org.hibernate.type.descriptor.sql.internal.DdlTypeImpl@3bcc8f13) replaced previous registration(org.hibernate.type.descriptor.sql.internal.DdlTypeImpl@3cb04dd)
2025-10-11 14:52:09,577 [main] DEBUG o.h.t.descriptor.sql.spi.DdlTypeRegistry           - addDescriptor(4002, org.hibernate.type.descriptor.sql.internal.DdlTypeImpl@73d91faf) replaced previous registration(org.hibernate.type.descriptor.sql.internal.DdlTypeImpl@30fa8a6b)
2025-10-11 14:52:09,577 [main] DEBUG o.h.t.descriptor.sql.spi.DdlTypeRegistry           - addDescriptor(2004, org.hibernate.type.descriptor.sql.internal.CapacityDependentDdlType@6f112f70) replaced previous registration(org.hibernate.type.descriptor.sql.internal.DdlTypeImpl@342723a3)
2025-10-11 14:52:09,577 [main] DEBUG o.h.t.descriptor.sql.spi.DdlTypeRegistry           - addDescriptor(2005, org.hibernate.type.descriptor.sql.internal.CapacityDependentDdlType@f3876ef) replaced previous registration(org.hibernate.type.descriptor.sql.internal.DdlTypeImpl@6b751cb1)
2025-10-11 14:52:09,578 [main] DEBUG o.h.t.descriptor.sql.spi.DdlTypeRegistry           - addDescriptor(2011, org.hibernate.type.descriptor.sql.internal.CapacityDependentDdlType@df9d400) replaced previous registration(org.hibernate.type.descriptor.sql.internal.DdlTypeImpl@4ec427)
2025-10-11 14:52:09,578 [main] DEBUG o.h.t.d.jdbc.spi.JdbcTypeRegistry                  - addDescriptor(NCharTypeDescriptor) replaced previous registration(CharTypeDescriptor)
2025-10-11 14:52:09,578 [main] DEBUG o.h.t.d.jdbc.spi.JdbcTypeRegistry                  - addDescriptor(NVarcharTypeDescriptor) replaced previous registration(VarcharTypeDescriptor)
2025-10-11 14:52:09,578 [main] DEBUG o.h.t.d.jdbc.spi.JdbcTypeRegistry                  - addDescriptor(LongNVarcharTypeDescriptor) replaced previous registration(LongVarcharTypeDescriptor)
2025-10-11 14:52:09,579 [main] DEBUG o.h.t.d.jdbc.spi.JdbcTypeRegistry                  - addDescriptor(NClobTypeDescriptor(DEFAULT)) replaced previous registration(ClobTypeDescriptor(DEFAULT))
2025-10-11 14:52:09,579 [main] DEBUG o.h.t.d.jdbc.spi.JdbcTypeRegistry                  - addDescriptor(2005, ClobTypeDescriptor(STREAM_BINDING)) replaced previous registration(ClobTypeDescriptor(DEFAULT))
2025-10-11 14:52:09,580 [main] DEBUG org.hibernate.type.BasicTypeRegistry               - Adding type registration null -> org.hibernate.type.NullType@50f3ba6a
2025-10-11 14:52:09,580 [main] DEBUG org.hibernate.type.BasicTypeRegistry               - Type registration key [null] overrode previous entry : `org.hibernate.type.NullType@4f5f474c`
2025-10-11 14:52:09,582 [main] DEBUG org.hibernate.type.BasicTypeRegistry               - Adding type registration org.hibernate.type.DurationType -> basicType@1(java.time.Duration,3015)
2025-10-11 14:52:09,582 [main] DEBUG org.hibernate.type.BasicTypeRegistry               - Adding type registration Duration -> basicType@1(java.time.Duration,3015)
2025-10-11 14:52:09,582 [main] DEBUG org.hibernate.type.BasicTypeRegistry               - Adding type registration java.time.Duration -> basicType@1(java.time.Duration,3015)
2025-10-11 14:52:09,583 [main] DEBUG org.hibernate.type.BasicTypeRegistry               - Adding type registration org.hibernate.type.OffsetDateTimeType -> basicType@2(java.time.OffsetDateTime,3003)
2025-10-11 14:52:09,583 [main] DEBUG org.hibernate.type.BasicTypeRegistry               - Adding type registration OffsetDateTime -> basicType@2(java.time.OffsetDateTime,3003)
2025-10-11 14:52:09,583 [main] DEBUG org.hibernate.type.BasicTypeRegistry               - Adding type registration java.time.OffsetDateTime -> basicType@2(java.time.OffsetDateTime,3003)
2025-10-11 14:52:09,583 [main] DEBUG org.hibernate.type.BasicTypeRegistry               - Adding type registration org.hibernate.type.ZonedDateTimeType -> basicType@3(java.time.ZonedDateTime,3003)
2025-10-11 14:52:09,583 [main] DEBUG org.hibernate.type.BasicTypeRegistry               - Adding type registration ZonedDateTime -> basicType@3(java.time.ZonedDateTime,3003)
2025-10-11 14:52:09,583 [main] DEBUG org.hibernate.type.BasicTypeRegistry               - Adding type registration java.time.ZonedDateTime -> basicType@3(java.time.ZonedDateTime,3003)
2025-10-11 14:52:09,583 [main] DEBUG org.hibernate.type.BasicTypeRegistry               - Adding type registration org.hibernate.type.OffsetTimeType -> basicType@4(java.time.OffsetTime,3007)
2025-10-11 14:52:09,583 [main] DEBUG org.hibernate.type.BasicTypeRegistry               - Adding type registration OffsetTime -> basicType@4(java.time.OffsetTime,3007)
2025-10-11 14:52:09,583 [main] DEBUG org.hibernate.type.BasicTypeRegistry               - Adding type registration java.time.OffsetTime -> basicType@4(java.time.OffsetTime,3007)
2025-10-11 14:52:09,584 [main] DEBUG o.h.type.spi.TypeConfiguration$Scope               - Scoping TypeConfiguration [org.hibernate.type.spi.TypeConfiguration@62883f8a] to MetadataBuildingContext [org.hibernate.boot.internal.MetadataBuildingContextRootImpl@36665c11]
2025-10-11 14:52:09,992 [main] INFO  o.h.e.t.j.p.i.JtaPlatformInitiator                 - HHH000489: No JTA platform available (set 'hibernate.transaction.jta.platform' to enable JTA platform integration)
2025-10-11 14:52:09,993 [main] DEBUG o.h.type.spi.TypeConfiguration$Scope               - Scoping TypeConfiguration [org.hibernate.type.spi.TypeConfiguration@62883f8a] to SessionFactoryImplementor [org.hibernate.internal.SessionFactoryImpl@1a73f3d1]
2025-10-11 14:52:10,081 [main] TRACE o.h.type.spi.TypeConfiguration$Scope               - Handling #sessionFactoryCreated from [org.hibernate.internal.SessionFactoryImpl@1a73f3d1] for TypeConfiguration
2025-10-11 14:52:10,081 [main] INFO  o.s.o.j.LocalContainerEntityManagerFactoryBean     - Initialized JPA EntityManagerFactory for persistence unit 'default'
2025-10-11 14:52:10,219 [main] INFO  o.s.d.j.r.query.QueryEnhancerFactory               - Hibernate is in classpath; If applicable, HQL parser will be used.
2025-10-11 14:52:10,340 [main] WARN  o.s.b.a.o.j.JpaBaseConfiguration$JpaWebConfiguration - spring.jpa.open-in-view is enabled by default. Therefore, database queries may be performed during view rendering. Explicitly configure spring.jpa.open-in-view to disable this warning
2025-10-11 14:52:10,827 [main] INFO  o.apache.coyote.http11.Http11NioProtocol           - Starting ProtocolHandler ["http-nio-8090"]
2025-10-11 14:52:10,831 [main] WARN  o.s.b.w.s.c.AnnotationConfigServletWebServerApplicationContext - Exception encountered during context initialization - cancelling refresh attempt: org.springframework.context.ApplicationContextException: Failed to start bean 'webServerStartStop'
2025-10-11 14:52:10,832 [main] INFO  o.s.o.j.LocalContainerEntityManagerFactoryBean     - Closing JPA EntityManagerFactory for persistence unit 'default'
2025-10-11 14:52:10,832 [main] TRACE o.h.type.spi.TypeConfiguration$Scope               - Handling #sessionFactoryClosed from [org.hibernate.internal.SessionFactoryImpl@1a73f3d1] for TypeConfiguration
2025-10-11 14:52:10,832 [main] DEBUG o.h.type.spi.TypeConfiguration$Scope               - Un-scoping TypeConfiguration [org.hibernate.type.spi.TypeConfiguration$Scope@141874c8] from SessionFactory [org.hibernate.internal.SessionFactoryImpl@1a73f3d1]
2025-10-11 14:52:10,833 [main] INFO  com.zaxxer.hikari.HikariDataSource                 - HikariPool-1 - Shutdown initiated...
2025-10-11 14:52:10,840 [main] INFO  com.zaxxer.hikari.HikariDataSource                 - HikariPool-1 - Shutdown completed.
2025-10-11 14:52:10,848 [main] INFO  o.s.b.a.l.ConditionEvaluationReportLogger          - 

Error starting ApplicationContext. To display the condition evaluation report re-run your application with 'debug' enabled.
2025-10-11 14:52:10,855 [main] ERROR o.s.b.d.LoggingFailureAnalysisReporter             - 

***************************
APPLICATION FAILED TO START
***************************

Description:

Web server failed to start. Port 8090 was already in use.

Action:

Identify and stop the process that's listening on port 8090 or configure this application to listen on another port.

2025-10-11 14:52:24,027 [main] INFO  com.Rest.API.RestApiApplication                    - Starting RestApiApplication using Java 23.0.2 with PID 63931 (/Users/dineshchandgeetharavichandran/Desktop/Dinesh/Project/Spring-Rest-API/Spring-Boot-Rest-API/target/classes started by dineshchandgeetharavichandran in /Users/dineshchandgeetharavichandran/Desktop/Dinesh/Project/Spring-Rest-API/Spring-Boot-Rest-API)
2025-10-11 14:52:24,028 [main] DEBUG com.Rest.API.RestApiApplication                    - Running with Spring Boot v3.2.4, Spring v6.1.5
2025-10-11 14:52:24,028 [main] INFO  com.Rest.API.RestApiApplication                    - No active profile set, falling back to 1 default profile: "default"
2025-10-11 14:52:24,412 [main] INFO  o.s.d.r.c.RepositoryConfigurationDelegate          - Bootstrapping Spring Data JPA repositories in DEFAULT mode.
2025-10-11 14:52:24,444 [main] INFO  o.s.d.r.c.RepositoryConfigurationDelegate          - Finished Spring Data repository scanning in 28 ms. Found 3 JPA repository interfaces.
2025-10-11 14:52:24,687 [main] INFO  o.s.b.w.embedded.tomcat.TomcatWebServer            - Tomcat initialized with port 8090 (http)
2025-10-11 14:52:24,692 [main] INFO  o.apache.coyote.http11.Http11NioProtocol           - Initializing ProtocolHandler ["http-nio-8090"]
2025-10-11 14:52:24,693 [main] INFO  o.apache.catalina.core.StandardService             - Starting service [Tomcat]
2025-10-11 14:52:24,693 [main] INFO  org.apache.catalina.core.StandardEngine            - Starting Servlet engine: [Apache Tomcat/10.1.19]
2025-10-11 14:52:24,723 [main] INFO  o.a.c.c.C.[Tomcat].[localhost].[/]                 - Initializing Spring embedded WebApplicationContext
2025-10-11 14:52:24,723 [main] INFO  o.s.b.w.s.c.ServletWebServerApplicationContext     - Root WebApplicationContext: initialization completed in 665 ms
2025-10-11 14:52:24,802 [main] INFO  o.hibernate.jpa.internal.util.LogHelper            - HHH000204: Processing PersistenceUnitInfo [name: default]
2025-10-11 14:52:24,865 [main] INFO  org.hibernate.Version                              - HHH000412: Hibernate ORM core version 6.4.4.Final
2025-10-11 14:52:24,881 [main] INFO  o.h.c.internal.RegionFactoryInitiator              - HHH000026: Second-level cache disabled
2025-10-11 14:52:24,911 [main] DEBUG org.hibernate.type.BasicTypeRegistry               - Adding type registration boolean -> org.hibernate.type.BasicTypeReference@4f664bee
2025-10-11 14:52:24,912 [main] DEBUG org.hibernate.type.BasicTypeRegistry               - Adding type registration boolean -> org.hibernate.type.BasicTypeReference@4f664bee
2025-10-11 14:52:24,912 [main] DEBUG org.hibernate.type.BasicTypeRegistry               - Adding type registration java.lang.Boolean -> org.hibernate.type.BasicTypeReference@4f664bee
2025-10-11 14:52:24,912 [main] DEBUG org.hibernate.type.BasicTypeRegistry               - Adding type registration numeric_boolean -> org.hibernate.type.BasicTypeReference@76563ae7
2025-10-11 14:52:24,912 [main] DEBUG org.hibernate.type.BasicTypeRegistry               - Adding type registration org.hibernate.type.NumericBooleanConverter -> org.hibernate.type.BasicTypeReference@76563ae7
2025-10-11 14:52:24,912 [main] DEBUG org.hibernate.type.BasicTypeRegistry               - Adding type registration true_false -> org.hibernate.type.BasicTypeReference@4fd74223
2025-10-11 14:52:24,912 [main] DEBUG org.hibernate.type.BasicTypeRegistry               - Adding type registration org.hibernate.type.TrueFalseConverter -> org.hibernate.type.BasicTypeReference@4fd74223
2025-10-11 14:52:24,912 [main] DEBUG org.hibernate.type.BasicTypeRegistry               - Adding type registration yes_no -> org.hibernate.type.BasicTypeReference@4fea840f
2025-10-11 14:52:24,912 [main] DEBUG org.hibernate.type.BasicTypeRegistry               - Adding type registration org.hibernate.type.YesNoConverter -> org.hibernate.type.BasicTypeReference@4fea840f
2025-10-11 14:52:24,912 [main] DEBUG org.hibernate.type.BasicTypeRegistry               - Adding type registration byte -> org.hibernate.type.BasicTypeReference@32ae8f27
2025-10-11 14:52:24,912 [main] DEBUG org.hibernate.type.BasicTypeRegistry               - Adding type registration byte -> org.hibernate.type.BasicTypeReference@32ae8f27
2025-10-11 14:52:24,912 [main] DEBUG org.hibernate.type.BasicTypeRegistry               - Adding type registration java.lang.Byte -> org.hibernate.type.BasicTypeReference@32ae8f27
2025-10-11 14:52:24,912 [main] DEBUG org.hibernate.type.BasicTypeRegistry               - Adding type registration binary -> org.hibernate.type.BasicTypeReference@75e80a97
2025-10-11 14:52:24,912 [main] DEBUG org.hibernate.type.BasicTypeRegistry               - Adding type registration byte[] -> org.hibernate.type.BasicTypeReference@75e80a97
2025-10-11 14:52:24,912 [main] DEBUG org.hibernate.type.BasicTypeRegistry               - Adding type registration [B -> org.hibernate.type.BasicTypeReference@75e80a97
2025-10-11 14:52:24,912 [main] DEBUG org.hibernate.type.BasicTypeRegistry               - Adding type registration binary_wrapper -> org.hibernate.type.BasicTypeReference@5b8853
2025-10-11 14:52:24,912 [main] DEBUG org.hibernate.type.BasicTypeRegistry               - Adding type registration wrapper-binary -> org.hibernate.type.BasicTypeReference@5b8853
2025-10-11 14:52:24,912 [main] DEBUG org.hibernate.type.BasicTypeRegistry               - Adding type registration image -> org.hibernate.type.BasicTypeReference@1b8aaeab
2025-10-11 14:52:24,912 [main] DEBUG org.hibernate.type.BasicTypeRegistry               - Adding type registration blob -> org.hibernate.type.BasicTypeReference@5d1bdd4a
2025-10-11 14:52:24,912 [main] DEBUG org.hibernate.type.BasicTypeRegistry               - Adding type registration java.sql.Blob -> org.hibernate.type.BasicTypeReference@5d1bdd4a
2025-10-11 14:52:24,912 [main] DEBUG org.hibernate.type.BasicTypeRegistry               - Adding type registration materialized_blob -> org.hibernate.type.BasicTypeReference@6812c8cc
2025-10-11 14:52:24,913 [main] DEBUG org.hibernate.type.BasicTypeRegistry               - Adding type registration materialized_blob_wrapper -> org.hibernate.type.BasicTypeReference@3457cc8d
2025-10-11 14:52:24,913 [main] DEBUG org.hibernate.type.BasicTypeRegistry               - Adding type registration short -> org.hibernate.type.BasicTypeReference@7a66c35a
2025-10-11 14:52:24,913 [main] DEBUG org.hibernate.type.BasicTypeRegistry               - Adding type registration short -> org.hibernate.type.BasicTypeReference@7a66c35a
2025-10-11 14:52:24,913 [main] DEBUG org.hibernate.type.BasicTypeRegistry               - Adding type registration java.lang.Short -> org.hibernate.type.BasicTypeReference@7a66c35a
2025-10-11 14:52:24,913 [main] DEBUG org.hibernate.type.BasicTypeRegistry               - Adding type registration integer -> org.hibernate.type.BasicTypeReference@7994a0d1
2025-10-11 14:52:24,913 [main] DEBUG org.hibernate.type.BasicTypeRegistry               - Adding type registration int -> org.hibernate.type.BasicTypeReference@7994a0d1
2025-10-11 14:52:24,913 [main] DEBUG org.hibernate.type.BasicTypeRegistry               - Adding type registration java.lang.Integer -> org.hibernate.type.BasicTypeReference@7994a0d1
2025-10-11 14:52:24,913 [main] DEBUG org.hibernate.type.BasicTypeRegistry               - Adding type registration long -> org.hibernate.type.BasicTypeReference@73e4387
2025-10-11 14:52:24,913 [main] DEBUG org.hibernate.type.BasicTypeRegistry               - Adding type registration long -> org.hibernate.type.BasicTypeReference@73e4387
2025-10-11 14:52:24,913 [main] DEBUG org.hibernate.type.BasicTypeRegistry               - Adding type registration java.lang.Long -> org.hibernate.type.BasicTypeReference@73e4387
2025-10-11 14:52:24,913 [main] DEBUG org.hibernate.type.BasicTypeRegistry               - Adding type registration float -> org.hibernate.type.BasicTypeReference@d87d449
2025-10-11 14:52:24,913 [main] DEBUG org.hibernate.type.BasicTypeRegistry               - Adding type registration float -> org.hibernate.type.BasicTypeReference@d87d449
2025-10-11 14:52:24,913 [main] DEBUG org.hibernate.type.BasicTypeRegistry               - Adding type registration java.lang.Float -> org.hibernate.type.BasicTypeReference@d87d449
2025-10-11 14:52:24,913 [main] DEBUG org.hibernate.type.BasicTypeRegistry               - Adding type registration double -> org.hibernate.type.BasicTypeReference@4137aab0
2025-10-11 14:52:24,913 [main] DEBUG org.hibernate.type.BasicTypeRegistry               - Adding type registration double -> org.hibernate.type.BasicTypeReference@4137aab0
2025-10-11 14:52:24,913 [main] DEBUG org.hibernate.type.BasicTypeRegistry               - Adding type registration java.lang.Double -> org.hibernate.type.BasicTypeReference@4137aab0
2025-10-11 14:52:24,913 [main] DEBUG org.hibernate.type.BasicTypeRegistry               - Adding type registration big_integer -> org.hibernate.type.BasicTypeReference@1df9186f
2025-10-11 14:52:24,913 [main] DEBUG org.hibernate.type.BasicTypeRegistry               - Adding type registration java.math.BigInteger -> org.hibernate.type.BasicTypeReference@1df9186f
2025-10-11 14:52:24,913 [main] DEBUG org.hibernate.type.BasicTypeRegistry               - Adding type registration big_decimal -> org.hibernate.type.BasicTypeReference@682e422c
2025-10-11 14:52:24,913 [main] DEBUG org.hibernate.type.BasicTypeRegistry               - Adding type registration java.math.BigDecimal -> org.hibernate.type.BasicTypeReference@682e422c
2025-10-11 14:52:24,913 [main] DEBUG org.hibernate.type.BasicTypeRegistry               - Adding type registration character -> org.hibernate.type.BasicTypeReference@5bb8e6fc
2025-10-11 14:52:24,913 [main] DEBUG org.hibernate.type.BasicTypeRegistry               - Adding type registration char -> org.hibernate.type.BasicTypeReference@5bb8e6fc
2025-10-11 14:52:24,913 [main] DEBUG org.hibernate.type.BasicTypeRegistry               - Adding type registration java.lang.Character -> org.hibernate.type.BasicTypeReference@5bb8e6fc
2025-10-11 14:52:24,913 [main] DEBUG org.hibernate.type.BasicTypeRegistry               - Adding type registration character_nchar -> org.hibernate.type.BasicTypeReference@2726a511
2025-10-11 14:52:24,913 [main] DEBUG org.hibernate.type.BasicTypeRegistry               - Adding type registration string -> org.hibernate.type.BasicTypeReference@72c9ebfa
2025-10-11 14:52:24,913 [main] DEBUG org.hibernate.type.BasicTypeRegistry               - Adding type registration java.lang.String -> org.hibernate.type.BasicTypeReference@72c9ebfa
2025-10-11 14:52:24,913 [main] DEBUG org.hibernate.type.BasicTypeRegistry               - Adding type registration nstring -> org.hibernate.type.BasicTypeReference@686cf8ad
2025-10-11 14:52:24,913 [main] DEBUG org.hibernate.type.BasicTypeRegistry               - Adding type registration characters -> org.hibernate.type.BasicTypeReference@747f6c5a
2025-10-11 14:52:24,914 [main] DEBUG org.hibernate.type.BasicTypeRegistry               - Adding type registration char[] -> org.hibernate.type.BasicTypeReference@747f6c5a
2025-10-11 14:52:24,914 [main] DEBUG org.hibernate.type.BasicTypeRegistry               - Adding type registration [C -> org.hibernate.type.BasicTypeReference@747f6c5a
2025-10-11 14:52:24,914 [main] DEBUG org.hibernate.type.BasicTypeRegistry               - Adding type registration wrapper-characters -> org.hibernate.type.BasicTypeReference@66e341e9
2025-10-11 14:52:24,914 [main] DEBUG org.hibernate.type.BasicTypeRegistry               - Adding type registration text -> org.hibernate.type.BasicTypeReference@5b48f0f4
2025-10-11 14:52:24,914 [main] DEBUG org.hibernate.type.BasicTypeRegistry               - Adding type registration ntext -> org.hibernate.type.BasicTypeReference@546ed2a0
2025-10-11 14:52:24,914 [main] DEBUG org.hibernate.type.BasicTypeRegistry               - Adding type registration clob -> org.hibernate.type.BasicTypeReference@5bfc79cb
2025-10-11 14:52:24,914 [main] DEBUG org.hibernate.type.BasicTypeRegistry               - Adding type registration java.sql.Clob -> org.hibernate.type.BasicTypeReference@5bfc79cb
2025-10-11 14:52:24,914 [main] DEBUG org.hibernate.type.BasicTypeRegistry               - Adding type registration nclob -> org.hibernate.type.BasicTypeReference@27ec8754
2025-10-11 14:52:24,914 [main] DEBUG org.hibernate.type.BasicTypeRegistry               - Adding type registration java.sql.NClob -> org.hibernate.type.BasicTypeReference@27ec8754
2025-10-11 14:52:24,914 [main] DEBUG org.hibernate.type.BasicTypeRegistry               - Adding type registration materialized_clob -> org.hibernate.type.BasicTypeReference@3bbf1c0d
2025-10-11 14:52:24,914 [main] DEBUG org.hibernate.type.BasicTypeRegistry               - Adding type registration materialized_clob_char_array -> org.hibernate.type.BasicTypeReference@19662208
2025-10-11 14:52:24,914 [main] DEBUG org.hibernate.type.BasicTypeRegistry               - Adding type registration materialized_clob_character_array -> org.hibernate.type.BasicTypeReference@216c22ce
2025-10-11 14:52:24,914 [main] DEBUG org.hibernate.type.BasicTypeRegistry               - Adding type registration materialized_nclob -> org.hibernate.type.BasicTypeReference@62f9c790
2025-10-11 14:52:24,914 [main] DEBUG org.hibernate.type.BasicTypeRegistry               - Adding type registration materialized_nclob_character_array -> org.hibernate.type.BasicTypeReference@21e5f0b6
2025-10-11 14:52:24,914 [main] DEBUG org.hibernate.type.BasicTypeRegistry               - Adding type registration materialized_nclob_char_array -> org.hibernate.type.BasicTypeReference@93bf0e0
2025-10-11 14:52:24,914 [main] DEBUG org.hibernate.type.BasicTypeRegistry               - Adding type registration Duration -> org.hibernate.type.BasicTypeReference@4981d95b
2025-10-11 14:52:24,914 [main] DEBUG org.hibernate.type.BasicTypeRegistry               - Adding type registration java.time.Duration -> org.hibernate.type.BasicTypeReference@4981d95b
2025-10-11 14:52:24,914 [main] DEBUG org.hibernate.type.BasicTypeRegistry               - Adding type registration LocalDateTime -> org.hibernate.type.BasicTypeReference@656842bc
2025-10-11 14:52:24,914 [main] DEBUG org.hibernate.type.BasicTypeRegistry               - Adding type registration java.time.LocalDateTime -> org.hibernate.type.BasicTypeReference@656842bc
2025-10-11 14:52:24,914 [main] DEBUG org.hibernate.type.BasicTypeRegistry               - Adding type registration LocalDate -> org.hibernate.type.BasicTypeReference@6b867ee7
2025-10-11 14:52:24,914 [main] DEBUG org.hibernate.type.BasicTypeRegistry               - Adding type registration java.time.LocalDate -> org.hibernate.type.BasicTypeReference@6b867ee7
2025-10-11 14:52:24,914 [main] DEBUG org.hibernate.type.BasicTypeRegistry               - Adding type registration LocalTime -> org.hibernate.type.BasicTypeReference@3dec3f87
2025-10-11 14:52:24,914 [main] DEBUG org.hibernate.type.BasicTypeRegistry               - Adding type registration java.time.LocalTime -> org.hibernate.type.BasicTypeReference@3dec3f87
2025-10-11 14:52:24,914 [main] DEBUG org.hibernate.type.BasicTypeRegistry               - Adding type registration OffsetDateTime -> org.hibernate.type.BasicTypeReference@7a606260
2025-10-11 14:52:24,914 [main] DEBUG org.hibernate.type.BasicTypeRegistry               - Adding type registration java.time.OffsetDateTime -> org.hibernate.type.BasicTypeReference@7a606260
2025-10-11 14:52:24,914 [main] DEBUG org.hibernate.type.BasicTypeRegistry               - Adding type registration OffsetDateTimeWithTimezone -> org.hibernate.type.BasicTypeReference@5dbab232
2025-10-11 14:52:24,914 [main] DEBUG org.hibernate.type.BasicTypeRegistry               - Adding type registration OffsetDateTimeWithoutTimezone -> org.hibernate.type.BasicTypeReference@5939e24
2025-10-11 14:52:24,914 [main] DEBUG org.hibernate.type.BasicTypeRegistry               - Adding type registration OffsetTime -> org.hibernate.type.BasicTypeReference@595f9916
2025-10-11 14:52:24,915 [main] DEBUG org.hibernate.type.BasicTypeRegistry               - Adding type registration java.time.OffsetTime -> org.hibernate.type.BasicTypeReference@595f9916
2025-10-11 14:52:24,915 [main] DEBUG org.hibernate.type.BasicTypeRegistry               - Adding type registration OffsetTimeUtc -> org.hibernate.type.BasicTypeReference@2055833f
2025-10-11 14:52:24,915 [main] DEBUG org.hibernate.type.BasicTypeRegistry               - Adding type registration OffsetTimeWithTimezone -> org.hibernate.type.BasicTypeReference@28768e25
2025-10-11 14:52:24,915 [main] DEBUG org.hibernate.type.BasicTypeRegistry               - Adding type registration OffsetTimeWithoutTimezone -> org.hibernate.type.BasicTypeReference@310d57b1
2025-10-11 14:52:24,915 [main] DEBUG org.hibernate.type.BasicTypeRegistry               - Adding type registration ZonedDateTime -> org.hibernate.type.BasicTypeReference@143fefaf
2025-10-11 14:52:24,915 [main] DEBUG org.hibernate.type.BasicTypeRegistry               - Adding type registration java.time.ZonedDateTime -> org.hibernate.type.BasicTypeReference@143fefaf
2025-10-11 14:52:24,915 [main] DEBUG org.hibernate.type.BasicTypeRegistry               - Adding type registration ZonedDateTimeWithTimezone -> org.hibernate.type.BasicTypeReference@18ffca6c
2025-10-11 14:52:24,915 [main] DEBUG org.hibernate.type.BasicTypeRegistry               - Adding type registration ZonedDateTimeWithoutTimezone -> org.hibernate.type.BasicTypeReference@46468f0
2025-10-11 14:52:24,915 [main] DEBUG org.hibernate.type.BasicTypeRegistry               - Adding type registration date -> org.hibernate.type.BasicTypeReference@5f8f1712
2025-10-11 14:52:24,915 [main] DEBUG org.hibernate.type.BasicTypeRegistry               - Adding type registration java.sql.Date -> org.hibernate.type.BasicTypeReference@5f8f1712
2025-10-11 14:52:24,915 [main] DEBUG org.hibernate.type.BasicTypeRegistry               - Adding type registration time -> org.hibernate.type.BasicTypeReference@34a6d9db
2025-10-11 14:52:24,915 [main] DEBUG org.hibernate.type.BasicTypeRegistry               - Adding type registration java.sql.Time -> org.hibernate.type.BasicTypeReference@34a6d9db
2025-10-11 14:52:24,915 [main] DEBUG org.hibernate.type.BasicTypeRegistry               - Adding type registration timestamp -> org.hibernate.type.BasicTypeReference@52ecc989
2025-10-11 14:52:24,915 [main] DEBUG org.hibernate.type.BasicTypeRegistry               - Adding type registration java.sql.Timestamp -> org.hibernate.type.BasicTypeReference@52ecc989
2025-10-11 14:52:24,915 [main] DEBUG org.hibernate.type.BasicTypeRegistry               - Adding type registration java.util.Date -> org.hibernate.type.BasicTypeReference@52ecc989
2025-10-11 14:52:24,915 [main] DEBUG org.hibernate.type.BasicTypeRegistry               - Adding type registration calendar -> org.hibernate.type.BasicTypeReference@756808cc
2025-10-11 14:52:24,915 [main] DEBUG org.hibernate.type.BasicTypeRegistry               - Adding type registration java.util.Calendar -> org.hibernate.type.BasicTypeReference@756808cc
2025-10-11 14:52:24,915 [main] DEBUG org.hibernate.type.BasicTypeRegistry               - Adding type registration java.util.GregorianCalendar -> org.hibernate.type.BasicTypeReference@756808cc
2025-10-11 14:52:24,915 [main] DEBUG org.hibernate.type.BasicTypeRegistry               - Adding type registration calendar_date -> org.hibernate.type.BasicTypeReference@52f8a6f4
2025-10-11 14:52:24,915 [main] DEBUG org.hibernate.type.BasicTypeRegistry               - Adding type registration calendar_time -> org.hibernate.type.BasicTypeReference@5012c571
2025-10-11 14:52:24,915 [main] DEBUG org.hibernate.type.BasicTypeRegistry               - Adding type registration instant -> org.hibernate.type.BasicTypeReference@6486fe7b
2025-10-11 14:52:24,915 [main] DEBUG org.hibernate.type.BasicTypeRegistry               - Adding type registration java.time.Instant -> org.hibernate.type.BasicTypeReference@6486fe7b
2025-10-11 14:52:24,915 [main] DEBUG org.hibernate.type.BasicTypeRegistry               - Adding type registration uuid -> org.hibernate.type.BasicTypeReference@511da44f
2025-10-11 14:52:24,915 [main] DEBUG org.hibernate.type.BasicTypeRegistry               - Adding type registration java.util.UUID -> org.hibernate.type.BasicTypeReference@511da44f
2025-10-11 14:52:24,915 [main] DEBUG org.hibernate.type.BasicTypeRegistry               - Adding type registration pg-uuid -> org.hibernate.type.BasicTypeReference@511da44f
2025-10-11 14:52:24,915 [main] DEBUG org.hibernate.type.BasicTypeRegistry               - Adding type registration uuid-binary -> org.hibernate.type.BasicTypeReference@4645679e
2025-10-11 14:52:24,915 [main] DEBUG org.hibernate.type.BasicTypeRegistry               - Adding type registration uuid-char -> org.hibernate.type.BasicTypeReference@3a0b6a
2025-10-11 14:52:24,915 [main] DEBUG org.hibernate.type.BasicTypeRegistry               - Adding type registration class -> org.hibernate.type.BasicTypeReference@539c4830
2025-10-11 14:52:24,915 [main] DEBUG org.hibernate.type.BasicTypeRegistry               - Adding type registration java.lang.Class -> org.hibernate.type.BasicTypeReference@539c4830
2025-10-11 14:52:24,915 [main] DEBUG org.hibernate.type.BasicTypeRegistry               - Adding type registration currency -> org.hibernate.type.BasicTypeReference@6f1fa1d0
2025-10-11 14:52:24,915 [main] DEBUG org.hibernate.type.BasicTypeRegistry               - Adding type registration Currency -> org.hibernate.type.BasicTypeReference@6f1fa1d0
2025-10-11 14:52:24,916 [main] DEBUG org.hibernate.type.BasicTypeRegistry               - Adding type registration java.util.Currency -> org.hibernate.type.BasicTypeReference@6f1fa1d0
2025-10-11 14:52:24,916 [main] DEBUG org.hibernate.type.BasicTypeRegistry               - Adding type registration locale -> org.hibernate.type.BasicTypeReference@28b523a
2025-10-11 14:52:24,916 [main] DEBUG org.hibernate.type.BasicTypeRegistry               - Adding type registration java.util.Locale -> org.hibernate.type.BasicTypeReference@28b523a
2025-10-11 14:52:24,916 [main] DEBUG org.hibernate.type.BasicTypeRegistry               - Adding type registration serializable -> org.hibernate.type.BasicTypeReference@52ba685a
2025-10-11 14:52:24,916 [main] DEBUG org.hibernate.type.BasicTypeRegistry               - Adding type registration java.io.Serializable -> org.hibernate.type.BasicTypeReference@52ba685a
2025-10-11 14:52:24,916 [main] DEBUG org.hibernate.type.BasicTypeRegistry               - Adding type registration timezone -> org.hibernate.type.BasicTypeReference@63d677f5
2025-10-11 14:52:24,916 [main] DEBUG org.hibernate.type.BasicTypeRegistry               - Adding type registration java.util.TimeZone -> org.hibernate.type.BasicTypeReference@63d677f5
2025-10-11 14:52:24,916 [main] DEBUG org.hibernate.type.BasicTypeRegistry               - Adding type registration ZoneOffset -> org.hibernate.type.BasicTypeReference@71d55b7e
2025-10-11 14:52:24,916 [main] DEBUG org.hibernate.type.BasicTypeRegistry               - Adding type registration java.time.ZoneOffset -> org.hibernate.type.BasicTypeReference@71d55b7e
2025-10-11 14:52:24,916 [main] DEBUG org.hibernate.type.BasicTypeRegistry               - Adding type registration url -> org.hibernate.type.BasicTypeReference@2997ddfc
2025-10-11 14:52:24,916 [main] DEBUG org.hibernate.type.BasicTypeRegistry               - Adding type registration java.net.URL -> org.hibernate.type.BasicTypeReference@2997ddfc
2025-10-11 14:52:24,916 [main] DEBUG org.hibernate.type.BasicTypeRegistry               - Adding type registration vector -> org.hibernate.type.BasicTypeReference@28ee882c
2025-10-11 14:52:24,916 [main] DEBUG org.hibernate.type.BasicTypeRegistry               - Adding type registration row_version -> org.hibernate.type.BasicTypeReference@78d73b1b
2025-10-11 14:52:24,918 [main] DEBUG org.hibernate.type.BasicTypeRegistry               - Adding type registration object -> org.hibernate.type.JavaObjectType@64279ab
2025-10-11 14:52:24,918 [main] DEBUG org.hibernate.type.BasicTypeRegistry               - Adding type registration java.lang.Object -> org.hibernate.type.JavaObjectType@64279ab
2025-10-11 14:52:24,919 [main] DEBUG org.hibernate.type.BasicTypeRegistry               - Adding type registration null -> org.hibernate.type.NullType@4f5f474c
2025-10-11 14:52:24,919 [main] DEBUG org.hibernate.type.BasicTypeRegistry               - Adding type registration imm_date -> org.hibernate.type.BasicTypeReference@58a3d521
2025-10-11 14:52:24,919 [main] DEBUG org.hibernate.type.BasicTypeRegistry               - Adding type registration imm_time -> org.hibernate.type.BasicTypeReference@7f4a1cac
2025-10-11 14:52:24,919 [main] DEBUG org.hibernate.type.BasicTypeRegistry               - Adding type registration imm_timestamp -> org.hibernate.type.BasicTypeReference@4a1a412e
2025-10-11 14:52:24,919 [main] DEBUG org.hibernate.type.BasicTypeRegistry               - Adding type registration imm_calendar -> org.hibernate.type.BasicTypeReference@c568f91
2025-10-11 14:52:24,919 [main] DEBUG org.hibernate.type.BasicTypeRegistry               - Adding type registration imm_calendar_date -> org.hibernate.type.BasicTypeReference@5fd43e58
2025-10-11 14:52:24,919 [main] DEBUG org.hibernate.type.BasicTypeRegistry               - Adding type registration imm_calendar_time -> org.hibernate.type.BasicTypeReference@70d4f672
2025-10-11 14:52:24,919 [main] DEBUG org.hibernate.type.BasicTypeRegistry               - Adding type registration imm_binary -> org.hibernate.type.BasicTypeReference@68dfda77
2025-10-11 14:52:24,919 [main] DEBUG org.hibernate.type.BasicTypeRegistry               - Adding type registration imm_serializable -> org.hibernate.type.BasicTypeReference@50cdfafa
2025-10-11 14:52:24,997 [main] INFO  o.s.o.j.p.SpringPersistenceUnitInfo                - No LoadTimeWeaver setup: ignoring JPA class transformer
2025-10-11 14:52:25,009 [main] INFO  com.zaxxer.hikari.HikariDataSource                 - HikariPool-1 - Starting...
2025-10-11 14:52:25,200 [main] INFO  com.zaxxer.hikari.pool.HikariPool                  - HikariPool-1 - Added connection com.mysql.cj.jdbc.ConnectionImpl@1e606f64
2025-10-11 14:52:25,201 [main] INFO  com.zaxxer.hikari.HikariDataSource                 - HikariPool-1 - Start completed.
2025-10-11 14:52:25,229 [main] WARN  org.hibernate.orm.deprecation                      - HHH90000025: MySQLDialect does not need to be specified explicitly using 'hibernate.dialect' (remove the property setting and it will be selected by default)
2025-10-11 14:52:25,242 [main] DEBUG o.h.t.descriptor.sql.spi.DdlTypeRegistry           - addDescriptor(12, org.hibernate.type.descriptor.sql.internal.CapacityDependentDdlType@495da9a7) replaced previous registration(org.hibernate.type.descriptor.sql.internal.CapacityDependentDdlType@2beee3e8)
2025-10-11 14:52:25,243 [main] DEBUG o.h.t.descriptor.sql.spi.DdlTypeRegistry           - addDescriptor(-9, org.hibernate.type.descriptor.sql.internal.CapacityDependentDdlType@732d078d) replaced previous registration(org.hibernate.type.descriptor.sql.internal.CapacityDependentDdlType@58bad46f)
2025-10-11 14:52:25,243 [main] DEBUG o.h.t.descriptor.sql.spi.DdlTypeRegistry           - addDescriptor(-3, org.hibernate.type.descriptor.sql.internal.CapacityDependentDdlType@7c0e4e4e) replaced previous registration(org.hibernate.type.descriptor.sql.internal.CapacityDependentDdlType@20231384)
2025-10-11 14:52:25,243 [main] DEBUG o.h.t.descriptor.sql.spi.DdlTypeRegistry           - addDescriptor(4003, org.hibernate.type.descriptor.sql.internal.DdlTypeImpl@3ba97962) replaced previous registration(org.hibernate.type.descriptor.sql.internal.DdlTypeImpl@35becbd4)
2025-10-11 14:52:25,243 [main] DEBUG o.h.t.descriptor.sql.spi.DdlTypeRegistry           - addDescriptor(4001, org.hibernate.type.descriptor.sql.internal.DdlTypeImpl@3bcc8f13) replaced previous registration(org.hibernate.type.descriptor.sql.internal.DdlTypeImpl@3cb04dd)
2025-10-11 14:52:25,243 [main] DEBUG o.h.t.descriptor.sql.spi.DdlTypeRegistry           - addDescriptor(4002, org.hibernate.type.descriptor.sql.internal.DdlTypeImpl@73d91faf) replaced previous registration(org.hibernate.type.descriptor.sql.internal.DdlTypeImpl@30fa8a6b)
2025-10-11 14:52:25,243 [main] DEBUG o.h.t.descriptor.sql.spi.DdlTypeRegistry           - addDescriptor(2004, org.hibernate.type.descriptor.sql.internal.CapacityDependentDdlType@6f112f70) replaced previous registration(org.hibernate.type.descriptor.sql.internal.DdlTypeImpl@342723a3)
2025-10-11 14:52:25,243 [main] DEBUG o.h.t.descriptor.sql.spi.DdlTypeRegistry           - addDescriptor(2005, org.hibernate.type.descriptor.sql.internal.CapacityDependentDdlType@f3876ef) replaced previous registration(org.hibernate.type.descriptor.sql.internal.DdlTypeImpl@6b751cb1)
2025-10-11 14:52:25,243 [main] DEBUG o.h.t.descriptor.sql.spi.DdlTypeRegistry           - addDescriptor(2011, org.hibernate.type.descriptor.sql.internal.CapacityDependentDdlType@df9d400) replaced previous registration(org.hibernate.type.descriptor.sql.internal.DdlTypeImpl@4ec427)
2025-10-11 14:52:25,243 [main] DEBUG o.h.t.d.jdbc.spi.JdbcTypeRegistry                  - addDescriptor(NCharTypeDescriptor) replaced previous registration(CharTypeDescriptor)
2025-10-11 14:52:25,243 [main] DEBUG o.h.t.d.jdbc.spi.JdbcTypeRegistry                  - addDescriptor(NVarcharTypeDescriptor) replaced previous registration(VarcharTypeDescriptor)
2025-10-11 14:52:25,243 [main] DEBUG o.h.t.d.jdbc.spi.JdbcTypeRegistry                  - addDescriptor(LongNVarcharTypeDescriptor) replaced previous registration(LongVarcharTypeDescriptor)
2025-10-11 14:52:25,244 [main] DEBUG o.h.t.d.jdbc.spi.JdbcTypeRegistry                  - addDescriptor(NClobTypeDescriptor(DEFAULT)) replaced previous registration(ClobTypeDescriptor(DEFAULT))
2025-10-11 14:52:25,244 [main] DEBUG o.h.t.d.jdbc.spi.JdbcTypeRegistry                  - addDescriptor(2005, ClobTypeDescriptor(STREAM_BINDING)) replaced previous registration(ClobTypeDescriptor(DEFAULT))
2025-10-11 14:52:25,245 [main] DEBUG org.hibernate.type.BasicTypeRegistry               - Adding type registration null -> org.hibernate.type.NullType@50f3ba6a
2025-10-11 14:52:25,246 [main] DEBUG org.hibernate.type.BasicTypeRegistry               - Type registration key [null] overrode previous entry : `org.hibernate.type.NullType@4f5f474c`
2025-10-11 14:52:25,248 [main] DEBUG org.hibernate.type.BasicTypeRegistry               - Adding type registration org.hibernate.type.DurationType -> basicType@1(java.time.Duration,3015)
2025-10-11 14:52:25,248 [main] DEBUG org.hibernate.type.BasicTypeRegistry               - Adding type registration Duration -> basicType@1(java.time.Duration,3015)
2025-10-11 14:52:25,248 [main] DEBUG org.hibernate.type.BasicTypeRegistry               - Adding type registration java.time.Duration -> basicType@1(java.time.Duration,3015)
2025-10-11 14:52:25,249 [main] DEBUG org.hibernate.type.BasicTypeRegistry               - Adding type registration org.hibernate.type.OffsetDateTimeType -> basicType@2(java.time.OffsetDateTime,3003)
2025-10-11 14:52:25,249 [main] DEBUG org.hibernate.type.BasicTypeRegistry               - Adding type registration OffsetDateTime -> basicType@2(java.time.OffsetDateTime,3003)
2025-10-11 14:52:25,249 [main] DEBUG org.hibernate.type.BasicTypeRegistry               - Adding type registration java.time.OffsetDateTime -> basicType@2(java.time.OffsetDateTime,3003)
2025-10-11 14:52:25,249 [main] DEBUG org.hibernate.type.BasicTypeRegistry               - Adding type registration org.hibernate.type.ZonedDateTimeType -> basicType@3(java.time.ZonedDateTime,3003)
2025-10-11 14:52:25,249 [main] DEBUG org.hibernate.type.BasicTypeRegistry               - Adding type registration ZonedDateTime -> basicType@3(java.time.ZonedDateTime,3003)
2025-10-11 14:52:25,249 [main] DEBUG org.hibernate.type.BasicTypeRegistry               - Adding type registration java.time.ZonedDateTime -> basicType@3(java.time.ZonedDateTime,3003)
2025-10-11 14:52:25,249 [main] DEBUG org.hibernate.type.BasicTypeRegistry               - Adding type registration org.hibernate.type.OffsetTimeType -> basicType@4(java.time.OffsetTime,3007)
2025-10-11 14:52:25,249 [main] DEBUG org.hibernate.type.BasicTypeRegistry               - Adding type registration OffsetTime -> basicType@4(java.time.OffsetTime,3007)
2025-10-11 14:52:25,249 [main] DEBUG org.hibernate.type.BasicTypeRegistry               - Adding type registration java.time.OffsetTime -> basicType@4(java.time.OffsetTime,3007)
2025-10-11 14:52:25,250 [main] DEBUG o.h.type.spi.TypeConfiguration$Scope               - Scoping TypeConfiguration [org.hibernate.type.spi.TypeConfiguration@62883f8a] to MetadataBuildingContext [org.hibernate.boot.internal.MetadataBuildingContextRootImpl@36665c11]
2025-10-11 14:52:25,661 [main] INFO  o.h.e.t.j.p.i.JtaPlatformInitiator                 - HHH000489: No JTA platform available (set 'hibernate.transaction.jta.platform' to enable JTA platform integration)
2025-10-11 14:52:25,661 [main] DEBUG o.h.type.spi.TypeConfiguration$Scope               - Scoping TypeConfiguration [org.hibernate.type.spi.TypeConfiguration@62883f8a] to SessionFactoryImplementor [org.hibernate.internal.SessionFactoryImpl@c414eb3]
2025-10-11 14:52:25,737 [main] TRACE o.h.type.spi.TypeConfiguration$Scope               - Handling #sessionFactoryCreated from [org.hibernate.internal.SessionFactoryImpl@c414eb3] for TypeConfiguration
2025-10-11 14:52:25,737 [main] INFO  o.s.o.j.LocalContainerEntityManagerFactoryBean     - Initialized JPA EntityManagerFactory for persistence unit 'default'
2025-10-11 14:52:25,883 [main] INFO  o.s.d.j.r.query.QueryEnhancerFactory               - Hibernate is in classpath; If applicable, HQL parser will be used.
2025-10-11 14:52:26,000 [main] WARN  o.s.b.a.o.j.JpaBaseConfiguration$JpaWebConfiguration - spring.jpa.open-in-view is enabled by default. Therefore, database queries may be performed during view rendering. Explicitly configure spring.jpa.open-in-view to disable this warning
2025-10-11 14:52:26,511 [main] INFO  o.apache.coyote.http11.Http11NioProtocol           - Starting ProtocolHandler ["http-nio-8090"]
2025-10-11 14:52:26,515 [main] WARN  o.s.b.w.s.c.AnnotationConfigServletWebServerApplicationContext - Exception encountered during context initialization - cancelling refresh attempt: org.springframework.context.ApplicationContextException: Failed to start bean 'webServerStartStop'
2025-10-11 14:52:26,516 [main] INFO  o.s.o.j.LocalContainerEntityManagerFactoryBean     - Closing JPA EntityManagerFactory for persistence unit 'default'
2025-10-11 14:52:26,516 [main] TRACE o.h.type.spi.TypeConfiguration$Scope               - Handling #sessionFactoryClosed from [org.hibernate.internal.SessionFactoryImpl@c414eb3] for TypeConfiguration
2025-10-11 14:52:26,516 [main] DEBUG o.h.type.spi.TypeConfiguration$Scope               - Un-scoping TypeConfiguration [org.hibernate.type.spi.TypeConfiguration$Scope@31aee6d9] from SessionFactory [org.hibernate.internal.SessionFactoryImpl@c414eb3]
2025-10-11 14:52:26,517 [main] INFO  com.zaxxer.hikari.HikariDataSource                 - HikariPool-1 - Shutdown initiated...
2025-10-11 14:52:26,524 [main] INFO  com.zaxxer.hikari.HikariDataSource                 - HikariPool-1 - Shutdown completed.
2025-10-11 14:52:26,532 [main] INFO  o.s.b.a.l.ConditionEvaluationReportLogger          - 

Error starting ApplicationContext. To display the condition evaluation report re-run your application with 'debug' enabled.
2025-10-11 14:52:26,539 [main] ERROR o.s.b.d.LoggingFailureAnalysisReporter             - 

***************************
APPLICATION FAILED TO START
***************************

Description:

Web server failed to start. Port 8090 was already in use.

Action:

Identify and stop the process that's listening on port 8090 or configure this application to listen on another port.

2025-10-11 14:53:56,324 [main] INFO  com.Rest.API.RestApiApplication                    - Starting RestApiApplication using Java 23.0.2 with PID 64138 (/Users/dineshchandgeetharavichandran/Desktop/Dinesh/Project/Spring-Rest-API/Spring-Boot-Rest-API/target/classes started by dineshchandgeetharavichandran in /Users/dineshchandgeetharavichandran/Desktop/Dinesh/Project/Spring-Rest-API/Spring-Boot-Rest-API)
2025-10-11 14:53:56,325 [main] DEBUG com.Rest.API.RestApiApplication                    - Running with Spring Boot v3.2.4, Spring v6.1.5
2025-10-11 14:53:56,326 [main] INFO  com.Rest.API.RestApiApplication                    - No active profile set, falling back to 1 default profile: "default"
2025-10-11 14:53:56,729 [main] INFO  o.s.d.r.c.RepositoryConfigurationDelegate          - Bootstrapping Spring Data JPA repositories in DEFAULT mode.
2025-10-11 14:53:56,767 [main] INFO  o.s.d.r.c.RepositoryConfigurationDelegate          - Finished Spring Data repository scanning in 34 ms. Found 3 JPA repository interfaces.
2025-10-11 14:53:57,015 [main] INFO  o.s.b.w.embedded.tomcat.TomcatWebServer            - Tomcat initialized with port 8090 (http)
2025-10-11 14:53:57,020 [main] INFO  o.apache.coyote.http11.Http11NioProtocol           - Initializing ProtocolHandler ["http-nio-8090"]
2025-10-11 14:53:57,021 [main] INFO  o.apache.catalina.core.StandardService             - Starting service [Tomcat]
2025-10-11 14:53:57,021 [main] INFO  org.apache.catalina.core.StandardEngine            - Starting Servlet engine: [Apache Tomcat/10.1.19]
2025-10-11 14:53:57,050 [main] INFO  o.a.c.c.C.[Tomcat].[localhost].[/]                 - Initializing Spring embedded WebApplicationContext
2025-10-11 14:53:57,050 [main] INFO  o.s.b.w.s.c.ServletWebServerApplicationContext     - Root WebApplicationContext: initialization completed in 691 ms
2025-10-11 14:53:57,125 [main] INFO  o.hibernate.jpa.internal.util.LogHelper            - HHH000204: Processing PersistenceUnitInfo [name: default]
2025-10-11 14:53:57,156 [main] INFO  org.hibernate.Version                              - HHH000412: Hibernate ORM core version 6.4.4.Final
2025-10-11 14:53:57,172 [main] INFO  o.h.c.internal.RegionFactoryInitiator              - HHH000026: Second-level cache disabled
2025-10-11 14:53:57,204 [main] DEBUG org.hibernate.type.BasicTypeRegistry               - Adding type registration boolean -> org.hibernate.type.BasicTypeReference@4f664bee
2025-10-11 14:53:57,204 [main] DEBUG org.hibernate.type.BasicTypeRegistry               - Adding type registration boolean -> org.hibernate.type.BasicTypeReference@4f664bee
2025-10-11 14:53:57,204 [main] DEBUG org.hibernate.type.BasicTypeRegistry               - Adding type registration java.lang.Boolean -> org.hibernate.type.BasicTypeReference@4f664bee
2025-10-11 14:53:57,204 [main] DEBUG org.hibernate.type.BasicTypeRegistry               - Adding type registration numeric_boolean -> org.hibernate.type.BasicTypeReference@76563ae7
2025-10-11 14:53:57,204 [main] DEBUG org.hibernate.type.BasicTypeRegistry               - Adding type registration org.hibernate.type.NumericBooleanConverter -> org.hibernate.type.BasicTypeReference@76563ae7
2025-10-11 14:53:57,204 [main] DEBUG org.hibernate.type.BasicTypeRegistry               - Adding type registration true_false -> org.hibernate.type.BasicTypeReference@4fd74223
2025-10-11 14:53:57,205 [main] DEBUG org.hibernate.type.BasicTypeRegistry               - Adding type registration org.hibernate.type.TrueFalseConverter -> org.hibernate.type.BasicTypeReference@4fd74223
2025-10-11 14:53:57,205 [main] DEBUG org.hibernate.type.BasicTypeRegistry               - Adding type registration yes_no -> org.hibernate.type.BasicTypeReference@4fea840f
2025-10-11 14:53:57,205 [main] DEBUG org.hibernate.type.BasicTypeRegistry               - Adding type registration org.hibernate.type.YesNoConverter -> org.hibernate.type.BasicTypeReference@4fea840f
2025-10-11 14:53:57,205 [main] DEBUG org.hibernate.type.BasicTypeRegistry               - Adding type registration byte -> org.hibernate.type.BasicTypeReference@32ae8f27
2025-10-11 14:53:57,205 [main] DEBUG org.hibernate.type.BasicTypeRegistry               - Adding type registration byte -> org.hibernate.type.BasicTypeReference@32ae8f27
2025-10-11 14:53:57,205 [main] DEBUG org.hibernate.type.BasicTypeRegistry               - Adding type registration java.lang.Byte -> org.hibernate.type.BasicTypeReference@32ae8f27
2025-10-11 14:53:57,205 [main] DEBUG org.hibernate.type.BasicTypeRegistry               - Adding type registration binary -> org.hibernate.type.BasicTypeReference@75e80a97
2025-10-11 14:53:57,205 [main] DEBUG org.hibernate.type.BasicTypeRegistry               - Adding type registration byte[] -> org.hibernate.type.BasicTypeReference@75e80a97
2025-10-11 14:53:57,205 [main] DEBUG org.hibernate.type.BasicTypeRegistry               - Adding type registration [B -> org.hibernate.type.BasicTypeReference@75e80a97
2025-10-11 14:53:57,205 [main] DEBUG org.hibernate.type.BasicTypeRegistry               - Adding type registration binary_wrapper -> org.hibernate.type.BasicTypeReference@5b8853
2025-10-11 14:53:57,205 [main] DEBUG org.hibernate.type.BasicTypeRegistry               - Adding type registration wrapper-binary -> org.hibernate.type.BasicTypeReference@5b8853
2025-10-11 14:53:57,205 [main] DEBUG org.hibernate.type.BasicTypeRegistry               - Adding type registration image -> org.hibernate.type.BasicTypeReference@1b8aaeab
2025-10-11 14:53:57,205 [main] DEBUG org.hibernate.type.BasicTypeRegistry               - Adding type registration blob -> org.hibernate.type.BasicTypeReference@5d1bdd4a
2025-10-11 14:53:57,205 [main] DEBUG org.hibernate.type.BasicTypeRegistry               - Adding type registration java.sql.Blob -> org.hibernate.type.BasicTypeReference@5d1bdd4a
2025-10-11 14:53:57,205 [main] DEBUG org.hibernate.type.BasicTypeRegistry               - Adding type registration materialized_blob -> org.hibernate.type.BasicTypeReference@6812c8cc
2025-10-11 14:53:57,205 [main] DEBUG org.hibernate.type.BasicTypeRegistry               - Adding type registration materialized_blob_wrapper -> org.hibernate.type.BasicTypeReference@3457cc8d
2025-10-11 14:53:57,205 [main] DEBUG org.hibernate.type.BasicTypeRegistry               - Adding type registration short -> org.hibernate.type.BasicTypeReference@7a66c35a
2025-10-11 14:53:57,205 [main] DEBUG org.hibernate.type.BasicTypeRegistry               - Adding type registration short -> org.hibernate.type.BasicTypeReference@7a66c35a
2025-10-11 14:53:57,205 [main] DEBUG org.hibernate.type.BasicTypeRegistry               - Adding type registration java.lang.Short -> org.hibernate.type.BasicTypeReference@7a66c35a
2025-10-11 14:53:57,205 [main] DEBUG org.hibernate.type.BasicTypeRegistry               - Adding type registration integer -> org.hibernate.type.BasicTypeReference@7994a0d1
2025-10-11 14:53:57,205 [main] DEBUG org.hibernate.type.BasicTypeRegistry               - Adding type registration int -> org.hibernate.type.BasicTypeReference@7994a0d1
2025-10-11 14:53:57,205 [main] DEBUG org.hibernate.type.BasicTypeRegistry               - Adding type registration java.lang.Integer -> org.hibernate.type.BasicTypeReference@7994a0d1
2025-10-11 14:53:57,205 [main] DEBUG org.hibernate.type.BasicTypeRegistry               - Adding type registration long -> org.hibernate.type.BasicTypeReference@73e4387
2025-10-11 14:53:57,205 [main] DEBUG org.hibernate.type.BasicTypeRegistry               - Adding type registration long -> org.hibernate.type.BasicTypeReference@73e4387
2025-10-11 14:53:57,205 [main] DEBUG org.hibernate.type.BasicTypeRegistry               - Adding type registration java.lang.Long -> org.hibernate.type.BasicTypeReference@73e4387
2025-10-11 14:53:57,205 [main] DEBUG org.hibernate.type.BasicTypeRegistry               - Adding type registration float -> org.hibernate.type.BasicTypeReference@d87d449
2025-10-11 14:53:57,205 [main] DEBUG org.hibernate.type.BasicTypeRegistry               - Adding type registration float -> org.hibernate.type.BasicTypeReference@d87d449
2025-10-11 14:53:57,205 [main] DEBUG org.hibernate.type.BasicTypeRegistry               - Adding type registration java.lang.Float -> org.hibernate.type.BasicTypeReference@d87d449
2025-10-11 14:53:57,205 [main] DEBUG org.hibernate.type.BasicTypeRegistry               - Adding type registration double -> org.hibernate.type.BasicTypeReference@4137aab0
2025-10-11 14:53:57,206 [main] DEBUG org.hibernate.type.BasicTypeRegistry               - Adding type registration double -> org.hibernate.type.BasicTypeReference@4137aab0
2025-10-11 14:53:57,206 [main] DEBUG org.hibernate.type.BasicTypeRegistry               - Adding type registration java.lang.Double -> org.hibernate.type.BasicTypeReference@4137aab0
2025-10-11 14:53:57,206 [main] DEBUG org.hibernate.type.BasicTypeRegistry               - Adding type registration big_integer -> org.hibernate.type.BasicTypeReference@1df9186f
2025-10-11 14:53:57,206 [main] DEBUG org.hibernate.type.BasicTypeRegistry               - Adding type registration java.math.BigInteger -> org.hibernate.type.BasicTypeReference@1df9186f
2025-10-11 14:53:57,206 [main] DEBUG org.hibernate.type.BasicTypeRegistry               - Adding type registration big_decimal -> org.hibernate.type.BasicTypeReference@682e422c
2025-10-11 14:53:57,206 [main] DEBUG org.hibernate.type.BasicTypeRegistry               - Adding type registration java.math.BigDecimal -> org.hibernate.type.BasicTypeReference@682e422c
2025-10-11 14:53:57,206 [main] DEBUG org.hibernate.type.BasicTypeRegistry               - Adding type registration character -> org.hibernate.type.BasicTypeReference@5bb8e6fc
2025-10-11 14:53:57,206 [main] DEBUG org.hibernate.type.BasicTypeRegistry               - Adding type registration char -> org.hibernate.type.BasicTypeReference@5bb8e6fc
2025-10-11 14:53:57,206 [main] DEBUG org.hibernate.type.BasicTypeRegistry               - Adding type registration java.lang.Character -> org.hibernate.type.BasicTypeReference@5bb8e6fc
2025-10-11 14:53:57,206 [main] DEBUG org.hibernate.type.BasicTypeRegistry               - Adding type registration character_nchar -> org.hibernate.type.BasicTypeReference@2726a511
2025-10-11 14:53:57,206 [main] DEBUG org.hibernate.type.BasicTypeRegistry               - Adding type registration string -> org.hibernate.type.BasicTypeReference@72c9ebfa
2025-10-11 14:53:57,206 [main] DEBUG org.hibernate.type.BasicTypeRegistry               - Adding type registration java.lang.String -> org.hibernate.type.BasicTypeReference@72c9ebfa
2025-10-11 14:53:57,206 [main] DEBUG org.hibernate.type.BasicTypeRegistry               - Adding type registration nstring -> org.hibernate.type.BasicTypeReference@686cf8ad
2025-10-11 14:53:57,206 [main] DEBUG org.hibernate.type.BasicTypeRegistry               - Adding type registration characters -> org.hibernate.type.BasicTypeReference@747f6c5a
2025-10-11 14:53:57,206 [main] DEBUG org.hibernate.type.BasicTypeRegistry               - Adding type registration char[] -> org.hibernate.type.BasicTypeReference@747f6c5a
2025-10-11 14:53:57,206 [main] DEBUG org.hibernate.type.BasicTypeRegistry               - Adding type registration [C -> org.hibernate.type.BasicTypeReference@747f6c5a
2025-10-11 14:53:57,206 [main] DEBUG org.hibernate.type.BasicTypeRegistry               - Adding type registration wrapper-characters -> org.hibernate.type.BasicTypeReference@66e341e9
2025-10-11 14:53:57,206 [main] DEBUG org.hibernate.type.BasicTypeRegistry               - Adding type registration text -> org.hibernate.type.BasicTypeReference@5b48f0f4
2025-10-11 14:53:57,206 [main] DEBUG org.hibernate.type.BasicTypeRegistry               - Adding type registration ntext -> org.hibernate.type.BasicTypeReference@546ed2a0
2025-10-11 14:53:57,206 [main] DEBUG org.hibernate.type.BasicTypeRegistry               - Adding type registration clob -> org.hibernate.type.BasicTypeReference@5bfc79cb
2025-10-11 14:53:57,206 [main] DEBUG org.hibernate.type.BasicTypeRegistry               - Adding type registration java.sql.Clob -> org.hibernate.type.BasicTypeReference@5bfc79cb
2025-10-11 14:53:57,206 [main] DEBUG org.hibernate.type.BasicTypeRegistry               - Adding type registration nclob -> org.hibernate.type.BasicTypeReference@27ec8754
2025-10-11 14:53:57,206 [main] DEBUG org.hibernate.type.BasicTypeRegistry               - Adding type registration java.sql.NClob -> org.hibernate.type.BasicTypeReference@27ec8754
2025-10-11 14:53:57,206 [main] DEBUG org.hibernate.type.BasicTypeRegistry               - Adding type registration materialized_clob -> org.hibernate.type.BasicTypeReference@3bbf1c0d
2025-10-11 14:53:57,206 [main] DEBUG org.hibernate.type.BasicTypeRegistry               - Adding type registration materialized_clob_char_array -> org.hibernate.type.BasicTypeReference@19662208
2025-10-11 14:53:57,206 [main] DEBUG org.hibernate.type.BasicTypeRegistry               - Adding type registration materialized_clob_character_array -> org.hibernate.type.BasicTypeReference@216c22ce
2025-10-11 14:53:57,206 [main] DEBUG org.hibernate.type.BasicTypeRegistry               - Adding type registration materialized_nclob -> org.hibernate.type.BasicTypeReference@62f9c790
2025-10-11 14:53:57,206 [main] DEBUG org.hibernate.type.BasicTypeRegistry               - Adding type registration materialized_nclob_character_array -> org.hibernate.type.BasicTypeReference@21e5f0b6
2025-10-11 14:53:57,207 [main] DEBUG org.hibernate.type.BasicTypeRegistry               - Adding type registration materialized_nclob_char_array -> org.hibernate.type.BasicTypeReference@93bf0e0
2025-10-11 14:53:57,207 [main] DEBUG org.hibernate.type.BasicTypeRegistry               - Adding type registration Duration -> org.hibernate.type.BasicTypeReference@4981d95b
2025-10-11 14:53:57,207 [main] DEBUG org.hibernate.type.BasicTypeRegistry               - Adding type registration java.time.Duration -> org.hibernate.type.BasicTypeReference@4981d95b
2025-10-11 14:53:57,207 [main] DEBUG org.hibernate.type.BasicTypeRegistry               - Adding type registration LocalDateTime -> org.hibernate.type.BasicTypeReference@656842bc
2025-10-11 14:53:57,207 [main] DEBUG org.hibernate.type.BasicTypeRegistry               - Adding type registration java.time.LocalDateTime -> org.hibernate.type.BasicTypeReference@656842bc
2025-10-11 14:53:57,207 [main] DEBUG org.hibernate.type.BasicTypeRegistry               - Adding type registration LocalDate -> org.hibernate.type.BasicTypeReference@6b867ee7
2025-10-11 14:53:57,207 [main] DEBUG org.hibernate.type.BasicTypeRegistry               - Adding type registration java.time.LocalDate -> org.hibernate.type.BasicTypeReference@6b867ee7
2025-10-11 14:53:57,207 [main] DEBUG org.hibernate.type.BasicTypeRegistry               - Adding type registration LocalTime -> org.hibernate.type.BasicTypeReference@3dec3f87
2025-10-11 14:53:57,207 [main] DEBUG org.hibernate.type.BasicTypeRegistry               - Adding type registration java.time.LocalTime -> org.hibernate.type.BasicTypeReference@3dec3f87
2025-10-11 14:53:57,207 [main] DEBUG org.hibernate.type.BasicTypeRegistry               - Adding type registration OffsetDateTime -> org.hibernate.type.BasicTypeReference@7a606260
2025-10-11 14:53:57,207 [main] DEBUG org.hibernate.type.BasicTypeRegistry               - Adding type registration java.time.OffsetDateTime -> org.hibernate.type.BasicTypeReference@7a606260
2025-10-11 14:53:57,207 [main] DEBUG org.hibernate.type.BasicTypeRegistry               - Adding type registration OffsetDateTimeWithTimezone -> org.hibernate.type.BasicTypeReference@5dbab232
2025-10-11 14:53:57,207 [main] DEBUG org.hibernate.type.BasicTypeRegistry               - Adding type registration OffsetDateTimeWithoutTimezone -> org.hibernate.type.BasicTypeReference@5939e24
2025-10-11 14:53:57,207 [main] DEBUG org.hibernate.type.BasicTypeRegistry               - Adding type registration OffsetTime -> org.hibernate.type.BasicTypeReference@595f9916
2025-10-11 14:53:57,207 [main] DEBUG org.hibernate.type.BasicTypeRegistry               - Adding type registration java.time.OffsetTime -> org.hibernate.type.BasicTypeReference@595f9916
2025-10-11 14:53:57,207 [main] DEBUG org.hibernate.type.BasicTypeRegistry               - Adding type registration OffsetTimeUtc -> org.hibernate.type.BasicTypeReference@2055833f
2025-10-11 14:53:57,207 [main] DEBUG org.hibernate.type.BasicTypeRegistry               - Adding type registration OffsetTimeWithTimezone -> org.hibernate.type.BasicTypeReference@28768e25
2025-10-11 14:53:57,207 [main] DEBUG org.hibernate.type.BasicTypeRegistry               - Adding type registration OffsetTimeWithoutTimezone -> org.hibernate.type.BasicTypeReference@310d57b1
2025-10-11 14:53:57,207 [main] DEBUG org.hibernate.type.BasicTypeRegistry               - Adding type registration ZonedDateTime -> org.hibernate.type.BasicTypeReference@143fefaf
2025-10-11 14:53:57,207 [main] DEBUG org.hibernate.type.BasicTypeRegistry               - Adding type registration java.time.ZonedDateTime -> org.hibernate.type.BasicTypeReference@143fefaf
2025-10-11 14:53:57,207 [main] DEBUG org.hibernate.type.BasicTypeRegistry               - Adding type registration ZonedDateTimeWithTimezone -> org.hibernate.type.BasicTypeReference@18ffca6c
2025-10-11 14:53:57,207 [main] DEBUG org.hibernate.type.BasicTypeRegistry               - Adding type registration ZonedDateTimeWithoutTimezone -> org.hibernate.type.BasicTypeReference@46468f0
2025-10-11 14:53:57,207 [main] DEBUG org.hibernate.type.BasicTypeRegistry               - Adding type registration date -> org.hibernate.type.BasicTypeReference@5f8f1712
2025-10-11 14:53:57,207 [main] DEBUG org.hibernate.type.BasicTypeRegistry               - Adding type registration java.sql.Date -> org.hibernate.type.BasicTypeReference@5f8f1712
2025-10-11 14:53:57,207 [main] DEBUG org.hibernate.type.BasicTypeRegistry               - Adding type registration time -> org.hibernate.type.BasicTypeReference@34a6d9db
2025-10-11 14:53:57,207 [main] DEBUG org.hibernate.type.BasicTypeRegistry               - Adding type registration java.sql.Time -> org.hibernate.type.BasicTypeReference@34a6d9db
2025-10-11 14:53:57,207 [main] DEBUG org.hibernate.type.BasicTypeRegistry               - Adding type registration timestamp -> org.hibernate.type.BasicTypeReference@52ecc989
2025-10-11 14:53:57,207 [main] DEBUG org.hibernate.type.BasicTypeRegistry               - Adding type registration java.sql.Timestamp -> org.hibernate.type.BasicTypeReference@52ecc989
2025-10-11 14:53:57,207 [main] DEBUG org.hibernate.type.BasicTypeRegistry               - Adding type registration java.util.Date -> org.hibernate.type.BasicTypeReference@52ecc989
2025-10-11 14:53:57,207 [main] DEBUG org.hibernate.type.BasicTypeRegistry               - Adding type registration calendar -> org.hibernate.type.BasicTypeReference@756808cc
2025-10-11 14:53:57,207 [main] DEBUG org.hibernate.type.BasicTypeRegistry               - Adding type registration java.util.Calendar -> org.hibernate.type.BasicTypeReference@756808cc
2025-10-11 14:53:57,207 [main] DEBUG org.hibernate.type.BasicTypeRegistry               - Adding type registration java.util.GregorianCalendar -> org.hibernate.type.BasicTypeReference@756808cc
2025-10-11 14:53:57,208 [main] DEBUG org.hibernate.type.BasicTypeRegistry               - Adding type registration calendar_date -> org.hibernate.type.BasicTypeReference@52f8a6f4
2025-10-11 14:53:57,208 [main] DEBUG org.hibernate.type.BasicTypeRegistry               - Adding type registration calendar_time -> org.hibernate.type.BasicTypeReference@5012c571
2025-10-11 14:53:57,208 [main] DEBUG org.hibernate.type.BasicTypeRegistry               - Adding type registration instant -> org.hibernate.type.BasicTypeReference@6486fe7b
2025-10-11 14:53:57,208 [main] DEBUG org.hibernate.type.BasicTypeRegistry               - Adding type registration java.time.Instant -> org.hibernate.type.BasicTypeReference@6486fe7b
2025-10-11 14:53:57,208 [main] DEBUG org.hibernate.type.BasicTypeRegistry               - Adding type registration uuid -> org.hibernate.type.BasicTypeReference@511da44f
2025-10-11 14:53:57,208 [main] DEBUG org.hibernate.type.BasicTypeRegistry               - Adding type registration java.util.UUID -> org.hibernate.type.BasicTypeReference@511da44f
2025-10-11 14:53:57,208 [main] DEBUG org.hibernate.type.BasicTypeRegistry               - Adding type registration pg-uuid -> org.hibernate.type.BasicTypeReference@511da44f
2025-10-11 14:53:57,208 [main] DEBUG org.hibernate.type.BasicTypeRegistry               - Adding type registration uuid-binary -> org.hibernate.type.BasicTypeReference@4645679e
2025-10-11 14:53:57,208 [main] DEBUG org.hibernate.type.BasicTypeRegistry               - Adding type registration uuid-char -> org.hibernate.type.BasicTypeReference@3a0b6a
2025-10-11 14:53:57,208 [main] DEBUG org.hibernate.type.BasicTypeRegistry               - Adding type registration class -> org.hibernate.type.BasicTypeReference@539c4830
2025-10-11 14:53:57,208 [main] DEBUG org.hibernate.type.BasicTypeRegistry               - Adding type registration java.lang.Class -> org.hibernate.type.BasicTypeReference@539c4830
2025-10-11 14:53:57,208 [main] DEBUG org.hibernate.type.BasicTypeRegistry               - Adding type registration currency -> org.hibernate.type.BasicTypeReference@6f1fa1d0
2025-10-11 14:53:57,208 [main] DEBUG org.hibernate.type.BasicTypeRegistry               - Adding type registration Currency -> org.hibernate.type.BasicTypeReference@6f1fa1d0
2025-10-11 14:53:57,208 [main] DEBUG org.hibernate.type.BasicTypeRegistry               - Adding type registration java.util.Currency -> org.hibernate.type.BasicTypeReference@6f1fa1d0
2025-10-11 14:53:57,208 [main] DEBUG org.hibernate.type.BasicTypeRegistry               - Adding type registration locale -> org.hibernate.type.BasicTypeReference@28b523a
2025-10-11 14:53:57,208 [main] DEBUG org.hibernate.type.BasicTypeRegistry               - Adding type registration java.util.Locale -> org.hibernate.type.BasicTypeReference@28b523a
2025-10-11 14:53:57,208 [main] DEBUG org.hibernate.type.BasicTypeRegistry               - Adding type registration serializable -> org.hibernate.type.BasicTypeReference@52ba685a
2025-10-11 14:53:57,208 [main] DEBUG org.hibernate.type.BasicTypeRegistry               - Adding type registration java.io.Serializable -> org.hibernate.type.BasicTypeReference@52ba685a
2025-10-11 14:53:57,208 [main] DEBUG org.hibernate.type.BasicTypeRegistry               - Adding type registration timezone -> org.hibernate.type.BasicTypeReference@63d677f5
2025-10-11 14:53:57,208 [main] DEBUG org.hibernate.type.BasicTypeRegistry               - Adding type registration java.util.TimeZone -> org.hibernate.type.BasicTypeReference@63d677f5
2025-10-11 14:53:57,208 [main] DEBUG org.hibernate.type.BasicTypeRegistry               - Adding type registration ZoneOffset -> org.hibernate.type.BasicTypeReference@71d55b7e
2025-10-11 14:53:57,208 [main] DEBUG org.hibernate.type.BasicTypeRegistry               - Adding type registration java.time.ZoneOffset -> org.hibernate.type.BasicTypeReference@71d55b7e
2025-10-11 14:53:57,208 [main] DEBUG org.hibernate.type.BasicTypeRegistry               - Adding type registration url -> org.hibernate.type.BasicTypeReference@2997ddfc
2025-10-11 14:53:57,208 [main] DEBUG org.hibernate.type.BasicTypeRegistry               - Adding type registration java.net.URL -> org.hibernate.type.BasicTypeReference@2997ddfc
2025-10-11 14:53:57,208 [main] DEBUG org.hibernate.type.BasicTypeRegistry               - Adding type registration vector -> org.hibernate.type.BasicTypeReference@28ee882c
2025-10-11 14:53:57,208 [main] DEBUG org.hibernate.type.BasicTypeRegistry               - Adding type registration row_version -> org.hibernate.type.BasicTypeReference@78d73b1b
2025-10-11 14:53:57,210 [main] DEBUG org.hibernate.type.BasicTypeRegistry               - Adding type registration object -> org.hibernate.type.JavaObjectType@64279ab
2025-10-11 14:53:57,210 [main] DEBUG org.hibernate.type.BasicTypeRegistry               - Adding type registration java.lang.Object -> org.hibernate.type.JavaObjectType@64279ab
2025-10-11 14:53:57,211 [main] DEBUG org.hibernate.type.BasicTypeRegistry               - Adding type registration null -> org.hibernate.type.NullType@4f5f474c
2025-10-11 14:53:57,211 [main] DEBUG org.hibernate.type.BasicTypeRegistry               - Adding type registration imm_date -> org.hibernate.type.BasicTypeReference@58a3d521
2025-10-11 14:53:57,211 [main] DEBUG org.hibernate.type.BasicTypeRegistry               - Adding type registration imm_time -> org.hibernate.type.BasicTypeReference@7f4a1cac
2025-10-11 14:53:57,211 [main] DEBUG org.hibernate.type.BasicTypeRegistry               - Adding type registration imm_timestamp -> org.hibernate.type.BasicTypeReference@4a1a412e
2025-10-11 14:53:57,211 [main] DEBUG org.hibernate.type.BasicTypeRegistry               - Adding type registration imm_calendar -> org.hibernate.type.BasicTypeReference@c568f91
2025-10-11 14:53:57,211 [main] DEBUG org.hibernate.type.BasicTypeRegistry               - Adding type registration imm_calendar_date -> org.hibernate.type.BasicTypeReference@5fd43e58
2025-10-11 14:53:57,211 [main] DEBUG org.hibernate.type.BasicTypeRegistry               - Adding type registration imm_calendar_time -> org.hibernate.type.BasicTypeReference@70d4f672
2025-10-11 14:53:57,211 [main] DEBUG org.hibernate.type.BasicTypeRegistry               - Adding type registration imm_binary -> org.hibernate.type.BasicTypeReference@68dfda77
2025-10-11 14:53:57,211 [main] DEBUG org.hibernate.type.BasicTypeRegistry               - Adding type registration imm_serializable -> org.hibernate.type.BasicTypeReference@50cdfafa
2025-10-11 14:53:57,311 [main] INFO  o.s.o.j.p.SpringPersistenceUnitInfo                - No LoadTimeWeaver setup: ignoring JPA class transformer
2025-10-11 14:53:57,328 [main] INFO  com.zaxxer.hikari.HikariDataSource                 - HikariPool-1 - Starting...
2025-10-11 14:53:57,522 [main] INFO  com.zaxxer.hikari.pool.HikariPool                  - HikariPool-1 - Added connection com.mysql.cj.jdbc.ConnectionImpl@1e606f64
2025-10-11 14:53:57,523 [main] INFO  com.zaxxer.hikari.HikariDataSource                 - HikariPool-1 - Start completed.
2025-10-11 14:53:57,558 [main] WARN  org.hibernate.orm.deprecation                      - HHH90000025: MySQLDialect does not need to be specified explicitly using 'hibernate.dialect' (remove the property setting and it will be selected by default)
2025-10-11 14:53:57,570 [main] DEBUG o.h.t.descriptor.sql.spi.DdlTypeRegistry           - addDescriptor(12, org.hibernate.type.descriptor.sql.internal.CapacityDependentDdlType@495da9a7) replaced previous registration(org.hibernate.type.descriptor.sql.internal.CapacityDependentDdlType@2beee3e8)
2025-10-11 14:53:57,570 [main] DEBUG o.h.t.descriptor.sql.spi.DdlTypeRegistry           - addDescriptor(-9, org.hibernate.type.descriptor.sql.internal.CapacityDependentDdlType@732d078d) replaced previous registration(org.hibernate.type.descriptor.sql.internal.CapacityDependentDdlType@58bad46f)
2025-10-11 14:53:57,570 [main] DEBUG o.h.t.descriptor.sql.spi.DdlTypeRegistry           - addDescriptor(-3, org.hibernate.type.descriptor.sql.internal.CapacityDependentDdlType@7c0e4e4e) replaced previous registration(org.hibernate.type.descriptor.sql.internal.CapacityDependentDdlType@20231384)
2025-10-11 14:53:57,570 [main] DEBUG o.h.t.descriptor.sql.spi.DdlTypeRegistry           - addDescriptor(4003, org.hibernate.type.descriptor.sql.internal.DdlTypeImpl@3ba97962) replaced previous registration(org.hibernate.type.descriptor.sql.internal.DdlTypeImpl@35becbd4)
2025-10-11 14:53:57,570 [main] DEBUG o.h.t.descriptor.sql.spi.DdlTypeRegistry           - addDescriptor(4001, org.hibernate.type.descriptor.sql.internal.DdlTypeImpl@3bcc8f13) replaced previous registration(org.hibernate.type.descriptor.sql.internal.DdlTypeImpl@3cb04dd)
2025-10-11 14:53:57,570 [main] DEBUG o.h.t.descriptor.sql.spi.DdlTypeRegistry           - addDescriptor(4002, org.hibernate.type.descriptor.sql.internal.DdlTypeImpl@73d91faf) replaced previous registration(org.hibernate.type.descriptor.sql.internal.DdlTypeImpl@30fa8a6b)
2025-10-11 14:53:57,570 [main] DEBUG o.h.t.descriptor.sql.spi.DdlTypeRegistry           - addDescriptor(2004, org.hibernate.type.descriptor.sql.internal.CapacityDependentDdlType@6f112f70) replaced previous registration(org.hibernate.type.descriptor.sql.internal.DdlTypeImpl@342723a3)
2025-10-11 14:53:57,570 [main] DEBUG o.h.t.descriptor.sql.spi.DdlTypeRegistry           - addDescriptor(2005, org.hibernate.type.descriptor.sql.internal.CapacityDependentDdlType@f3876ef) replaced previous registration(org.hibernate.type.descriptor.sql.internal.DdlTypeImpl@6b751cb1)
2025-10-11 14:53:57,570 [main] DEBUG o.h.t.descriptor.sql.spi.DdlTypeRegistry           - addDescriptor(2011, org.hibernate.type.descriptor.sql.internal.CapacityDependentDdlType@df9d400) replaced previous registration(org.hibernate.type.descriptor.sql.internal.DdlTypeImpl@4ec427)
2025-10-11 14:53:57,571 [main] DEBUG o.h.t.d.jdbc.spi.JdbcTypeRegistry                  - addDescriptor(NCharTypeDescriptor) replaced previous registration(CharTypeDescriptor)
2025-10-11 14:53:57,571 [main] DEBUG o.h.t.d.jdbc.spi.JdbcTypeRegistry                  - addDescriptor(NVarcharTypeDescriptor) replaced previous registration(VarcharTypeDescriptor)
2025-10-11 14:53:57,571 [main] DEBUG o.h.t.d.jdbc.spi.JdbcTypeRegistry                  - addDescriptor(LongNVarcharTypeDescriptor) replaced previous registration(LongVarcharTypeDescriptor)
2025-10-11 14:53:57,571 [main] DEBUG o.h.t.d.jdbc.spi.JdbcTypeRegistry                  - addDescriptor(NClobTypeDescriptor(DEFAULT)) replaced previous registration(ClobTypeDescriptor(DEFAULT))
2025-10-11 14:53:57,571 [main] DEBUG o.h.t.d.jdbc.spi.JdbcTypeRegistry                  - addDescriptor(2005, ClobTypeDescriptor(STREAM_BINDING)) replaced previous registration(ClobTypeDescriptor(DEFAULT))
2025-10-11 14:53:57,572 [main] DEBUG org.hibernate.type.BasicTypeRegistry               - Adding type registration null -> org.hibernate.type.NullType@50f3ba6a
2025-10-11 14:53:57,572 [main] DEBUG org.hibernate.type.BasicTypeRegistry               - Type registration key [null] overrode previous entry : `org.hibernate.type.NullType@4f5f474c`
2025-10-11 14:53:57,574 [main] DEBUG org.hibernate.type.BasicTypeRegistry               - Adding type registration org.hibernate.type.DurationType -> basicType@1(java.time.Duration,3015)
2025-10-11 14:53:57,574 [main] DEBUG org.hibernate.type.BasicTypeRegistry               - Adding type registration Duration -> basicType@1(java.time.Duration,3015)
2025-10-11 14:53:57,574 [main] DEBUG org.hibernate.type.BasicTypeRegistry               - Adding type registration java.time.Duration -> basicType@1(java.time.Duration,3015)
2025-10-11 14:53:57,575 [main] DEBUG org.hibernate.type.BasicTypeRegistry               - Adding type registration org.hibernate.type.OffsetDateTimeType -> basicType@2(java.time.OffsetDateTime,3003)
2025-10-11 14:53:57,575 [main] DEBUG org.hibernate.type.BasicTypeRegistry               - Adding type registration OffsetDateTime -> basicType@2(java.time.OffsetDateTime,3003)
2025-10-11 14:53:57,575 [main] DEBUG org.hibernate.type.BasicTypeRegistry               - Adding type registration java.time.OffsetDateTime -> basicType@2(java.time.OffsetDateTime,3003)
2025-10-11 14:53:57,575 [main] DEBUG org.hibernate.type.BasicTypeRegistry               - Adding type registration org.hibernate.type.ZonedDateTimeType -> basicType@3(java.time.ZonedDateTime,3003)
2025-10-11 14:53:57,575 [main] DEBUG org.hibernate.type.BasicTypeRegistry               - Adding type registration ZonedDateTime -> basicType@3(java.time.ZonedDateTime,3003)
2025-10-11 14:53:57,576 [main] DEBUG org.hibernate.type.BasicTypeRegistry               - Adding type registration java.time.ZonedDateTime -> basicType@3(java.time.ZonedDateTime,3003)
2025-10-11 14:53:57,576 [main] DEBUG org.hibernate.type.BasicTypeRegistry               - Adding type registration org.hibernate.type.OffsetTimeType -> basicType@4(java.time.OffsetTime,3007)
2025-10-11 14:53:57,576 [main] DEBUG org.hibernate.type.BasicTypeRegistry               - Adding type registration OffsetTime -> basicType@4(java.time.OffsetTime,3007)
2025-10-11 14:53:57,576 [main] DEBUG org.hibernate.type.BasicTypeRegistry               - Adding type registration java.time.OffsetTime -> basicType@4(java.time.OffsetTime,3007)
2025-10-11 14:53:57,576 [main] DEBUG o.h.type.spi.TypeConfiguration$Scope               - Scoping TypeConfiguration [org.hibernate.type.spi.TypeConfiguration@62883f8a] to MetadataBuildingContext [org.hibernate.boot.internal.MetadataBuildingContextRootImpl@36665c11]
2025-10-11 14:53:57,991 [main] INFO  o.h.e.t.j.p.i.JtaPlatformInitiator                 - HHH000489: No JTA platform available (set 'hibernate.transaction.jta.platform' to enable JTA platform integration)
2025-10-11 14:53:57,992 [main] DEBUG o.h.type.spi.TypeConfiguration$Scope               - Scoping TypeConfiguration [org.hibernate.type.spi.TypeConfiguration@62883f8a] to SessionFactoryImplementor [org.hibernate.internal.SessionFactoryImpl@4edd8a0a]
2025-10-11 14:53:58,063 [main] TRACE o.h.type.spi.TypeConfiguration$Scope               - Handling #sessionFactoryCreated from [org.hibernate.internal.SessionFactoryImpl@4edd8a0a] for TypeConfiguration
2025-10-11 14:53:58,063 [main] INFO  o.s.o.j.LocalContainerEntityManagerFactoryBean     - Initialized JPA EntityManagerFactory for persistence unit 'default'
2025-10-11 14:53:58,203 [main] INFO  o.s.d.j.r.query.QueryEnhancerFactory               - Hibernate is in classpath; If applicable, HQL parser will be used.
2025-10-11 14:53:58,327 [main] WARN  o.s.b.a.o.j.JpaBaseConfiguration$JpaWebConfiguration - spring.jpa.open-in-view is enabled by default. Therefore, database queries may be performed during view rendering. Explicitly configure spring.jpa.open-in-view to disable this warning
2025-10-11 14:53:58,834 [main] INFO  o.apache.coyote.http11.Http11NioProtocol           - Starting ProtocolHandler ["http-nio-8090"]
2025-10-11 14:53:58,842 [main] INFO  o.s.b.w.embedded.tomcat.TomcatWebServer            - Tomcat started on port 8090 (http) with context path ''
2025-10-11 14:53:58,848 [main] INFO  com.Rest.API.RestApiApplication                    - Started RestApiApplication in 2.729 seconds (process running for 3.101)
2025-10-11 14:54:13,758 [http-nio-8090-exec-1] INFO  o.a.c.c.C.[Tomcat].[localhost].[/]                 - Initializing Spring DispatcherServlet 'dispatcherServlet'
2025-10-11 14:54:13,759 [http-nio-8090-exec-1] INFO  o.s.web.servlet.DispatcherServlet                  - Initializing Servlet 'dispatcherServlet'
2025-10-11 14:54:13,762 [http-nio-8090-exec-1] INFO  o.s.web.servlet.DispatcherServlet                  - Completed initialization in 2 ms
2025-10-11 14:54:13,878 [http-nio-8090-exec-1] DEBUG org.hibernate.SQL                                  - select e1_0.id,e1_0.address_id,e1_0.age,e1_0.employee_name from employee e1_0
2025-10-11 14:54:13,905 [http-nio-8090-exec-1] DEBUG org.hibernate.SQL                                  - select a1_0.id,e1_0.id,a2_0.id,a2_0.employee_id,a2_0.postal_code,a2_0.street_name,e1_0.age,e1_0.employee_name,a1_0.postal_code,a1_0.street_name from address a1_0 left join employee e1_0 on e1_0.id=a1_0.employee_id left join address a2_0 on a2_0.id=e1_0.address_id where a1_0.id=?
2025-10-11 14:54:13,968 [http-nio-8090-exec-2] DEBUG org.hibernate.SQL                                  - select e1_0.id,e1_0.address_id,e1_0.age,e1_0.employee_name from employee e1_0
2025-10-11 14:54:13,970 [http-nio-8090-exec-2] DEBUG org.hibernate.SQL                                  - select a1_0.id,e1_0.id,a2_0.id,a2_0.employee_id,a2_0.postal_code,a2_0.street_name,e1_0.age,e1_0.employee_name,a1_0.postal_code,a1_0.street_name from address a1_0 left join employee e1_0 on e1_0.id=a1_0.employee_id left join address a2_0 on a2_0.id=e1_0.address_id where a1_0.id=?
2025-10-11 14:54:13,991 [http-nio-8090-exec-3] DEBUG org.hibernate.SQL                                  - select e1_0.id,e1_0.address_id,e1_0.age,e1_0.employee_name from employee e1_0
2025-10-11 14:54:13,993 [http-nio-8090-exec-3] DEBUG org.hibernate.SQL                                  - select a1_0.id,e1_0.id,a2_0.id,a2_0.employee_id,a2_0.postal_code,a2_0.street_name,e1_0.age,e1_0.employee_name,a1_0.postal_code,a1_0.street_name from address a1_0 left join employee e1_0 on e1_0.id=a1_0.employee_id left join address a2_0 on a2_0.id=e1_0.address_id where a1_0.id=?
2025-10-11 14:55:50,704 [http-nio-8090-exec-6] DEBUG org.hibernate.SQL                                  - select e1_0.id,e1_0.address_id,e1_0.age,e1_0.employee_name from employee e1_0
2025-10-11 14:55:50,710 [http-nio-8090-exec-6] DEBUG org.hibernate.SQL                                  - select a1_0.id,e1_0.id,a2_0.id,a2_0.employee_id,a2_0.postal_code,a2_0.street_name,e1_0.age,e1_0.employee_name,a1_0.postal_code,a1_0.street_name from address a1_0 left join employee e1_0 on e1_0.id=a1_0.employee_id left join address a2_0 on a2_0.id=e1_0.address_id where a1_0.id=?
2025-10-11 14:56:13,506 [http-nio-8090-exec-8] DEBUG org.hibernate.SQL                                  - select e1_0.id,e1_0.address_id,e1_0.age,e1_0.employee_name from employee e1_0
2025-10-11 14:56:13,513 [http-nio-8090-exec-8] DEBUG org.hibernate.SQL                                  - select a1_0.id,e1_0.id,a2_0.id,a2_0.employee_id,a2_0.postal_code,a2_0.street_name,e1_0.age,e1_0.employee_name,a1_0.postal_code,a1_0.street_name from address a1_0 left join employee e1_0 on e1_0.id=a1_0.employee_id left join address a2_0 on a2_0.id=e1_0.address_id where a1_0.id=?
2025-10-11 14:56:36,110 [http-nio-8090-exec-10] DEBUG org.hibernate.SQL                                  - select e1_0.id,e1_0.address_id,e1_0.age,e1_0.employee_name from employee e1_0
2025-10-11 14:56:36,116 [http-nio-8090-exec-10] DEBUG org.hibernate.SQL                                  - select a1_0.id,e1_0.id,a2_0.id,a2_0.employee_id,a2_0.postal_code,a2_0.street_name,e1_0.age,e1_0.employee_name,a1_0.postal_code,a1_0.street_name from address a1_0 left join employee e1_0 on e1_0.id=a1_0.employee_id left join address a2_0 on a2_0.id=e1_0.address_id where a1_0.id=?
2025-10-11 14:56:36,137 [http-nio-8090-exec-1] DEBUG org.hibernate.SQL                                  - select e1_0.id,e1_0.address_id,e1_0.age,e1_0.employee_name from employee e1_0
2025-10-11 14:56:36,141 [http-nio-8090-exec-1] DEBUG org.hibernate.SQL                                  - select a1_0.id,e1_0.id,a2_0.id,a2_0.employee_id,a2_0.postal_code,a2_0.street_name,e1_0.age,e1_0.employee_name,a1_0.postal_code,a1_0.street_name from address a1_0 left join employee e1_0 on e1_0.id=a1_0.employee_id left join address a2_0 on a2_0.id=e1_0.address_id where a1_0.id=?
2025-10-11 14:56:36,156 [http-nio-8090-exec-2] DEBUG org.hibernate.SQL                                  - select e1_0.id,e1_0.address_id,e1_0.age,e1_0.employee_name from employee e1_0
2025-10-11 14:56:36,161 [http-nio-8090-exec-2] DEBUG org.hibernate.SQL                                  - select a1_0.id,e1_0.id,a2_0.id,a2_0.employee_id,a2_0.postal_code,a2_0.street_name,e1_0.age,e1_0.employee_name,a1_0.postal_code,a1_0.street_name from address a1_0 left join employee e1_0 on e1_0.id=a1_0.employee_id left join address a2_0 on a2_0.id=e1_0.address_id where a1_0.id=?
2025-10-11 14:57:21,759 [http-nio-8090-exec-6] DEBUG org.hibernate.SQL                                  - select count(*) from employee e1_0 where e1_0.id=?
2025-10-11 14:57:21,773 [http-nio-8090-exec-6] DEBUG org.hibernate.SQL                                  - select e1_0.id,a1_0.id,e2_0.id,e2_0.address_id,e2_0.age,e2_0.employee_name,a1_0.postal_code,a1_0.street_name,e1_0.age,e1_0.employee_name from employee e1_0 left join address a1_0 on a1_0.id=e1_0.address_id left join employee e2_0 on e2_0.id=a1_0.employee_id where e1_0.id=?
2025-10-11 14:57:21,787 [http-nio-8090-exec-6] DEBUG org.hibernate.SQL                                  - delete from employee where id=?
2025-10-11 14:57:31,219 [http-nio-8090-exec-8] DEBUG org.hibernate.SQL                                  - select e1_0.id,e1_0.address_id,e1_0.age,e1_0.employee_name from employee e1_0
2025-10-11 14:57:31,228 [http-nio-8090-exec-9] DEBUG org.hibernate.SQL                                  - select e1_0.id,e1_0.address_id,e1_0.age,e1_0.employee_name from employee e1_0
2025-10-11 14:58:12,613 [http-nio-8090-exec-1] DEBUG org.hibernate.SQL                                  - select e1_0.id,e1_0.address_id,e1_0.age,e1_0.employee_name from employee e1_0
2025-10-11 14:58:12,625 [http-nio-8090-exec-2] DEBUG org.hibernate.SQL                                  - select e1_0.id,e1_0.address_id,e1_0.age,e1_0.employee_name from employee e1_0
2025-10-11 15:00:25,753 [http-nio-8090-exec-4] DEBUG org.hibernate.SQL                                  - select e1_0.id,e1_0.address_id,e1_0.age,e1_0.employee_name from employee e1_0
2025-10-11 15:00:25,767 [http-nio-8090-exec-6] DEBUG org.hibernate.SQL                                  - select e1_0.id,e1_0.address_id,e1_0.age,e1_0.employee_name from employee e1_0
2025-10-11 15:00:45,604 [http-nio-8090-exec-10] DEBUG org.hibernate.SQL                                  - select next_val as id_val from address_seq for update
2025-10-11 15:00:45,612 [http-nio-8090-exec-10] DEBUG org.hibernate.SQL                                  - update address_seq set next_val= ? where next_val=?
2025-10-11 15:00:45,629 [http-nio-8090-exec-10] DEBUG org.hibernate.SQL                                  - insert into address (employee_id,postal_code,street_name,id) values (?,?,?,?)
2025-10-11 15:00:45,641 [http-nio-8090-exec-10] DEBUG org.hibernate.SQL                                  - select next_val as id_val from employee_seq for update
2025-10-11 15:00:45,643 [http-nio-8090-exec-10] DEBUG org.hibernate.SQL                                  - update employee_seq set next_val= ? where next_val=?
2025-10-11 15:00:45,647 [http-nio-8090-exec-10] DEBUG org.hibernate.SQL                                  - insert into employee (address_id,age,employee_name,id) values (?,?,?,?)
2025-10-11 15:00:45,669 [http-nio-8090-exec-1] DEBUG org.hibernate.SQL                                  - select e1_0.id,e1_0.address_id,e1_0.age,e1_0.employee_name from employee e1_0
2025-10-11 15:00:45,672 [http-nio-8090-exec-1] DEBUG org.hibernate.SQL                                  - select a1_0.id,e1_0.id,a2_0.id,a2_0.employee_id,a2_0.postal_code,a2_0.street_name,e1_0.age,e1_0.employee_name,a1_0.postal_code,a1_0.street_name from address a1_0 left join employee e1_0 on e1_0.id=a1_0.employee_id left join address a2_0 on a2_0.id=e1_0.address_id where a1_0.id=?
2025-10-11 15:00:45,678 [http-nio-8090-exec-2] DEBUG org.hibernate.SQL                                  - select e1_0.id,e1_0.address_id,e1_0.age,e1_0.employee_name from employee e1_0
2025-10-11 15:00:45,679 [http-nio-8090-exec-2] DEBUG org.hibernate.SQL                                  - select a1_0.id,e1_0.id,a2_0.id,a2_0.employee_id,a2_0.postal_code,a2_0.street_name,e1_0.age,e1_0.employee_name,a1_0.postal_code,a1_0.street_name from address a1_0 left join employee e1_0 on e1_0.id=a1_0.employee_id left join address a2_0 on a2_0.id=e1_0.address_id where a1_0.id=?
2025-10-11 15:00:45,685 [http-nio-8090-exec-5] DEBUG org.hibernate.SQL                                  - select e1_0.id,e1_0.address_id,e1_0.age,e1_0.employee_name from employee e1_0
2025-10-11 15:00:45,686 [http-nio-8090-exec-5] DEBUG org.hibernate.SQL                                  - select a1_0.id,e1_0.id,a2_0.id,a2_0.employee_id,a2_0.postal_code,a2_0.street_name,e1_0.age,e1_0.employee_name,a1_0.postal_code,a1_0.street_name from address a1_0 left join employee e1_0 on e1_0.id=a1_0.employee_id left join address a2_0 on a2_0.id=e1_0.address_id where a1_0.id=?
2025-10-11 15:03:02,879 [http-nio-8090-exec-4] DEBUG org.hibernate.SQL                                  - select e1_0.id,e1_0.address_id,e1_0.age,e1_0.employee_name from employee e1_0
2025-10-11 15:03:02,893 [http-nio-8090-exec-4] DEBUG org.hibernate.SQL                                  - select a1_0.id,e1_0.id,a2_0.id,a2_0.employee_id,a2_0.postal_code,a2_0.street_name,e1_0.age,e1_0.employee_name,a1_0.postal_code,a1_0.street_name from address a1_0 left join employee e1_0 on e1_0.id=a1_0.employee_id left join address a2_0 on a2_0.id=e1_0.address_id where a1_0.id=?
2025-10-11 15:03:02,905 [http-nio-8090-exec-6] DEBUG org.hibernate.SQL                                  - select e1_0.id,e1_0.address_id,e1_0.age,e1_0.employee_name from employee e1_0
2025-10-11 15:03:02,906 [http-nio-8090-exec-6] DEBUG org.hibernate.SQL                                  - select a1_0.id,e1_0.id,a2_0.id,a2_0.employee_id,a2_0.postal_code,a2_0.street_name,e1_0.age,e1_0.employee_name,a1_0.postal_code,a1_0.street_name from address a1_0 left join employee e1_0 on e1_0.id=a1_0.employee_id left join address a2_0 on a2_0.id=e1_0.address_id where a1_0.id=?
2025-10-11 15:03:02,913 [http-nio-8090-exec-7] DEBUG org.hibernate.SQL                                  - select e1_0.id,e1_0.address_id,e1_0.age,e1_0.employee_name from employee e1_0
2025-10-11 15:03:02,915 [http-nio-8090-exec-7] DEBUG org.hibernate.SQL                                  - select a1_0.id,e1_0.id,a2_0.id,a2_0.employee_id,a2_0.postal_code,a2_0.street_name,e1_0.age,e1_0.employee_name,a1_0.postal_code,a1_0.street_name from address a1_0 left join employee e1_0 on e1_0.id=a1_0.employee_id left join address a2_0 on a2_0.id=e1_0.address_id where a1_0.id=?
2025-10-11 15:03:06,990 [http-nio-8090-exec-1] DEBUG org.hibernate.SQL                                  - select count(*) from employee e1_0 where e1_0.id=?
2025-10-11 15:03:07,005 [http-nio-8090-exec-1] DEBUG org.hibernate.SQL                                  - select e1_0.id,a1_0.id,e2_0.id,e2_0.address_id,e2_0.age,e2_0.employee_name,a1_0.postal_code,a1_0.street_name,e1_0.age,e1_0.employee_name from employee e1_0 left join address a1_0 on a1_0.id=e1_0.address_id left join employee e2_0 on e2_0.id=a1_0.employee_id where e1_0.id=?
2025-10-11 15:03:07,012 [http-nio-8090-exec-1] DEBUG org.hibernate.SQL                                  - delete from employee where id=?
2025-10-11 15:03:09,146 [http-nio-8090-exec-2] DEBUG org.hibernate.SQL                                  - select e1_0.id,e1_0.address_id,e1_0.age,e1_0.employee_name from employee e1_0
2025-10-11 15:03:09,170 [http-nio-8090-exec-5] DEBUG org.hibernate.SQL                                  - select e1_0.id,e1_0.address_id,e1_0.age,e1_0.employee_name from employee e1_0
2025-10-11 15:03:24,002 [http-nio-8090-exec-4] DEBUG org.hibernate.SQL                                  - insert into address (employee_id,postal_code,street_name,id) values (?,?,?,?)
2025-10-11 15:03:24,011 [http-nio-8090-exec-4] DEBUG org.hibernate.SQL                                  - insert into employee (address_id,age,employee_name,id) values (?,?,?,?)
2025-10-11 15:03:24,025 [http-nio-8090-exec-6] DEBUG org.hibernate.SQL                                  - select e1_0.id,e1_0.address_id,e1_0.age,e1_0.employee_name from employee e1_0
2025-10-11 15:03:24,032 [http-nio-8090-exec-6] DEBUG org.hibernate.SQL                                  - select a1_0.id,e1_0.id,a2_0.id,a2_0.employee_id,a2_0.postal_code,a2_0.street_name,e1_0.age,e1_0.employee_name,a1_0.postal_code,a1_0.street_name from address a1_0 left join employee e1_0 on e1_0.id=a1_0.employee_id left join address a2_0 on a2_0.id=e1_0.address_id where a1_0.id=?
2025-10-11 15:03:24,045 [http-nio-8090-exec-7] DEBUG org.hibernate.SQL                                  - select e1_0.id,e1_0.address_id,e1_0.age,e1_0.employee_name from employee e1_0
2025-10-11 15:03:24,046 [http-nio-8090-exec-7] DEBUG org.hibernate.SQL                                  - select a1_0.id,e1_0.id,a2_0.id,a2_0.employee_id,a2_0.postal_code,a2_0.street_name,e1_0.age,e1_0.employee_name,a1_0.postal_code,a1_0.street_name from address a1_0 left join employee e1_0 on e1_0.id=a1_0.employee_id left join address a2_0 on a2_0.id=e1_0.address_id where a1_0.id=?
2025-10-11 15:03:24,054 [http-nio-8090-exec-8] DEBUG org.hibernate.SQL                                  - select e1_0.id,e1_0.address_id,e1_0.age,e1_0.employee_name from employee e1_0
2025-10-11 15:03:24,055 [http-nio-8090-exec-8] DEBUG org.hibernate.SQL                                  - select a1_0.id,e1_0.id,a2_0.id,a2_0.employee_id,a2_0.postal_code,a2_0.street_name,e1_0.age,e1_0.employee_name,a1_0.postal_code,a1_0.street_name from address a1_0 left join employee e1_0 on e1_0.id=a1_0.employee_id left join address a2_0 on a2_0.id=e1_0.address_id where a1_0.id=?
2025-10-11 15:03:35,471 [http-nio-8090-exec-1] DEBUG org.hibernate.SQL                                  - select e1_0.id,e1_0.address_id,e1_0.age,e1_0.employee_name from employee e1_0
2025-10-11 15:03:35,474 [http-nio-8090-exec-1] DEBUG org.hibernate.SQL                                  - select a1_0.id,e1_0.id,a2_0.id,a2_0.employee_id,a2_0.postal_code,a2_0.street_name,e1_0.age,e1_0.employee_name,a1_0.postal_code,a1_0.street_name from address a1_0 left join employee e1_0 on e1_0.id=a1_0.employee_id left join address a2_0 on a2_0.id=e1_0.address_id where a1_0.id=?
2025-10-11 15:03:52,972 [http-nio-8090-exec-5] DEBUG org.hibernate.SQL                                  - insert into address (employee_id,postal_code,street_name,id) values (?,?,?,?)
2025-10-11 15:03:52,996 [http-nio-8090-exec-5] DEBUG org.hibernate.SQL                                  - insert into employee (address_id,age,employee_name,id) values (?,?,?,?)
2025-10-11 15:04:01,871 [http-nio-8090-exec-3] DEBUG org.hibernate.SQL                                  - select e1_0.id,e1_0.address_id,e1_0.age,e1_0.employee_name from employee e1_0
2025-10-11 15:04:01,875 [http-nio-8090-exec-3] DEBUG org.hibernate.SQL                                  - select a1_0.id,e1_0.id,a2_0.id,a2_0.employee_id,a2_0.postal_code,a2_0.street_name,e1_0.age,e1_0.employee_name,a1_0.postal_code,a1_0.street_name from address a1_0 left join employee e1_0 on e1_0.id=a1_0.employee_id left join address a2_0 on a2_0.id=e1_0.address_id where a1_0.id=?
2025-10-11 15:04:01,878 [http-nio-8090-exec-3] DEBUG org.hibernate.SQL                                  - select a1_0.id,e1_0.id,a2_0.id,a2_0.employee_id,a2_0.postal_code,a2_0.street_name,e1_0.age,e1_0.employee_name,a1_0.postal_code,a1_0.street_name from address a1_0 left join employee e1_0 on e1_0.id=a1_0.employee_id left join address a2_0 on a2_0.id=e1_0.address_id where a1_0.id=?
2025-10-11 15:04:01,889 [http-nio-8090-exec-4] DEBUG org.hibernate.SQL                                  - select e1_0.id,e1_0.address_id,e1_0.age,e1_0.employee_name from employee e1_0
2025-10-11 15:04:01,891 [http-nio-8090-exec-4] DEBUG org.hibernate.SQL                                  - select a1_0.id,e1_0.id,a2_0.id,a2_0.employee_id,a2_0.postal_code,a2_0.street_name,e1_0.age,e1_0.employee_name,a1_0.postal_code,a1_0.street_name from address a1_0 left join employee e1_0 on e1_0.id=a1_0.employee_id left join address a2_0 on a2_0.id=e1_0.address_id where a1_0.id=?
2025-10-11 15:04:01,892 [http-nio-8090-exec-4] DEBUG org.hibernate.SQL                                  - select a1_0.id,e1_0.id,a2_0.id,a2_0.employee_id,a2_0.postal_code,a2_0.street_name,e1_0.age,e1_0.employee_name,a1_0.postal_code,a1_0.street_name from address a1_0 left join employee e1_0 on e1_0.id=a1_0.employee_id left join address a2_0 on a2_0.id=e1_0.address_id where a1_0.id=?
2025-10-11 15:04:01,898 [http-nio-8090-exec-6] DEBUG org.hibernate.SQL                                  - select e1_0.id,e1_0.address_id,e1_0.age,e1_0.employee_name from employee e1_0
2025-10-11 15:04:01,899 [http-nio-8090-exec-6] DEBUG org.hibernate.SQL                                  - select a1_0.id,e1_0.id,a2_0.id,a2_0.employee_id,a2_0.postal_code,a2_0.street_name,e1_0.age,e1_0.employee_name,a1_0.postal_code,a1_0.street_name from address a1_0 left join employee e1_0 on e1_0.id=a1_0.employee_id left join address a2_0 on a2_0.id=e1_0.address_id where a1_0.id=?
2025-10-11 15:04:01,901 [http-nio-8090-exec-6] DEBUG org.hibernate.SQL                                  - select a1_0.id,e1_0.id,a2_0.id,a2_0.employee_id,a2_0.postal_code,a2_0.street_name,e1_0.age,e1_0.employee_name,a1_0.postal_code,a1_0.street_name from address a1_0 left join employee e1_0 on e1_0.id=a1_0.employee_id left join address a2_0 on a2_0.id=e1_0.address_id where a1_0.id=?
2025-10-11 15:04:33,160 [http-nio-8090-exec-10] DEBUG org.hibernate.SQL                                  - select e1_0.id,e1_0.address_id,e1_0.age,e1_0.employee_name from employee e1_0
2025-10-11 15:04:33,164 [http-nio-8090-exec-10] DEBUG org.hibernate.SQL                                  - select a1_0.id,e1_0.id,a2_0.id,a2_0.employee_id,a2_0.postal_code,a2_0.street_name,e1_0.age,e1_0.employee_name,a1_0.postal_code,a1_0.street_name from address a1_0 left join employee e1_0 on e1_0.id=a1_0.employee_id left join address a2_0 on a2_0.id=e1_0.address_id where a1_0.id=?
2025-10-11 15:04:33,166 [http-nio-8090-exec-10] DEBUG org.hibernate.SQL                                  - select a1_0.id,e1_0.id,a2_0.id,a2_0.employee_id,a2_0.postal_code,a2_0.street_name,e1_0.age,e1_0.employee_name,a1_0.postal_code,a1_0.street_name from address a1_0 left join employee e1_0 on e1_0.id=a1_0.employee_id left join address a2_0 on a2_0.id=e1_0.address_id where a1_0.id=?
2025-10-11 15:04:40,783 [http-nio-8090-exec-2] DEBUG org.hibernate.SQL                                  - select count(*) from employee e1_0 where e1_0.id=?
2025-10-11 15:04:40,804 [http-nio-8090-exec-2] DEBUG org.hibernate.SQL                                  - select e1_0.id,a1_0.id,e2_0.id,e2_0.address_id,e2_0.age,e2_0.employee_name,a1_0.postal_code,a1_0.street_name,e1_0.age,e1_0.employee_name from employee e1_0 left join address a1_0 on a1_0.id=e1_0.address_id left join employee e2_0 on e2_0.id=a1_0.employee_id where e1_0.id=?
2025-10-11 15:04:40,809 [http-nio-8090-exec-2] DEBUG org.hibernate.SQL                                  - delete from employee where id=?
2025-10-11 15:04:51,265 [http-nio-8090-exec-5] DEBUG org.hibernate.SQL                                  - select e1_0.id,e1_0.address_id,e1_0.age,e1_0.employee_name from employee e1_0
2025-10-11 15:04:51,269 [http-nio-8090-exec-5] DEBUG org.hibernate.SQL                                  - select a1_0.id,e1_0.id,a2_0.id,a2_0.employee_id,a2_0.postal_code,a2_0.street_name,e1_0.age,e1_0.employee_name,a1_0.postal_code,a1_0.street_name from address a1_0 left join employee e1_0 on e1_0.id=a1_0.employee_id left join address a2_0 on a2_0.id=e1_0.address_id where a1_0.id=?
2025-10-11 15:04:51,281 [http-nio-8090-exec-3] DEBUG org.hibernate.SQL                                  - select e1_0.id,e1_0.address_id,e1_0.age,e1_0.employee_name from employee e1_0
2025-10-11 15:04:51,292 [http-nio-8090-exec-3] DEBUG org.hibernate.SQL                                  - select a1_0.id,e1_0.id,a2_0.id,a2_0.employee_id,a2_0.postal_code,a2_0.street_name,e1_0.age,e1_0.employee_name,a1_0.postal_code,a1_0.street_name from address a1_0 left join employee e1_0 on e1_0.id=a1_0.employee_id left join address a2_0 on a2_0.id=e1_0.address_id where a1_0.id=?
2025-10-11 15:04:51,363 [http-nio-8090-exec-4] DEBUG org.hibernate.SQL                                  - select e1_0.id,e1_0.address_id,e1_0.age,e1_0.employee_name from employee e1_0
2025-10-11 15:04:51,365 [http-nio-8090-exec-4] DEBUG org.hibernate.SQL                                  - select a1_0.id,e1_0.id,a2_0.id,a2_0.employee_id,a2_0.postal_code,a2_0.street_name,e1_0.age,e1_0.employee_name,a1_0.postal_code,a1_0.street_name from address a1_0 left join employee e1_0 on e1_0.id=a1_0.employee_id left join address a2_0 on a2_0.id=e1_0.address_id where a1_0.id=?
2025-10-11 15:04:51,390 [http-nio-8090-exec-6] DEBUG org.hibernate.SQL                                  - select e1_0.id,e1_0.address_id,e1_0.age,e1_0.employee_name from employee e1_0
2025-10-11 15:04:51,402 [http-nio-8090-exec-6] DEBUG org.hibernate.SQL                                  - select a1_0.id,e1_0.id,a2_0.id,a2_0.employee_id,a2_0.postal_code,a2_0.street_name,e1_0.age,e1_0.employee_name,a1_0.postal_code,a1_0.street_name from address a1_0 left join employee e1_0 on e1_0.id=a1_0.employee_id left join address a2_0 on a2_0.id=e1_0.address_id where a1_0.id=?
2025-10-11 15:04:51,412 [http-nio-8090-exec-6] DEBUG org.hibernate.SQL                                  - select e1_0.id,e1_0.address_id,e1_0.age,e1_0.employee_name from employee e1_0
2025-10-11 15:04:51,413 [http-nio-8090-exec-6] DEBUG org.hibernate.SQL                                  - select a1_0.id,e1_0.id,a2_0.id,a2_0.employee_id,a2_0.postal_code,a2_0.street_name,e1_0.age,e1_0.employee_name,a1_0.postal_code,a1_0.street_name from address a1_0 left join employee e1_0 on e1_0.id=a1_0.employee_id left join address a2_0 on a2_0.id=e1_0.address_id where a1_0.id=?
2025-10-11 15:04:55,824 [http-nio-8090-exec-9] DEBUG org.hibernate.SQL                                  - select e1_0.id,e1_0.address_id,e1_0.age,e1_0.employee_name from employee e1_0
2025-10-11 15:04:55,829 [http-nio-8090-exec-9] DEBUG org.hibernate.SQL                                  - select a1_0.id,e1_0.id,a2_0.id,a2_0.employee_id,a2_0.postal_code,a2_0.street_name,e1_0.age,e1_0.employee_name,a1_0.postal_code,a1_0.street_name from address a1_0 left join employee e1_0 on e1_0.id=a1_0.employee_id left join address a2_0 on a2_0.id=e1_0.address_id where a1_0.id=?
2025-10-11 15:14:39,860 [http-nio-8090-exec-1] DEBUG org.hibernate.SQL                                  - select e1_0.id,e1_0.address_id,e1_0.age,e1_0.employee_name from employee e1_0
2025-10-11 15:14:39,877 [http-nio-8090-exec-1] DEBUG org.hibernate.SQL                                  - select a1_0.id,e1_0.id,a2_0.id,a2_0.employee_id,a2_0.postal_code,a2_0.street_name,e1_0.age,e1_0.employee_name,a1_0.postal_code,a1_0.street_name from address a1_0 left join employee e1_0 on e1_0.id=a1_0.employee_id left join address a2_0 on a2_0.id=e1_0.address_id where a1_0.id=?
2025-10-11 15:14:39,887 [http-nio-8090-exec-5] DEBUG org.hibernate.SQL                                  - select e1_0.id,e1_0.address_id,e1_0.age,e1_0.employee_name from employee e1_0
2025-10-11 15:14:39,888 [http-nio-8090-exec-5] DEBUG org.hibernate.SQL                                  - select a1_0.id,e1_0.id,a2_0.id,a2_0.employee_id,a2_0.postal_code,a2_0.street_name,e1_0.age,e1_0.employee_name,a1_0.postal_code,a1_0.street_name from address a1_0 left join employee e1_0 on e1_0.id=a1_0.employee_id left join address a2_0 on a2_0.id=e1_0.address_id where a1_0.id=?
2025-10-11 15:14:39,894 [http-nio-8090-exec-3] DEBUG org.hibernate.SQL                                  - select e1_0.id,e1_0.address_id,e1_0.age,e1_0.employee_name from employee e1_0
2025-10-11 15:14:39,896 [http-nio-8090-exec-3] DEBUG org.hibernate.SQL                                  - select a1_0.id,e1_0.id,a2_0.id,a2_0.employee_id,a2_0.postal_code,a2_0.street_name,e1_0.age,e1_0.employee_name,a1_0.postal_code,a1_0.street_name from address a1_0 left join employee e1_0 on e1_0.id=a1_0.employee_id left join address a2_0 on a2_0.id=e1_0.address_id where a1_0.id=?
2025-10-11 15:16:41,772 [http-nio-8090-exec-6] DEBUG org.hibernate.SQL                                  - select e1_0.id,a1_0.id,e2_0.id,e2_0.address_id,e2_0.age,e2_0.employee_name,a1_0.postal_code,a1_0.street_name,e1_0.age,e1_0.employee_name from employee e1_0 left join address a1_0 on a1_0.id=e1_0.address_id left join employee e2_0 on e2_0.id=a1_0.employee_id where e1_0.id=?
2025-10-11 15:16:41,790 [http-nio-8090-exec-8] DEBUG org.hibernate.SQL                                  - select e1_0.id,a1_0.id,e2_0.id,e2_0.address_id,e2_0.age,e2_0.employee_name,a1_0.postal_code,a1_0.street_name,e1_0.age,e1_0.employee_name from employee e1_0 left join address a1_0 on a1_0.id=e1_0.address_id left join employee e2_0 on e2_0.id=a1_0.employee_id where e1_0.id=?
2025-10-11 15:19:45,002 [SpringApplicationShutdownHook] INFO  o.s.o.j.LocalContainerEntityManagerFactoryBean     - Closing JPA EntityManagerFactory for persistence unit 'default'
2025-10-11 15:19:45,008 [SpringApplicationShutdownHook] TRACE o.h.type.spi.TypeConfiguration$Scope               - Handling #sessionFactoryClosed from [org.hibernate.internal.SessionFactoryImpl@4edd8a0a] for TypeConfiguration
2025-10-11 15:19:45,008 [SpringApplicationShutdownHook] DEBUG o.h.type.spi.TypeConfiguration$Scope               - Un-scoping TypeConfiguration [org.hibernate.type.spi.TypeConfiguration$Scope@1db98b79] from SessionFactory [org.hibernate.internal.SessionFactoryImpl@4edd8a0a]
2025-10-11 15:19:45,012 [SpringApplicationShutdownHook] INFO  com.zaxxer.hikari.HikariDataSource                 - HikariPool-1 - Shutdown initiated...
2025-10-11 15:19:45,035 [SpringApplicationShutdownHook] INFO  com.zaxxer.hikari.HikariDataSource                 - HikariPool-1 - Shutdown completed.
2025-10-11 15:19:47,170 [main] INFO  com.Rest.API.RestApiApplication                    - Starting RestApiApplication using Java 23.0.2 with PID 67183 (/Users/dineshchandgeetharavichandran/Desktop/Dinesh/Project/Spring-Rest-API/Spring-Boot-Rest-API/target/classes started by dineshchandgeetharavichandran in /Users/dineshchandgeetharavichandran/Desktop/Dinesh/Project/Spring-Rest-API/Spring-Boot-Rest-API)
2025-10-11 15:19:47,170 [main] DEBUG com.Rest.API.RestApiApplication                    - Running with Spring Boot v3.2.4, Spring v6.1.5
2025-10-11 15:19:47,171 [main] INFO  com.Rest.API.RestApiApplication                    - No active profile set, falling back to 1 default profile: "default"
2025-10-11 15:19:47,565 [main] INFO  o.s.d.r.c.RepositoryConfigurationDelegate          - Bootstrapping Spring Data JPA repositories in DEFAULT mode.
2025-10-11 15:19:47,599 [main] INFO  o.s.d.r.c.RepositoryConfigurationDelegate          - Finished Spring Data repository scanning in 30 ms. Found 3 JPA repository interfaces.
2025-10-11 15:19:47,858 [main] INFO  o.s.b.w.embedded.tomcat.TomcatWebServer            - Tomcat initialized with port 8090 (http)
2025-10-11 15:19:47,863 [main] INFO  o.apache.coyote.http11.Http11NioProtocol           - Initializing ProtocolHandler ["http-nio-8090"]
2025-10-11 15:19:47,864 [main] INFO  o.apache.catalina.core.StandardService             - Starting service [Tomcat]
2025-10-11 15:19:47,864 [main] INFO  org.apache.catalina.core.StandardEngine            - Starting Servlet engine: [Apache Tomcat/10.1.19]
2025-10-11 15:19:47,897 [main] INFO  o.a.c.c.C.[Tomcat].[localhost].[/]                 - Initializing Spring embedded WebApplicationContext
2025-10-11 15:19:47,897 [main] INFO  o.s.b.w.s.c.ServletWebServerApplicationContext     - Root WebApplicationContext: initialization completed in 699 ms
2025-10-11 15:19:47,978 [main] INFO  o.hibernate.jpa.internal.util.LogHelper            - HHH000204: Processing PersistenceUnitInfo [name: default]
2025-10-11 15:19:48,013 [main] INFO  org.hibernate.Version                              - HHH000412: Hibernate ORM core version 6.4.4.Final
2025-10-11 15:19:48,029 [main] INFO  o.h.c.internal.RegionFactoryInitiator              - HHH000026: Second-level cache disabled
2025-10-11 15:19:48,061 [main] DEBUG org.hibernate.type.BasicTypeRegistry               - Adding type registration boolean -> org.hibernate.type.BasicTypeReference@5b48f0f4
2025-10-11 15:19:48,061 [main] DEBUG org.hibernate.type.BasicTypeRegistry               - Adding type registration boolean -> org.hibernate.type.BasicTypeReference@5b48f0f4
2025-10-11 15:19:48,062 [main] DEBUG org.hibernate.type.BasicTypeRegistry               - Adding type registration java.lang.Boolean -> org.hibernate.type.BasicTypeReference@5b48f0f4
2025-10-11 15:19:48,062 [main] DEBUG org.hibernate.type.BasicTypeRegistry               - Adding type registration numeric_boolean -> org.hibernate.type.BasicTypeReference@546ed2a0
2025-10-11 15:19:48,062 [main] DEBUG org.hibernate.type.BasicTypeRegistry               - Adding type registration org.hibernate.type.NumericBooleanConverter -> org.hibernate.type.BasicTypeReference@546ed2a0
2025-10-11 15:19:48,062 [main] DEBUG org.hibernate.type.BasicTypeRegistry               - Adding type registration true_false -> org.hibernate.type.BasicTypeReference@5bfc79cb
2025-10-11 15:19:48,062 [main] DEBUG org.hibernate.type.BasicTypeRegistry               - Adding type registration org.hibernate.type.TrueFalseConverter -> org.hibernate.type.BasicTypeReference@5bfc79cb
2025-10-11 15:19:48,062 [main] DEBUG org.hibernate.type.BasicTypeRegistry               - Adding type registration yes_no -> org.hibernate.type.BasicTypeReference@27ec8754
2025-10-11 15:19:48,062 [main] DEBUG org.hibernate.type.BasicTypeRegistry               - Adding type registration org.hibernate.type.YesNoConverter -> org.hibernate.type.BasicTypeReference@27ec8754
2025-10-11 15:19:48,062 [main] DEBUG org.hibernate.type.BasicTypeRegistry               - Adding type registration byte -> org.hibernate.type.BasicTypeReference@3bbf1c0d
2025-10-11 15:19:48,062 [main] DEBUG org.hibernate.type.BasicTypeRegistry               - Adding type registration byte -> org.hibernate.type.BasicTypeReference@3bbf1c0d
2025-10-11 15:19:48,062 [main] DEBUG org.hibernate.type.BasicTypeRegistry               - Adding type registration java.lang.Byte -> org.hibernate.type.BasicTypeReference@3bbf1c0d
2025-10-11 15:19:48,062 [main] DEBUG org.hibernate.type.BasicTypeRegistry               - Adding type registration binary -> org.hibernate.type.BasicTypeReference@19662208
2025-10-11 15:19:48,062 [main] DEBUG org.hibernate.type.BasicTypeRegistry               - Adding type registration byte[] -> org.hibernate.type.BasicTypeReference@19662208
2025-10-11 15:19:48,062 [main] DEBUG org.hibernate.type.BasicTypeRegistry               - Adding type registration [B -> org.hibernate.type.BasicTypeReference@19662208
2025-10-11 15:19:48,062 [main] DEBUG org.hibernate.type.BasicTypeRegistry               - Adding type registration binary_wrapper -> org.hibernate.type.BasicTypeReference@216c22ce
2025-10-11 15:19:48,062 [main] DEBUG org.hibernate.type.BasicTypeRegistry               - Adding type registration wrapper-binary -> org.hibernate.type.BasicTypeReference@216c22ce
2025-10-11 15:19:48,062 [main] DEBUG org.hibernate.type.BasicTypeRegistry               - Adding type registration image -> org.hibernate.type.BasicTypeReference@62f9c790
2025-10-11 15:19:48,062 [main] DEBUG org.hibernate.type.BasicTypeRegistry               - Adding type registration blob -> org.hibernate.type.BasicTypeReference@21e5f0b6
2025-10-11 15:19:48,062 [main] DEBUG org.hibernate.type.BasicTypeRegistry               - Adding type registration java.sql.Blob -> org.hibernate.type.BasicTypeReference@21e5f0b6
2025-10-11 15:19:48,062 [main] DEBUG org.hibernate.type.BasicTypeRegistry               - Adding type registration materialized_blob -> org.hibernate.type.BasicTypeReference@93bf0e0
2025-10-11 15:19:48,062 [main] DEBUG org.hibernate.type.BasicTypeRegistry               - Adding type registration materialized_blob_wrapper -> org.hibernate.type.BasicTypeReference@4981d95b
2025-10-11 15:19:48,062 [main] DEBUG org.hibernate.type.BasicTypeRegistry               - Adding type registration short -> org.hibernate.type.BasicTypeReference@656842bc
2025-10-11 15:19:48,062 [main] DEBUG org.hibernate.type.BasicTypeRegistry               - Adding type registration short -> org.hibernate.type.BasicTypeReference@656842bc
2025-10-11 15:19:48,063 [main] DEBUG org.hibernate.type.BasicTypeRegistry               - Adding type registration java.lang.Short -> org.hibernate.type.BasicTypeReference@656842bc
2025-10-11 15:19:48,063 [main] DEBUG org.hibernate.type.BasicTypeRegistry               - Adding type registration integer -> org.hibernate.type.BasicTypeReference@6b867ee7
2025-10-11 15:19:48,063 [main] DEBUG org.hibernate.type.BasicTypeRegistry               - Adding type registration int -> org.hibernate.type.BasicTypeReference@6b867ee7
2025-10-11 15:19:48,063 [main] DEBUG org.hibernate.type.BasicTypeRegistry               - Adding type registration java.lang.Integer -> org.hibernate.type.BasicTypeReference@6b867ee7
2025-10-11 15:19:48,063 [main] DEBUG org.hibernate.type.BasicTypeRegistry               - Adding type registration long -> org.hibernate.type.BasicTypeReference@3dec3f87
2025-10-11 15:19:48,063 [main] DEBUG org.hibernate.type.BasicTypeRegistry               - Adding type registration long -> org.hibernate.type.BasicTypeReference@3dec3f87
2025-10-11 15:19:48,063 [main] DEBUG org.hibernate.type.BasicTypeRegistry               - Adding type registration java.lang.Long -> org.hibernate.type.BasicTypeReference@3dec3f87
2025-10-11 15:19:48,063 [main] DEBUG org.hibernate.type.BasicTypeRegistry               - Adding type registration float -> org.hibernate.type.BasicTypeReference@7a606260
2025-10-11 15:19:48,063 [main] DEBUG org.hibernate.type.BasicTypeRegistry               - Adding type registration float -> org.hibernate.type.BasicTypeReference@7a606260
2025-10-11 15:19:48,063 [main] DEBUG org.hibernate.type.BasicTypeRegistry               - Adding type registration java.lang.Float -> org.hibernate.type.BasicTypeReference@7a606260
2025-10-11 15:19:48,063 [main] DEBUG org.hibernate.type.BasicTypeRegistry               - Adding type registration double -> org.hibernate.type.BasicTypeReference@5dbab232
2025-10-11 15:19:48,063 [main] DEBUG org.hibernate.type.BasicTypeRegistry               - Adding type registration double -> org.hibernate.type.BasicTypeReference@5dbab232
2025-10-11 15:19:48,063 [main] DEBUG org.hibernate.type.BasicTypeRegistry               - Adding type registration java.lang.Double -> org.hibernate.type.BasicTypeReference@5dbab232
2025-10-11 15:19:48,063 [main] DEBUG org.hibernate.type.BasicTypeRegistry               - Adding type registration big_integer -> org.hibernate.type.BasicTypeReference@5939e24
2025-10-11 15:19:48,063 [main] DEBUG org.hibernate.type.BasicTypeRegistry               - Adding type registration java.math.BigInteger -> org.hibernate.type.BasicTypeReference@5939e24
2025-10-11 15:19:48,063 [main] DEBUG org.hibernate.type.BasicTypeRegistry               - Adding type registration big_decimal -> org.hibernate.type.BasicTypeReference@595f9916
2025-10-11 15:19:48,063 [main] DEBUG org.hibernate.type.BasicTypeRegistry               - Adding type registration java.math.BigDecimal -> org.hibernate.type.BasicTypeReference@595f9916
2025-10-11 15:19:48,063 [main] DEBUG org.hibernate.type.BasicTypeRegistry               - Adding type registration character -> org.hibernate.type.BasicTypeReference@2055833f
2025-10-11 15:19:48,063 [main] DEBUG org.hibernate.type.BasicTypeRegistry               - Adding type registration char -> org.hibernate.type.BasicTypeReference@2055833f
2025-10-11 15:19:48,063 [main] DEBUG org.hibernate.type.BasicTypeRegistry               - Adding type registration java.lang.Character -> org.hibernate.type.BasicTypeReference@2055833f
2025-10-11 15:19:48,063 [main] DEBUG org.hibernate.type.BasicTypeRegistry               - Adding type registration character_nchar -> org.hibernate.type.BasicTypeReference@28768e25
2025-10-11 15:19:48,063 [main] DEBUG org.hibernate.type.BasicTypeRegistry               - Adding type registration string -> org.hibernate.type.BasicTypeReference@310d57b1
2025-10-11 15:19:48,063 [main] DEBUG org.hibernate.type.BasicTypeRegistry               - Adding type registration java.lang.String -> org.hibernate.type.BasicTypeReference@310d57b1
2025-10-11 15:19:48,063 [main] DEBUG org.hibernate.type.BasicTypeRegistry               - Adding type registration nstring -> org.hibernate.type.BasicTypeReference@143fefaf
2025-10-11 15:19:48,063 [main] DEBUG org.hibernate.type.BasicTypeRegistry               - Adding type registration characters -> org.hibernate.type.BasicTypeReference@18ffca6c
2025-10-11 15:19:48,063 [main] DEBUG org.hibernate.type.BasicTypeRegistry               - Adding type registration char[] -> org.hibernate.type.BasicTypeReference@18ffca6c
2025-10-11 15:19:48,063 [main] DEBUG org.hibernate.type.BasicTypeRegistry               - Adding type registration [C -> org.hibernate.type.BasicTypeReference@18ffca6c
2025-10-11 15:19:48,063 [main] DEBUG org.hibernate.type.BasicTypeRegistry               - Adding type registration wrapper-characters -> org.hibernate.type.BasicTypeReference@46468f0
2025-10-11 15:19:48,063 [main] DEBUG org.hibernate.type.BasicTypeRegistry               - Adding type registration text -> org.hibernate.type.BasicTypeReference@5f8f1712
2025-10-11 15:19:48,064 [main] DEBUG org.hibernate.type.BasicTypeRegistry               - Adding type registration ntext -> org.hibernate.type.BasicTypeReference@34a6d9db
2025-10-11 15:19:48,064 [main] DEBUG org.hibernate.type.BasicTypeRegistry               - Adding type registration clob -> org.hibernate.type.BasicTypeReference@52ecc989
2025-10-11 15:19:48,064 [main] DEBUG org.hibernate.type.BasicTypeRegistry               - Adding type registration java.sql.Clob -> org.hibernate.type.BasicTypeReference@52ecc989
2025-10-11 15:19:48,064 [main] DEBUG org.hibernate.type.BasicTypeRegistry               - Adding type registration nclob -> org.hibernate.type.BasicTypeReference@756808cc
2025-10-11 15:19:48,064 [main] DEBUG org.hibernate.type.BasicTypeRegistry               - Adding type registration java.sql.NClob -> org.hibernate.type.BasicTypeReference@756808cc
2025-10-11 15:19:48,064 [main] DEBUG org.hibernate.type.BasicTypeRegistry               - Adding type registration materialized_clob -> org.hibernate.type.BasicTypeReference@52f8a6f4
2025-10-11 15:19:48,064 [main] DEBUG org.hibernate.type.BasicTypeRegistry               - Adding type registration materialized_clob_char_array -> org.hibernate.type.BasicTypeReference@5012c571
2025-10-11 15:19:48,064 [main] DEBUG org.hibernate.type.BasicTypeRegistry               - Adding type registration materialized_clob_character_array -> org.hibernate.type.BasicTypeReference@6486fe7b
2025-10-11 15:19:48,064 [main] DEBUG org.hibernate.type.BasicTypeRegistry               - Adding type registration materialized_nclob -> org.hibernate.type.BasicTypeReference@511da44f
2025-10-11 15:19:48,064 [main] DEBUG org.hibernate.type.BasicTypeRegistry               - Adding type registration materialized_nclob_character_array -> org.hibernate.type.BasicTypeReference@4645679e
2025-10-11 15:19:48,064 [main] DEBUG org.hibernate.type.BasicTypeRegistry               - Adding type registration materialized_nclob_char_array -> org.hibernate.type.BasicTypeReference@3a0b6a
2025-10-11 15:19:48,064 [main] DEBUG org.hibernate.type.BasicTypeRegistry               - Adding type registration Duration -> org.hibernate.type.BasicTypeReference@539c4830
2025-10-11 15:19:48,064 [main] DEBUG org.hibernate.type.BasicTypeRegistry               - Adding type registration java.time.Duration -> org.hibernate.type.BasicTypeReference@539c4830
2025-10-11 15:19:48,064 [main] DEBUG org.hibernate.type.BasicTypeRegistry               - Adding type registration LocalDateTime -> org.hibernate.type.BasicTypeReference@6f1fa1d0
2025-10-11 15:19:48,064 [main] DEBUG org.hibernate.type.BasicTypeRegistry               - Adding type registration java.time.LocalDateTime -> org.hibernate.type.BasicTypeReference@6f1fa1d0
2025-10-11 15:19:48,064 [main] DEBUG org.hibernate.type.BasicTypeRegistry               - Adding type registration LocalDate -> org.hibernate.type.BasicTypeReference@28b523a
2025-10-11 15:19:48,064 [main] DEBUG org.hibernate.type.BasicTypeRegistry               - Adding type registration java.time.LocalDate -> org.hibernate.type.BasicTypeReference@28b523a
2025-10-11 15:19:48,064 [main] DEBUG org.hibernate.type.BasicTypeRegistry               - Adding type registration LocalTime -> org.hibernate.type.BasicTypeReference@52ba685a
2025-10-11 15:19:48,064 [main] DEBUG org.hibernate.type.BasicTypeRegistry               - Adding type registration java.time.LocalTime -> org.hibernate.type.BasicTypeReference@52ba685a
2025-10-11 15:19:48,064 [main] DEBUG org.hibernate.type.BasicTypeRegistry               - Adding type registration OffsetDateTime -> org.hibernate.type.BasicTypeReference@63d677f5
2025-10-11 15:19:48,064 [main] DEBUG org.hibernate.type.BasicTypeRegistry               - Adding type registration java.time.OffsetDateTime -> org.hibernate.type.BasicTypeReference@63d677f5
2025-10-11 15:19:48,064 [main] DEBUG org.hibernate.type.BasicTypeRegistry               - Adding type registration OffsetDateTimeWithTimezone -> org.hibernate.type.BasicTypeReference@71d55b7e
2025-10-11 15:19:48,064 [main] DEBUG org.hibernate.type.BasicTypeRegistry               - Adding type registration OffsetDateTimeWithoutTimezone -> org.hibernate.type.BasicTypeReference@2997ddfc
2025-10-11 15:19:48,064 [main] DEBUG org.hibernate.type.BasicTypeRegistry               - Adding type registration OffsetTime -> org.hibernate.type.BasicTypeReference@28ee882c
2025-10-11 15:19:48,064 [main] DEBUG org.hibernate.type.BasicTypeRegistry               - Adding type registration java.time.OffsetTime -> org.hibernate.type.BasicTypeReference@28ee882c
2025-10-11 15:19:48,064 [main] DEBUG org.hibernate.type.BasicTypeRegistry               - Adding type registration OffsetTimeUtc -> org.hibernate.type.BasicTypeReference@78d73b1b
2025-10-11 15:19:48,064 [main] DEBUG org.hibernate.type.BasicTypeRegistry               - Adding type registration OffsetTimeWithTimezone -> org.hibernate.type.BasicTypeReference@238291d4
2025-10-11 15:19:48,064 [main] DEBUG org.hibernate.type.BasicTypeRegistry               - Adding type registration OffsetTimeWithoutTimezone -> org.hibernate.type.BasicTypeReference@34edd065
2025-10-11 15:19:48,064 [main] DEBUG org.hibernate.type.BasicTypeRegistry               - Adding type registration ZonedDateTime -> org.hibernate.type.BasicTypeReference@681e913c
2025-10-11 15:19:48,065 [main] DEBUG org.hibernate.type.BasicTypeRegistry               - Adding type registration java.time.ZonedDateTime -> org.hibernate.type.BasicTypeReference@681e913c
2025-10-11 15:19:48,065 [main] DEBUG org.hibernate.type.BasicTypeRegistry               - Adding type registration ZonedDateTimeWithTimezone -> org.hibernate.type.BasicTypeReference@29d070c7
2025-10-11 15:19:48,065 [main] DEBUG org.hibernate.type.BasicTypeRegistry               - Adding type registration ZonedDateTimeWithoutTimezone -> org.hibernate.type.BasicTypeReference@1eeb5818
2025-10-11 15:19:48,065 [main] DEBUG org.hibernate.type.BasicTypeRegistry               - Adding type registration date -> org.hibernate.type.BasicTypeReference@44dfdd58
2025-10-11 15:19:48,065 [main] DEBUG org.hibernate.type.BasicTypeRegistry               - Adding type registration java.sql.Date -> org.hibernate.type.BasicTypeReference@44dfdd58
2025-10-11 15:19:48,065 [main] DEBUG org.hibernate.type.BasicTypeRegistry               - Adding type registration time -> org.hibernate.type.BasicTypeReference@58d4238e
2025-10-11 15:19:48,065 [main] DEBUG org.hibernate.type.BasicTypeRegistry               - Adding type registration java.sql.Time -> org.hibernate.type.BasicTypeReference@58d4238e
2025-10-11 15:19:48,065 [main] DEBUG org.hibernate.type.BasicTypeRegistry               - Adding type registration timestamp -> org.hibernate.type.BasicTypeReference@72a8361b
2025-10-11 15:19:48,065 [main] DEBUG org.hibernate.type.BasicTypeRegistry               - Adding type registration java.sql.Timestamp -> org.hibernate.type.BasicTypeReference@72a8361b
2025-10-11 15:19:48,065 [main] DEBUG org.hibernate.type.BasicTypeRegistry               - Adding type registration java.util.Date -> org.hibernate.type.BasicTypeReference@72a8361b
2025-10-11 15:19:48,065 [main] DEBUG org.hibernate.type.BasicTypeRegistry               - Adding type registration calendar -> org.hibernate.type.BasicTypeReference@36478bce
2025-10-11 15:19:48,065 [main] DEBUG org.hibernate.type.BasicTypeRegistry               - Adding type registration java.util.Calendar -> org.hibernate.type.BasicTypeReference@36478bce
2025-10-11 15:19:48,065 [main] DEBUG org.hibernate.type.BasicTypeRegistry               - Adding type registration java.util.GregorianCalendar -> org.hibernate.type.BasicTypeReference@36478bce
2025-10-11 15:19:48,065 [main] DEBUG org.hibernate.type.BasicTypeRegistry               - Adding type registration calendar_date -> org.hibernate.type.BasicTypeReference@c48b543
2025-10-11 15:19:48,065 [main] DEBUG org.hibernate.type.BasicTypeRegistry               - Adding type registration calendar_time -> org.hibernate.type.BasicTypeReference@75793f17
2025-10-11 15:19:48,065 [main] DEBUG org.hibernate.type.BasicTypeRegistry               - Adding type registration instant -> org.hibernate.type.BasicTypeReference@4652c74d
2025-10-11 15:19:48,065 [main] DEBUG org.hibernate.type.BasicTypeRegistry               - Adding type registration java.time.Instant -> org.hibernate.type.BasicTypeReference@4652c74d
2025-10-11 15:19:48,065 [main] DEBUG org.hibernate.type.BasicTypeRegistry               - Adding type registration uuid -> org.hibernate.type.BasicTypeReference@4cc12db2
2025-10-11 15:19:48,065 [main] DEBUG org.hibernate.type.BasicTypeRegistry               - Adding type registration java.util.UUID -> org.hibernate.type.BasicTypeReference@4cc12db2
2025-10-11 15:19:48,065 [main] DEBUG org.hibernate.type.BasicTypeRegistry               - Adding type registration pg-uuid -> org.hibernate.type.BasicTypeReference@4cc12db2
2025-10-11 15:19:48,065 [main] DEBUG org.hibernate.type.BasicTypeRegistry               - Adding type registration uuid-binary -> org.hibernate.type.BasicTypeReference@5ea7bc4
2025-10-11 15:19:48,065 [main] DEBUG org.hibernate.type.BasicTypeRegistry               - Adding type registration uuid-char -> org.hibernate.type.BasicTypeReference@39d77de9
2025-10-11 15:19:48,065 [main] DEBUG org.hibernate.type.BasicTypeRegistry               - Adding type registration class -> org.hibernate.type.BasicTypeReference@696fad31
2025-10-11 15:19:48,065 [main] DEBUG org.hibernate.type.BasicTypeRegistry               - Adding type registration java.lang.Class -> org.hibernate.type.BasicTypeReference@696fad31
2025-10-11 15:19:48,065 [main] DEBUG org.hibernate.type.BasicTypeRegistry               - Adding type registration currency -> org.hibernate.type.BasicTypeReference@2c06b113
2025-10-11 15:19:48,065 [main] DEBUG org.hibernate.type.BasicTypeRegistry               - Adding type registration Currency -> org.hibernate.type.BasicTypeReference@2c06b113
2025-10-11 15:19:48,065 [main] DEBUG org.hibernate.type.BasicTypeRegistry               - Adding type registration java.util.Currency -> org.hibernate.type.BasicTypeReference@2c06b113
2025-10-11 15:19:48,065 [main] DEBUG org.hibernate.type.BasicTypeRegistry               - Adding type registration locale -> org.hibernate.type.BasicTypeReference@7a64cb0c
2025-10-11 15:19:48,065 [main] DEBUG org.hibernate.type.BasicTypeRegistry               - Adding type registration java.util.Locale -> org.hibernate.type.BasicTypeReference@7a64cb0c
2025-10-11 15:19:48,065 [main] DEBUG org.hibernate.type.BasicTypeRegistry               - Adding type registration serializable -> org.hibernate.type.BasicTypeReference@785ed99c
2025-10-11 15:19:48,065 [main] DEBUG org.hibernate.type.BasicTypeRegistry               - Adding type registration java.io.Serializable -> org.hibernate.type.BasicTypeReference@785ed99c
2025-10-11 15:19:48,066 [main] DEBUG org.hibernate.type.BasicTypeRegistry               - Adding type registration timezone -> org.hibernate.type.BasicTypeReference@6c4ce583
2025-10-11 15:19:48,066 [main] DEBUG org.hibernate.type.BasicTypeRegistry               - Adding type registration java.util.TimeZone -> org.hibernate.type.BasicTypeReference@6c4ce583
2025-10-11 15:19:48,066 [main] DEBUG org.hibernate.type.BasicTypeRegistry               - Adding type registration ZoneOffset -> org.hibernate.type.BasicTypeReference@755b5f30
2025-10-11 15:19:48,066 [main] DEBUG org.hibernate.type.BasicTypeRegistry               - Adding type registration java.time.ZoneOffset -> org.hibernate.type.BasicTypeReference@755b5f30
2025-10-11 15:19:48,066 [main] DEBUG org.hibernate.type.BasicTypeRegistry               - Adding type registration url -> org.hibernate.type.BasicTypeReference@29bbc63c
2025-10-11 15:19:48,066 [main] DEBUG org.hibernate.type.BasicTypeRegistry               - Adding type registration java.net.URL -> org.hibernate.type.BasicTypeReference@29bbc63c
2025-10-11 15:19:48,066 [main] DEBUG org.hibernate.type.BasicTypeRegistry               - Adding type registration vector -> org.hibernate.type.BasicTypeReference@272778ae
2025-10-11 15:19:48,066 [main] DEBUG org.hibernate.type.BasicTypeRegistry               - Adding type registration row_version -> org.hibernate.type.BasicTypeReference@2cccf134
2025-10-11 15:19:48,070 [main] DEBUG org.hibernate.type.BasicTypeRegistry               - Adding type registration object -> org.hibernate.type.JavaObjectType@509a6095
2025-10-11 15:19:48,070 [main] DEBUG org.hibernate.type.BasicTypeRegistry               - Adding type registration java.lang.Object -> org.hibernate.type.JavaObjectType@509a6095
2025-10-11 15:19:48,070 [main] DEBUG org.hibernate.type.BasicTypeRegistry               - Adding type registration null -> org.hibernate.type.NullType@5faeeb56
2025-10-11 15:19:48,071 [main] DEBUG org.hibernate.type.BasicTypeRegistry               - Adding type registration imm_date -> org.hibernate.type.BasicTypeReference@5396eeb1
2025-10-11 15:19:48,071 [main] DEBUG org.hibernate.type.BasicTypeRegistry               - Adding type registration imm_time -> org.hibernate.type.BasicTypeReference@7781263c
2025-10-11 15:19:48,071 [main] DEBUG org.hibernate.type.BasicTypeRegistry               - Adding type registration imm_timestamp -> org.hibernate.type.BasicTypeReference@5fdd97c1
2025-10-11 15:19:48,071 [main] DEBUG org.hibernate.type.BasicTypeRegistry               - Adding type registration imm_calendar -> org.hibernate.type.BasicTypeReference@3b5a19ed
2025-10-11 15:19:48,071 [main] DEBUG org.hibernate.type.BasicTypeRegistry               - Adding type registration imm_calendar_date -> org.hibernate.type.BasicTypeReference@15d236fd
2025-10-11 15:19:48,071 [main] DEBUG org.hibernate.type.BasicTypeRegistry               - Adding type registration imm_calendar_time -> org.hibernate.type.BasicTypeReference@6b9c42bd
2025-10-11 15:19:48,071 [main] DEBUG org.hibernate.type.BasicTypeRegistry               - Adding type registration imm_binary -> org.hibernate.type.BasicTypeReference@584ca390
2025-10-11 15:19:48,071 [main] DEBUG org.hibernate.type.BasicTypeRegistry               - Adding type registration imm_serializable -> org.hibernate.type.BasicTypeReference@33324c05
2025-10-11 15:19:48,170 [main] INFO  o.s.o.j.p.SpringPersistenceUnitInfo                - No LoadTimeWeaver setup: ignoring JPA class transformer
2025-10-11 15:19:48,184 [main] INFO  com.zaxxer.hikari.HikariDataSource                 - HikariPool-1 - Starting...
2025-10-11 15:19:48,416 [main] INFO  com.zaxxer.hikari.pool.HikariPool                  - HikariPool-1 - Added connection com.mysql.cj.jdbc.ConnectionImpl@67dc6b48
2025-10-11 15:19:48,417 [main] INFO  com.zaxxer.hikari.HikariDataSource                 - HikariPool-1 - Start completed.
2025-10-11 15:19:48,447 [main] WARN  org.hibernate.orm.deprecation                      - HHH90000025: MySQLDialect does not need to be specified explicitly using 'hibernate.dialect' (remove the property setting and it will be selected by default)
2025-10-11 15:19:48,459 [main] DEBUG o.h.t.descriptor.sql.spi.DdlTypeRegistry           - addDescriptor(12, org.hibernate.type.descriptor.sql.internal.CapacityDependentDdlType@b34c7c9) replaced previous registration(org.hibernate.type.descriptor.sql.internal.CapacityDependentDdlType@5b490d5e)
2025-10-11 15:19:48,460 [main] DEBUG o.h.t.descriptor.sql.spi.DdlTypeRegistry           - addDescriptor(-9, org.hibernate.type.descriptor.sql.internal.CapacityDependentDdlType@1f6c4ae) replaced previous registration(org.hibernate.type.descriptor.sql.internal.CapacityDependentDdlType@26270b77)
2025-10-11 15:19:48,460 [main] DEBUG o.h.t.descriptor.sql.spi.DdlTypeRegistry           - addDescriptor(-3, org.hibernate.type.descriptor.sql.internal.CapacityDependentDdlType@b808af5) replaced previous registration(org.hibernate.type.descriptor.sql.internal.CapacityDependentDdlType@18b04526)
2025-10-11 15:19:48,460 [main] DEBUG o.h.t.descriptor.sql.spi.DdlTypeRegistry           - addDescriptor(4003, org.hibernate.type.descriptor.sql.internal.DdlTypeImpl@2fd4312a) replaced previous registration(org.hibernate.type.descriptor.sql.internal.DdlTypeImpl@31b6fb14)
2025-10-11 15:19:48,460 [main] DEBUG o.h.t.descriptor.sql.spi.DdlTypeRegistry           - addDescriptor(4001, org.hibernate.type.descriptor.sql.internal.DdlTypeImpl@3eee08f5) replaced previous registration(org.hibernate.type.descriptor.sql.internal.DdlTypeImpl@246df37b)
2025-10-11 15:19:48,460 [main] DEBUG o.h.t.descriptor.sql.spi.DdlTypeRegistry           - addDescriptor(4002, org.hibernate.type.descriptor.sql.internal.DdlTypeImpl@2abedbbd) replaced previous registration(org.hibernate.type.descriptor.sql.internal.DdlTypeImpl@2c56eba5)
2025-10-11 15:19:48,460 [main] DEBUG o.h.t.descriptor.sql.spi.DdlTypeRegistry           - addDescriptor(2004, org.hibernate.type.descriptor.sql.internal.CapacityDependentDdlType@6231f77a) replaced previous registration(org.hibernate.type.descriptor.sql.internal.DdlTypeImpl@290c266c)
2025-10-11 15:19:48,460 [main] DEBUG o.h.t.descriptor.sql.spi.DdlTypeRegistry           - addDescriptor(2005, org.hibernate.type.descriptor.sql.internal.CapacityDependentDdlType@75b363c3) replaced previous registration(org.hibernate.type.descriptor.sql.internal.DdlTypeImpl@6ea3a513)
2025-10-11 15:19:48,460 [main] DEBUG o.h.t.descriptor.sql.spi.DdlTypeRegistry           - addDescriptor(2011, org.hibernate.type.descriptor.sql.internal.CapacityDependentDdlType@3c4059a) replaced previous registration(org.hibernate.type.descriptor.sql.internal.DdlTypeImpl@4b336cc8)
2025-10-11 15:19:48,460 [main] DEBUG o.h.t.d.jdbc.spi.JdbcTypeRegistry                  - addDescriptor(NCharTypeDescriptor) replaced previous registration(CharTypeDescriptor)
2025-10-11 15:19:48,460 [main] DEBUG o.h.t.d.jdbc.spi.JdbcTypeRegistry                  - addDescriptor(NVarcharTypeDescriptor) replaced previous registration(VarcharTypeDescriptor)
2025-10-11 15:19:48,460 [main] DEBUG o.h.t.d.jdbc.spi.JdbcTypeRegistry                  - addDescriptor(LongNVarcharTypeDescriptor) replaced previous registration(LongVarcharTypeDescriptor)
2025-10-11 15:19:48,461 [main] DEBUG o.h.t.d.jdbc.spi.JdbcTypeRegistry                  - addDescriptor(NClobTypeDescriptor(DEFAULT)) replaced previous registration(ClobTypeDescriptor(DEFAULT))
2025-10-11 15:19:48,461 [main] DEBUG o.h.t.d.jdbc.spi.JdbcTypeRegistry                  - addDescriptor(2005, ClobTypeDescriptor(STREAM_BINDING)) replaced previous registration(ClobTypeDescriptor(DEFAULT))
2025-10-11 15:19:48,462 [main] DEBUG org.hibernate.type.BasicTypeRegistry               - Adding type registration null -> org.hibernate.type.NullType@36a58466
2025-10-11 15:19:48,462 [main] DEBUG org.hibernate.type.BasicTypeRegistry               - Type registration key [null] overrode previous entry : `org.hibernate.type.NullType@5faeeb56`
2025-10-11 15:19:48,465 [main] DEBUG org.hibernate.type.BasicTypeRegistry               - Adding type registration org.hibernate.type.DurationType -> basicType@1(java.time.Duration,3015)
2025-10-11 15:19:48,465 [main] DEBUG org.hibernate.type.BasicTypeRegistry               - Adding type registration Duration -> basicType@1(java.time.Duration,3015)
2025-10-11 15:19:48,465 [main] DEBUG org.hibernate.type.BasicTypeRegistry               - Adding type registration java.time.Duration -> basicType@1(java.time.Duration,3015)
2025-10-11 15:19:48,466 [main] DEBUG org.hibernate.type.BasicTypeRegistry               - Adding type registration org.hibernate.type.OffsetDateTimeType -> basicType@2(java.time.OffsetDateTime,3003)
2025-10-11 15:19:48,466 [main] DEBUG org.hibernate.type.BasicTypeRegistry               - Adding type registration OffsetDateTime -> basicType@2(java.time.OffsetDateTime,3003)
2025-10-11 15:19:48,466 [main] DEBUG org.hibernate.type.BasicTypeRegistry               - Adding type registration java.time.OffsetDateTime -> basicType@2(java.time.OffsetDateTime,3003)
2025-10-11 15:19:48,466 [main] DEBUG org.hibernate.type.BasicTypeRegistry               - Adding type registration org.hibernate.type.ZonedDateTimeType -> basicType@3(java.time.ZonedDateTime,3003)
2025-10-11 15:19:48,466 [main] DEBUG org.hibernate.type.BasicTypeRegistry               - Adding type registration ZonedDateTime -> basicType@3(java.time.ZonedDateTime,3003)
2025-10-11 15:19:48,466 [main] DEBUG org.hibernate.type.BasicTypeRegistry               - Adding type registration java.time.ZonedDateTime -> basicType@3(java.time.ZonedDateTime,3003)
2025-10-11 15:19:48,466 [main] DEBUG org.hibernate.type.BasicTypeRegistry               - Adding type registration org.hibernate.type.OffsetTimeType -> basicType@4(java.time.OffsetTime,3007)
2025-10-11 15:19:48,466 [main] DEBUG org.hibernate.type.BasicTypeRegistry               - Adding type registration OffsetTime -> basicType@4(java.time.OffsetTime,3007)
2025-10-11 15:19:48,466 [main] DEBUG org.hibernate.type.BasicTypeRegistry               - Adding type registration java.time.OffsetTime -> basicType@4(java.time.OffsetTime,3007)
2025-10-11 15:19:48,467 [main] DEBUG o.h.type.spi.TypeConfiguration$Scope               - Scoping TypeConfiguration [org.hibernate.type.spi.TypeConfiguration@2faf6e4a] to MetadataBuildingContext [org.hibernate.boot.internal.MetadataBuildingContextRootImpl@43ab0659]
2025-10-11 15:19:48,890 [main] INFO  o.h.e.t.j.p.i.JtaPlatformInitiator                 - HHH000489: No JTA platform available (set 'hibernate.transaction.jta.platform' to enable JTA platform integration)
2025-10-11 15:19:48,891 [main] DEBUG o.h.type.spi.TypeConfiguration$Scope               - Scoping TypeConfiguration [org.hibernate.type.spi.TypeConfiguration@2faf6e4a] to SessionFactoryImplementor [org.hibernate.internal.SessionFactoryImpl@64921450]
2025-10-11 15:19:48,971 [main] TRACE o.h.type.spi.TypeConfiguration$Scope               - Handling #sessionFactoryCreated from [org.hibernate.internal.SessionFactoryImpl@64921450] for TypeConfiguration
2025-10-11 15:19:48,972 [main] INFO  o.s.o.j.LocalContainerEntityManagerFactoryBean     - Initialized JPA EntityManagerFactory for persistence unit 'default'
2025-10-11 15:19:49,106 [main] INFO  o.s.d.j.r.query.QueryEnhancerFactory               - Hibernate is in classpath; If applicable, HQL parser will be used.
2025-10-11 15:19:49,237 [main] WARN  o.s.b.a.o.j.JpaBaseConfiguration$JpaWebConfiguration - spring.jpa.open-in-view is enabled by default. Therefore, database queries may be performed during view rendering. Explicitly configure spring.jpa.open-in-view to disable this warning
2025-10-11 15:19:49,736 [main] INFO  o.apache.coyote.http11.Http11NioProtocol           - Starting ProtocolHandler ["http-nio-8090"]
2025-10-11 15:19:49,744 [main] INFO  o.s.b.w.embedded.tomcat.TomcatWebServer            - Tomcat started on port 8090 (http) with context path ''
2025-10-11 15:19:49,749 [main] INFO  com.Rest.API.RestApiApplication                    - Started RestApiApplication in 2.771 seconds (process running for 3.176)
2025-10-11 15:19:54,027 [http-nio-8090-exec-1] INFO  o.a.c.c.C.[Tomcat].[localhost].[/]                 - Initializing Spring DispatcherServlet 'dispatcherServlet'
2025-10-11 15:19:54,028 [http-nio-8090-exec-1] INFO  o.s.web.servlet.DispatcherServlet                  - Initializing Servlet 'dispatcherServlet'
2025-10-11 15:19:54,031 [http-nio-8090-exec-1] INFO  o.s.web.servlet.DispatcherServlet                  - Completed initialization in 3 ms
2025-10-11 15:19:54,110 [http-nio-8090-exec-1] DEBUG org.hibernate.SQL                                  - select e1_0.id,a1_0.id,e2_0.id,e2_0.address_id,e2_0.age,e2_0.employee_name,a1_0.postal_code,a1_0.street_name,e1_0.age,e1_0.employee_name from employee e1_0 left join address a1_0 on a1_0.id=e1_0.address_id left join employee e2_0 on e2_0.id=a1_0.employee_id where e1_0.id=?
2025-10-11 15:19:54,186 [http-nio-8090-exec-2] DEBUG org.hibernate.SQL                                  - select e1_0.id,a1_0.id,e2_0.id,e2_0.address_id,e2_0.age,e2_0.employee_name,a1_0.postal_code,a1_0.street_name,e1_0.age,e1_0.employee_name from employee e1_0 left join address a1_0 on a1_0.id=e1_0.address_id left join employee e2_0 on e2_0.id=a1_0.employee_id where e1_0.id=?
2025-10-11 15:19:59,574 [http-nio-8090-exec-6] WARN  o.s.w.s.m.s.DefaultHandlerExceptionResolver        - Resolved [org.springframework.web.HttpRequestMethodNotSupportedException: Request method 'PATCH' is not supported]
2025-10-11 15:19:59,686 [http-nio-8090-exec-7] DEBUG org.hibernate.SQL                                  - select e1_0.id,e1_0.address_id,e1_0.age,e1_0.employee_name from employee e1_0
2025-10-11 15:19:59,690 [http-nio-8090-exec-7] DEBUG org.hibernate.SQL                                  - select a1_0.id,e1_0.id,a2_0.id,a2_0.employee_id,a2_0.postal_code,a2_0.street_name,e1_0.age,e1_0.employee_name,a1_0.postal_code,a1_0.street_name from address a1_0 left join employee e1_0 on e1_0.id=a1_0.employee_id left join address a2_0 on a2_0.id=e1_0.address_id where a1_0.id=?
2025-10-11 15:19:59,713 [http-nio-8090-exec-8] DEBUG org.hibernate.SQL                                  - select e1_0.id,e1_0.address_id,e1_0.age,e1_0.employee_name from employee e1_0
2025-10-11 15:19:59,715 [http-nio-8090-exec-8] DEBUG org.hibernate.SQL                                  - select a1_0.id,e1_0.id,a2_0.id,a2_0.employee_id,a2_0.postal_code,a2_0.street_name,e1_0.age,e1_0.employee_name,a1_0.postal_code,a1_0.street_name from address a1_0 left join employee e1_0 on e1_0.id=a1_0.employee_id left join address a2_0 on a2_0.id=e1_0.address_id where a1_0.id=?
2025-10-11 15:19:59,729 [http-nio-8090-exec-9] DEBUG org.hibernate.SQL                                  - select e1_0.id,e1_0.address_id,e1_0.age,e1_0.employee_name from employee e1_0
2025-10-11 15:19:59,740 [http-nio-8090-exec-9] DEBUG org.hibernate.SQL                                  - select a1_0.id,e1_0.id,a2_0.id,a2_0.employee_id,a2_0.postal_code,a2_0.street_name,e1_0.age,e1_0.employee_name,a1_0.postal_code,a1_0.street_name from address a1_0 left join employee e1_0 on e1_0.id=a1_0.employee_id left join address a2_0 on a2_0.id=e1_0.address_id where a1_0.id=?
2025-10-11 15:20:39,174 [http-nio-8090-exec-1] DEBUG org.hibernate.SQL                                  - select e1_0.id,e1_0.address_id,e1_0.age,e1_0.employee_name from employee e1_0
2025-10-11 15:20:39,189 [http-nio-8090-exec-1] DEBUG org.hibernate.SQL                                  - select a1_0.id,e1_0.id,a2_0.id,a2_0.employee_id,a2_0.postal_code,a2_0.street_name,e1_0.age,e1_0.employee_name,a1_0.postal_code,a1_0.street_name from address a1_0 left join employee e1_0 on e1_0.id=a1_0.employee_id left join address a2_0 on a2_0.id=e1_0.address_id where a1_0.id=?
2025-10-11 15:20:39,203 [http-nio-8090-exec-2] DEBUG org.hibernate.SQL                                  - select e1_0.id,e1_0.address_id,e1_0.age,e1_0.employee_name from employee e1_0
2025-10-11 15:20:39,207 [http-nio-8090-exec-2] DEBUG org.hibernate.SQL                                  - select a1_0.id,e1_0.id,a2_0.id,a2_0.employee_id,a2_0.postal_code,a2_0.street_name,e1_0.age,e1_0.employee_name,a1_0.postal_code,a1_0.street_name from address a1_0 left join employee e1_0 on e1_0.id=a1_0.employee_id left join address a2_0 on a2_0.id=e1_0.address_id where a1_0.id=?
2025-10-11 15:20:39,217 [http-nio-8090-exec-3] DEBUG org.hibernate.SQL                                  - select e1_0.id,e1_0.address_id,e1_0.age,e1_0.employee_name from employee e1_0
2025-10-11 15:20:39,219 [http-nio-8090-exec-3] DEBUG org.hibernate.SQL                                  - select a1_0.id,e1_0.id,a2_0.id,a2_0.employee_id,a2_0.postal_code,a2_0.street_name,e1_0.age,e1_0.employee_name,a1_0.postal_code,a1_0.street_name from address a1_0 left join employee e1_0 on e1_0.id=a1_0.employee_id left join address a2_0 on a2_0.id=e1_0.address_id where a1_0.id=?
2025-10-11 15:20:39,327 [http-nio-8090-exec-4] DEBUG org.hibernate.SQL                                  - select e1_0.id,a1_0.id,e2_0.id,e2_0.address_id,e2_0.age,e2_0.employee_name,a1_0.postal_code,a1_0.street_name,e1_0.age,e1_0.employee_name from employee e1_0 left join address a1_0 on a1_0.id=e1_0.address_id left join employee e2_0 on e2_0.id=a1_0.employee_id where e1_0.id=?
2025-10-11 15:20:39,336 [http-nio-8090-exec-5] DEBUG org.hibernate.SQL                                  - select e1_0.id,a1_0.id,e2_0.id,e2_0.address_id,e2_0.age,e2_0.employee_name,a1_0.postal_code,a1_0.street_name,e1_0.age,e1_0.employee_name from employee e1_0 left join address a1_0 on a1_0.id=e1_0.address_id left join employee e2_0 on e2_0.id=a1_0.employee_id where e1_0.id=?
2025-10-11 15:20:43,101 [http-nio-8090-exec-9] DEBUG org.hibernate.SQL                                  - select count(*) from employee e1_0 where e1_0.id=?
2025-10-11 15:20:43,109 [http-nio-8090-exec-9] DEBUG org.hibernate.SQL                                  - select next_val as id_val from employee_seq for update
2025-10-11 15:20:43,111 [http-nio-8090-exec-9] DEBUG org.hibernate.SQL                                  - update employee_seq set next_val= ? where next_val=?
2025-10-11 15:20:43,124 [http-nio-8090-exec-9] ERROR o.a.c.c.C.[.[.[/].[dispatcherServlet]              - Servlet.service() for servlet [dispatcherServlet] in context with path [] threw exception [Request processing failed: java.lang.NullPointerException: Cannot invoke "String.toUpperCase()" because "this.employeeName" is null] with root cause
java.lang.NullPointerException: Cannot invoke "String.toUpperCase()" because "this.employeeName" is null
	at com.Rest.API.model.Employee.toUpperCase(Employee.java:48)
	at java.base/jdk.internal.reflect.DirectMethodHandleAccessor.invoke(DirectMethodHandleAccessor.java:103)
	at java.base/java.lang.reflect.Method.invoke(Method.java:580)
	at org.hibernate.jpa.event.internal.EntityCallback.performCallback(EntityCallback.java:50)
	at org.hibernate.jpa.event.internal.CallbackRegistryImpl.callback(CallbackRegistryImpl.java:123)
	at org.hibernate.jpa.event.internal.CallbackRegistryImpl.preCreate(CallbackRegistryImpl.java:72)
	at org.hibernate.event.internal.AbstractSaveEventListener.performSave(AbstractSaveEventListener.java:196)
	at org.hibernate.event.internal.AbstractSaveEventListener.saveWithGeneratedId(AbstractSaveEventListener.java:134)
	at org.hibernate.event.internal.DefaultPersistEventListener.entityIsTransient(DefaultPersistEventListener.java:175)
	at org.hibernate.event.internal.DefaultPersistEventListener.persist(DefaultPersistEventListener.java:93)
	at org.hibernate.event.internal.DefaultPersistEventListener.onPersist(DefaultPersistEventListener.java:77)
	at org.hibernate.event.internal.DefaultPersistEventListener.onPersist(DefaultPersistEventListener.java:54)
	at org.hibernate.event.service.internal.EventListenerGroupImpl.fireEventOnEachListener(EventListenerGroupImpl.java:127)
	at org.hibernate.internal.SessionImpl.firePersist(SessionImpl.java:754)
	at org.hibernate.internal.SessionImpl.persist(SessionImpl.java:738)
	at java.base/jdk.internal.reflect.DirectMethodHandleAccessor.invoke(DirectMethodHandleAccessor.java:103)
	at java.base/java.lang.reflect.Method.invoke(Method.java:580)
	at org.springframework.orm.jpa.ExtendedEntityManagerCreator$ExtendedEntityManagerInvocationHandler.invoke(ExtendedEntityManagerCreator.java:364)
	at jdk.proxy2/jdk.proxy2.$Proxy115.persist(Unknown Source)
	at java.base/jdk.internal.reflect.DirectMethodHandleAccessor.invoke(DirectMethodHandleAccessor.java:103)
	at java.base/java.lang.reflect.Method.invoke(Method.java:580)
	at org.springframework.orm.jpa.SharedEntityManagerCreator$SharedEntityManagerInvocationHandler.invoke(SharedEntityManagerCreator.java:319)
	at jdk.proxy2/jdk.proxy2.$Proxy115.persist(Unknown Source)
	at org.springframework.data.jpa.repository.support.SimpleJpaRepository.save(SimpleJpaRepository.java:618)
	at java.base/jdk.internal.reflect.DirectMethodHandleAccessor.invoke(DirectMethodHandleAccessor.java:103)
	at java.base/java.lang.reflect.Method.invoke(Method.java:580)
	at org.springframework.aop.support.AopUtils.invokeJoinpointUsingReflection(AopUtils.java:351)
	at org.springframework.data.repository.core.support.RepositoryMethodInvoker$RepositoryFragmentMethodInvoker.lambda$new$0(RepositoryMethodInvoker.java:277)
	at org.springframework.data.repository.core.support.RepositoryMethodInvoker.doInvoke(RepositoryMethodInvoker.java:170)
	at org.springframework.data.repository.core.support.RepositoryMethodInvoker.invoke(RepositoryMethodInvoker.java:158)
	at org.springframework.data.repository.core.support.RepositoryComposition$RepositoryFragments.invoke(RepositoryComposition.java:516)
	at org.springframework.data.repository.core.support.RepositoryComposition.invoke(RepositoryComposition.java:285)
	at org.springframework.data.repository.core.support.RepositoryFactorySupport$ImplementationMethodExecutionInterceptor.invoke(RepositoryFactorySupport.java:628)
	at org.springframework.aop.framework.ReflectiveMethodInvocation.proceed(ReflectiveMethodInvocation.java:184)
	at org.springframework.data.repository.core.support.QueryExecutorMethodInterceptor.doInvoke(QueryExecutorMethodInterceptor.java:168)
	at org.springframework.data.repository.core.support.QueryExecutorMethodInterceptor.invoke(QueryExecutorMethodInterceptor.java:143)
	at org.springframework.aop.framework.ReflectiveMethodInvocation.proceed(ReflectiveMethodInvocation.java:184)
	at org.springframework.data.projection.DefaultMethodInvokingMethodInterceptor.invoke(DefaultMethodInvokingMethodInterceptor.java:70)
	at org.springframework.aop.framework.ReflectiveMethodInvocation.proceed(ReflectiveMethodInvocation.java:184)
	at org.springframework.transaction.interceptor.TransactionInterceptor$1.proceedWithInvocation(TransactionInterceptor.java:123)
	at org.springframework.transaction.interceptor.TransactionAspectSupport.invokeWithinTransaction(TransactionAspectSupport.java:392)
	at org.springframework.transaction.interceptor.TransactionInterceptor.invoke(TransactionInterceptor.java:119)
	at org.springframework.aop.framework.ReflectiveMethodInvocation.proceed(ReflectiveMethodInvocation.java:184)
	at org.springframework.dao.support.PersistenceExceptionTranslationInterceptor.invoke(PersistenceExceptionTranslationInterceptor.java:137)
	at org.springframework.aop.framework.ReflectiveMethodInvocation.proceed(ReflectiveMethodInvocation.java:184)
	at org.springframework.data.jpa.repository.support.CrudMethodMetadataPostProcessor$CrudMethodMetadataPopulatingMethodInterceptor.invoke(CrudMethodMetadataPostProcessor.java:164)
	at org.springframework.aop.framework.ReflectiveMethodInvocation.proceed(ReflectiveMethodInvocation.java:184)
	at org.springframework.aop.interceptor.ExposeInvocationInterceptor.invoke(ExposeInvocationInterceptor.java:97)
	at org.springframework.aop.framework.ReflectiveMethodInvocation.proceed(ReflectiveMethodInvocation.java:184)
	at org.springframework.aop.framework.JdkDynamicAopProxy.invoke(JdkDynamicAopProxy.java:220)
	at jdk.proxy2/jdk.proxy2.$Proxy123.save(Unknown Source)
	at com.Rest.API.service.EmployeeService.updateEmployee(EmployeeService.java:58)
	at com.Rest.API.web.EmployeeController.updateEmployee(EmployeeController.java:58)
	at java.base/jdk.internal.reflect.DirectMethodHandleAccessor.invoke(DirectMethodHandleAccessor.java:103)
	at java.base/java.lang.reflect.Method.invoke(Method.java:580)
	at org.springframework.web.method.support.InvocableHandlerMethod.doInvoke(InvocableHandlerMethod.java:255)
	at org.springframework.web.method.support.InvocableHandlerMethod.invokeForRequest(InvocableHandlerMethod.java:188)
	at org.springframework.web.servlet.mvc.method.annotation.ServletInvocableHandlerMethod.invokeAndHandle(ServletInvocableHandlerMethod.java:118)
	at org.springframework.web.servlet.mvc.method.annotation.RequestMappingHandlerAdapter.invokeHandlerMethod(RequestMappingHandlerAdapter.java:925)
	at org.springframework.web.servlet.mvc.method.annotation.RequestMappingHandlerAdapter.handleInternal(RequestMappingHandlerAdapter.java:830)
	at org.springframework.web.servlet.mvc.method.AbstractHandlerMethodAdapter.handle(AbstractHandlerMethodAdapter.java:87)
	at org.springframework.web.servlet.DispatcherServlet.doDispatch(DispatcherServlet.java:1089)
	at org.springframework.web.servlet.DispatcherServlet.doService(DispatcherServlet.java:979)
	at org.springframework.web.servlet.FrameworkServlet.processRequest(FrameworkServlet.java:1014)
	at org.springframework.web.servlet.FrameworkServlet.doPut(FrameworkServlet.java:925)
	at jakarta.servlet.http.HttpServlet.service(HttpServlet.java:593)
	at org.springframework.web.servlet.FrameworkServlet.service(FrameworkServlet.java:885)
	at jakarta.servlet.http.HttpServlet.service(HttpServlet.java:658)
	at org.apache.catalina.core.ApplicationFilterChain.internalDoFilter(ApplicationFilterChain.java:205)
	at org.apache.catalina.core.ApplicationFilterChain.doFilter(ApplicationFilterChain.java:149)
	at org.apache.tomcat.websocket.server.WsFilter.doFilter(WsFilter.java:51)
	at org.apache.catalina.core.ApplicationFilterChain.internalDoFilter(ApplicationFilterChain.java:174)
	at org.apache.catalina.core.ApplicationFilterChain.doFilter(ApplicationFilterChain.java:149)
	at org.springframework.web.filter.RequestContextFilter.doFilterInternal(RequestContextFilter.java:100)
	at org.springframework.web.filter.OncePerRequestFilter.doFilter(OncePerRequestFilter.java:116)
	at org.apache.catalina.core.ApplicationFilterChain.internalDoFilter(ApplicationFilterChain.java:174)
	at org.apache.catalina.core.ApplicationFilterChain.doFilter(ApplicationFilterChain.java:149)
	at org.springframework.web.filter.FormContentFilter.doFilterInternal(FormContentFilter.java:93)
	at org.springframework.web.filter.OncePerRequestFilter.doFilter(OncePerRequestFilter.java:116)
	at org.apache.catalina.core.ApplicationFilterChain.internalDoFilter(ApplicationFilterChain.java:174)
	at org.apache.catalina.core.ApplicationFilterChain.doFilter(ApplicationFilterChain.java:149)
	at org.springframework.web.filter.CharacterEncodingFilter.doFilterInternal(CharacterEncodingFilter.java:201)
	at org.springframework.web.filter.OncePerRequestFilter.doFilter(OncePerRequestFilter.java:116)
	at org.apache.catalina.core.ApplicationFilterChain.internalDoFilter(ApplicationFilterChain.java:174)
	at org.apache.catalina.core.ApplicationFilterChain.doFilter(ApplicationFilterChain.java:149)
	at org.apache.catalina.core.StandardWrapperValve.invoke(StandardWrapperValve.java:167)
	at org.apache.catalina.core.StandardContextValve.invoke(StandardContextValve.java:90)
	at org.apache.catalina.authenticator.AuthenticatorBase.invoke(AuthenticatorBase.java:482)
	at org.apache.catalina.core.StandardHostValve.invoke(StandardHostValve.java:115)
	at org.apache.catalina.valves.ErrorReportValve.invoke(ErrorReportValve.java:93)
	at org.apache.catalina.core.StandardEngineValve.invoke(StandardEngineValve.java:74)
	at org.apache.catalina.connector.CoyoteAdapter.service(CoyoteAdapter.java:344)
	at org.apache.coyote.http11.Http11Processor.service(Http11Processor.java:391)
	at org.apache.coyote.AbstractProcessorLight.process(AbstractProcessorLight.java:63)
	at org.apache.coyote.AbstractProtocol$ConnectionHandler.process(AbstractProtocol.java:896)
	at org.apache.tomcat.util.net.NioEndpoint$SocketProcessor.doRun(NioEndpoint.java:1744)
	at org.apache.tomcat.util.net.SocketProcessorBase.run(SocketProcessorBase.java:52)
	at org.apache.tomcat.util.threads.ThreadPoolExecutor.runWorker(ThreadPoolExecutor.java:1191)
	at org.apache.tomcat.util.threads.ThreadPoolExecutor$Worker.run(ThreadPoolExecutor.java:659)
	at org.apache.tomcat.util.threads.TaskThread$WrappingRunnable.run(TaskThread.java:63)
	at java.base/java.lang.Thread.run(Thread.java:1575)
2025-10-11 15:20:43,141 [http-nio-8090-exec-10] DEBUG org.hibernate.SQL                                  - select e1_0.id,e1_0.address_id,e1_0.age,e1_0.employee_name from employee e1_0
2025-10-11 15:20:43,142 [http-nio-8090-exec-10] DEBUG org.hibernate.SQL                                  - select a1_0.id,e1_0.id,a2_0.id,a2_0.employee_id,a2_0.postal_code,a2_0.street_name,e1_0.age,e1_0.employee_name,a1_0.postal_code,a1_0.street_name from address a1_0 left join employee e1_0 on e1_0.id=a1_0.employee_id left join address a2_0 on a2_0.id=e1_0.address_id where a1_0.id=?
2025-10-11 15:20:43,150 [http-nio-8090-exec-1] DEBUG org.hibernate.SQL                                  - select e1_0.id,e1_0.address_id,e1_0.age,e1_0.employee_name from employee e1_0
2025-10-11 15:20:43,151 [http-nio-8090-exec-1] DEBUG org.hibernate.SQL                                  - select a1_0.id,e1_0.id,a2_0.id,a2_0.employee_id,a2_0.postal_code,a2_0.street_name,e1_0.age,e1_0.employee_name,a1_0.postal_code,a1_0.street_name from address a1_0 left join employee e1_0 on e1_0.id=a1_0.employee_id left join address a2_0 on a2_0.id=e1_0.address_id where a1_0.id=?
2025-10-11 15:20:43,158 [http-nio-8090-exec-2] DEBUG org.hibernate.SQL                                  - select e1_0.id,e1_0.address_id,e1_0.age,e1_0.employee_name from employee e1_0
2025-10-11 15:20:43,159 [http-nio-8090-exec-2] DEBUG org.hibernate.SQL                                  - select a1_0.id,e1_0.id,a2_0.id,a2_0.employee_id,a2_0.postal_code,a2_0.street_name,e1_0.age,e1_0.employee_name,a1_0.postal_code,a1_0.street_name from address a1_0 left join employee e1_0 on e1_0.id=a1_0.employee_id left join address a2_0 on a2_0.id=e1_0.address_id where a1_0.id=?
2025-10-11 15:21:30,009 [http-nio-8090-exec-5] DEBUG org.hibernate.SQL                                  - select e1_0.id,e1_0.address_id,e1_0.age,e1_0.employee_name from employee e1_0
2025-10-11 15:21:30,014 [http-nio-8090-exec-5] DEBUG org.hibernate.SQL                                  - select a1_0.id,e1_0.id,a2_0.id,a2_0.employee_id,a2_0.postal_code,a2_0.street_name,e1_0.age,e1_0.employee_name,a1_0.postal_code,a1_0.street_name from address a1_0 left join employee e1_0 on e1_0.id=a1_0.employee_id left join address a2_0 on a2_0.id=e1_0.address_id where a1_0.id=?
2025-10-11 15:21:30,024 [http-nio-8090-exec-6] DEBUG org.hibernate.SQL                                  - select e1_0.id,e1_0.address_id,e1_0.age,e1_0.employee_name from employee e1_0
2025-10-11 15:21:30,026 [http-nio-8090-exec-6] DEBUG org.hibernate.SQL                                  - select a1_0.id,e1_0.id,a2_0.id,a2_0.employee_id,a2_0.postal_code,a2_0.street_name,e1_0.age,e1_0.employee_name,a1_0.postal_code,a1_0.street_name from address a1_0 left join employee e1_0 on e1_0.id=a1_0.employee_id left join address a2_0 on a2_0.id=e1_0.address_id where a1_0.id=?
2025-10-11 15:21:30,033 [http-nio-8090-exec-7] DEBUG org.hibernate.SQL                                  - select e1_0.id,e1_0.address_id,e1_0.age,e1_0.employee_name from employee e1_0
2025-10-11 15:21:30,035 [http-nio-8090-exec-7] DEBUG org.hibernate.SQL                                  - select a1_0.id,e1_0.id,a2_0.id,a2_0.employee_id,a2_0.postal_code,a2_0.street_name,e1_0.age,e1_0.employee_name,a1_0.postal_code,a1_0.street_name from address a1_0 left join employee e1_0 on e1_0.id=a1_0.employee_id left join address a2_0 on a2_0.id=e1_0.address_id where a1_0.id=?
2025-10-11 15:21:30,698 [http-nio-8090-exec-10] DEBUG org.hibernate.SQL                                  - select e1_0.id,a1_0.id,e2_0.id,e2_0.address_id,e2_0.age,e2_0.employee_name,a1_0.postal_code,a1_0.street_name,e1_0.age,e1_0.employee_name from employee e1_0 left join address a1_0 on a1_0.id=e1_0.address_id left join employee e2_0 on e2_0.id=a1_0.employee_id where e1_0.id=?
2025-10-11 15:21:30,706 [http-nio-8090-exec-1] DEBUG org.hibernate.SQL                                  - select e1_0.id,a1_0.id,e2_0.id,e2_0.address_id,e2_0.age,e2_0.employee_name,a1_0.postal_code,a1_0.street_name,e1_0.age,e1_0.employee_name from employee e1_0 left join address a1_0 on a1_0.id=e1_0.address_id left join employee e2_0 on e2_0.id=a1_0.employee_id where e1_0.id=?
2025-10-11 15:21:35,267 [http-nio-8090-exec-2] DEBUG org.hibernate.SQL                                  - select count(*) from employee e1_0 where e1_0.id=?
2025-10-11 15:21:35,298 [http-nio-8090-exec-2] DEBUG org.hibernate.SQL                                  - insert into employee (address_id,age,employee_name,id) values (?,?,?,?)
2025-10-11 15:21:35,324 [http-nio-8090-exec-3] DEBUG org.hibernate.SQL                                  - select e1_0.id,e1_0.address_id,e1_0.age,e1_0.employee_name from employee e1_0
2025-10-11 15:21:35,325 [http-nio-8090-exec-3] DEBUG org.hibernate.SQL                                  - select a1_0.id,e1_0.id,a2_0.id,a2_0.employee_id,a2_0.postal_code,a2_0.street_name,e1_0.age,e1_0.employee_name,a1_0.postal_code,a1_0.street_name from address a1_0 left join employee e1_0 on e1_0.id=a1_0.employee_id left join address a2_0 on a2_0.id=e1_0.address_id where a1_0.id=?
2025-10-11 15:21:35,332 [http-nio-8090-exec-4] DEBUG org.hibernate.SQL                                  - select e1_0.id,e1_0.address_id,e1_0.age,e1_0.employee_name from employee e1_0
2025-10-11 15:21:35,333 [http-nio-8090-exec-4] DEBUG org.hibernate.SQL                                  - select a1_0.id,e1_0.id,a2_0.id,a2_0.employee_id,a2_0.postal_code,a2_0.street_name,e1_0.age,e1_0.employee_name,a1_0.postal_code,a1_0.street_name from address a1_0 left join employee e1_0 on e1_0.id=a1_0.employee_id left join address a2_0 on a2_0.id=e1_0.address_id where a1_0.id=?
2025-10-11 15:21:35,339 [http-nio-8090-exec-5] DEBUG org.hibernate.SQL                                  - select e1_0.id,e1_0.address_id,e1_0.age,e1_0.employee_name from employee e1_0
2025-10-11 15:21:35,341 [http-nio-8090-exec-5] DEBUG org.hibernate.SQL                                  - select a1_0.id,e1_0.id,a2_0.id,a2_0.employee_id,a2_0.postal_code,a2_0.street_name,e1_0.age,e1_0.employee_name,a1_0.postal_code,a1_0.street_name from address a1_0 left join employee e1_0 on e1_0.id=a1_0.employee_id left join address a2_0 on a2_0.id=e1_0.address_id where a1_0.id=?
2025-10-11 15:21:40,996 [http-nio-8090-exec-8] DEBUG org.hibernate.SQL                                  - select count(*) from employee e1_0 where e1_0.id=?
2025-10-11 15:21:41,001 [http-nio-8090-exec-8] DEBUG org.hibernate.SQL                                  - select e1_0.id,a1_0.id,e2_0.id,e2_0.address_id,e2_0.age,e2_0.employee_name,a1_0.postal_code,a1_0.street_name,e1_0.age,e1_0.employee_name from employee e1_0 left join address a1_0 on a1_0.id=e1_0.address_id left join employee e2_0 on e2_0.id=a1_0.employee_id where e1_0.id=?
2025-10-11 15:21:41,008 [http-nio-8090-exec-8] DEBUG org.hibernate.SQL                                  - delete from employee where id=?
2025-10-11 15:21:42,702 [http-nio-8090-exec-10] DEBUG org.hibernate.SQL                                  - select e1_0.id,e1_0.address_id,e1_0.age,e1_0.employee_name from employee e1_0
2025-10-11 15:21:42,710 [http-nio-8090-exec-1] DEBUG org.hibernate.SQL                                  - select e1_0.id,e1_0.address_id,e1_0.age,e1_0.employee_name from employee e1_0
2025-10-11 15:21:42,716 [http-nio-8090-exec-2] DEBUG org.hibernate.SQL                                  - select e1_0.id,e1_0.address_id,e1_0.age,e1_0.employee_name from employee e1_0
