2024-05-14 20:55:15,502 [main] INFO  com.Rest.API.RestApiApplication                    - Starting RestApiApplication using Java 21.0.2 with PID 70662 (/Users/dineshchandgeetharavichandran/Desktop/Dinesh/Project/Rest-API/target/classes started by dineshchandgeetharavichandran in /Users/dineshchandgeetharavichandran/Desktop/Dinesh/Project/Rest-API)
2024-05-14 20:55:15,510 [main] DEBUG com.Rest.API.RestApiApplication                    - Running with Spring Boot v3.2.4, Spring v6.1.5
2024-05-14 20:55:15,514 [main] INFO  com.Rest.API.RestApiApplication                    - No active profile set, falling back to 1 default profile: "default"
2024-05-14 20:55:17,775 [main] INFO  o.s.d.r.c.RepositoryConfigurationDelegate          - Bootstrapping Spring Data JPA repositories in DEFAULT mode.
2024-05-14 20:55:18,137 [main] INFO  o.s.d.r.c.RepositoryConfigurationDelegate          - Finished Spring Data repository scanning in 329 ms. Found 3 JPA repository interfaces.
2024-05-14 20:55:19,372 [main] INFO  o.s.b.w.embedded.tomcat.TomcatWebServer            - Tomcat initialized with port 8090 (http)
2024-05-14 20:55:19,392 [main] INFO  o.apache.coyote.http11.Http11NioProtocol           - Initializing ProtocolHandler ["http-nio-8090"]
2024-05-14 20:55:19,395 [main] INFO  o.apache.catalina.core.StandardService             - Starting service [Tomcat]
2024-05-14 20:55:19,395 [main] INFO  org.apache.catalina.core.StandardEngine            - Starting Servlet engine: [Apache Tomcat/10.1.19]
2024-05-14 20:55:19,532 [main] INFO  o.a.c.c.C.[Tomcat].[localhost].[/]                 - Initializing Spring embedded WebApplicationContext
2024-05-14 20:55:19,534 [main] INFO  o.s.b.w.s.c.ServletWebServerApplicationContext     - Root WebApplicationContext: initialization completed in 3737 ms
2024-05-14 20:55:20,004 [main] INFO  o.hibernate.jpa.internal.util.LogHelper            - HHH000204: Processing PersistenceUnitInfo [name: default]
2024-05-14 20:55:20,072 [main] INFO  org.hibernate.Version                              - HHH000412: Hibernate ORM core version 6.4.4.Final
2024-05-14 20:55:20,103 [main] INFO  o.h.c.internal.RegionFactoryInitiator              - HHH000026: Second-level cache disabled
2024-05-14 20:55:20,168 [main] DEBUG org.hibernate.type.BasicTypeRegistry               - Adding type registration boolean -> org.hibernate.type.BasicTypeReference@69aabcb0
2024-05-14 20:55:20,169 [main] DEBUG org.hibernate.type.BasicTypeRegistry               - Adding type registration boolean -> org.hibernate.type.BasicTypeReference@69aabcb0
2024-05-14 20:55:20,169 [main] DEBUG org.hibernate.type.BasicTypeRegistry               - Adding type registration java.lang.Boolean -> org.hibernate.type.BasicTypeReference@69aabcb0
2024-05-14 20:55:20,169 [main] DEBUG org.hibernate.type.BasicTypeRegistry               - Adding type registration numeric_boolean -> org.hibernate.type.BasicTypeReference@32a72c4
2024-05-14 20:55:20,169 [main] DEBUG org.hibernate.type.BasicTypeRegistry               - Adding type registration org.hibernate.type.NumericBooleanConverter -> org.hibernate.type.BasicTypeReference@32a72c4
2024-05-14 20:55:20,169 [main] DEBUG org.hibernate.type.BasicTypeRegistry               - Adding type registration true_false -> org.hibernate.type.BasicTypeReference@15986dd5
2024-05-14 20:55:20,169 [main] DEBUG org.hibernate.type.BasicTypeRegistry               - Adding type registration org.hibernate.type.TrueFalseConverter -> org.hibernate.type.BasicTypeReference@15986dd5
2024-05-14 20:55:20,169 [main] DEBUG org.hibernate.type.BasicTypeRegistry               - Adding type registration yes_no -> org.hibernate.type.BasicTypeReference@678a9516
2024-05-14 20:55:20,169 [main] DEBUG org.hibernate.type.BasicTypeRegistry               - Adding type registration org.hibernate.type.YesNoConverter -> org.hibernate.type.BasicTypeReference@678a9516
2024-05-14 20:55:20,169 [main] DEBUG org.hibernate.type.BasicTypeRegistry               - Adding type registration byte -> org.hibernate.type.BasicTypeReference@5bf9ea6b
2024-05-14 20:55:20,169 [main] DEBUG org.hibernate.type.BasicTypeRegistry               - Adding type registration byte -> org.hibernate.type.BasicTypeReference@5bf9ea6b
2024-05-14 20:55:20,169 [main] DEBUG org.hibernate.type.BasicTypeRegistry               - Adding type registration java.lang.Byte -> org.hibernate.type.BasicTypeReference@5bf9ea6b
2024-05-14 20:55:20,169 [main] DEBUG org.hibernate.type.BasicTypeRegistry               - Adding type registration binary -> org.hibernate.type.BasicTypeReference@b950f82
2024-05-14 20:55:20,169 [main] DEBUG org.hibernate.type.BasicTypeRegistry               - Adding type registration byte[] -> org.hibernate.type.BasicTypeReference@b950f82
2024-05-14 20:55:20,169 [main] DEBUG org.hibernate.type.BasicTypeRegistry               - Adding type registration [B -> org.hibernate.type.BasicTypeReference@b950f82
2024-05-14 20:55:20,169 [main] DEBUG org.hibernate.type.BasicTypeRegistry               - Adding type registration binary_wrapper -> org.hibernate.type.BasicTypeReference@5d352de0
2024-05-14 20:55:20,169 [main] DEBUG org.hibernate.type.BasicTypeRegistry               - Adding type registration wrapper-binary -> org.hibernate.type.BasicTypeReference@5d352de0
2024-05-14 20:55:20,169 [main] DEBUG org.hibernate.type.BasicTypeRegistry               - Adding type registration image -> org.hibernate.type.BasicTypeReference@6e243175
2024-05-14 20:55:20,169 [main] DEBUG org.hibernate.type.BasicTypeRegistry               - Adding type registration blob -> org.hibernate.type.BasicTypeReference@7a1a3468
2024-05-14 20:55:20,170 [main] DEBUG org.hibernate.type.BasicTypeRegistry               - Adding type registration java.sql.Blob -> org.hibernate.type.BasicTypeReference@7a1a3468
2024-05-14 20:55:20,170 [main] DEBUG org.hibernate.type.BasicTypeRegistry               - Adding type registration materialized_blob -> org.hibernate.type.BasicTypeReference@59d0cdb6
2024-05-14 20:55:20,170 [main] DEBUG org.hibernate.type.BasicTypeRegistry               - Adding type registration materialized_blob_wrapper -> org.hibernate.type.BasicTypeReference@2dfeb141
2024-05-14 20:55:20,170 [main] DEBUG org.hibernate.type.BasicTypeRegistry               - Adding type registration short -> org.hibernate.type.BasicTypeReference@629e8212
2024-05-14 20:55:20,172 [main] DEBUG org.hibernate.type.BasicTypeRegistry               - Adding type registration short -> org.hibernate.type.BasicTypeReference@629e8212
2024-05-14 20:55:20,172 [main] DEBUG org.hibernate.type.BasicTypeRegistry               - Adding type registration java.lang.Short -> org.hibernate.type.BasicTypeReference@629e8212
2024-05-14 20:55:20,172 [main] DEBUG org.hibernate.type.BasicTypeRegistry               - Adding type registration integer -> org.hibernate.type.BasicTypeReference@498c535d
2024-05-14 20:55:20,172 [main] DEBUG org.hibernate.type.BasicTypeRegistry               - Adding type registration int -> org.hibernate.type.BasicTypeReference@498c535d
2024-05-14 20:55:20,172 [main] DEBUG org.hibernate.type.BasicTypeRegistry               - Adding type registration java.lang.Integer -> org.hibernate.type.BasicTypeReference@498c535d
2024-05-14 20:55:20,172 [main] DEBUG org.hibernate.type.BasicTypeRegistry               - Adding type registration long -> org.hibernate.type.BasicTypeReference@16ee9aa7
2024-05-14 20:55:20,172 [main] DEBUG org.hibernate.type.BasicTypeRegistry               - Adding type registration long -> org.hibernate.type.BasicTypeReference@16ee9aa7
2024-05-14 20:55:20,172 [main] DEBUG org.hibernate.type.BasicTypeRegistry               - Adding type registration java.lang.Long -> org.hibernate.type.BasicTypeReference@16ee9aa7
2024-05-14 20:55:20,173 [main] DEBUG org.hibernate.type.BasicTypeRegistry               - Adding type registration float -> org.hibernate.type.BasicTypeReference@4e424582
2024-05-14 20:55:20,173 [main] DEBUG org.hibernate.type.BasicTypeRegistry               - Adding type registration float -> org.hibernate.type.BasicTypeReference@4e424582
2024-05-14 20:55:20,173 [main] DEBUG org.hibernate.type.BasicTypeRegistry               - Adding type registration java.lang.Float -> org.hibernate.type.BasicTypeReference@4e424582
2024-05-14 20:55:20,173 [main] DEBUG org.hibernate.type.BasicTypeRegistry               - Adding type registration double -> org.hibernate.type.BasicTypeReference@58dad04a
2024-05-14 20:55:20,173 [main] DEBUG org.hibernate.type.BasicTypeRegistry               - Adding type registration double -> org.hibernate.type.BasicTypeReference@58dad04a
2024-05-14 20:55:20,173 [main] DEBUG org.hibernate.type.BasicTypeRegistry               - Adding type registration java.lang.Double -> org.hibernate.type.BasicTypeReference@58dad04a
2024-05-14 20:55:20,173 [main] DEBUG org.hibernate.type.BasicTypeRegistry               - Adding type registration big_integer -> org.hibernate.type.BasicTypeReference@73e776b7
2024-05-14 20:55:20,173 [main] DEBUG org.hibernate.type.BasicTypeRegistry               - Adding type registration java.math.BigInteger -> org.hibernate.type.BasicTypeReference@73e776b7
2024-05-14 20:55:20,174 [main] DEBUG org.hibernate.type.BasicTypeRegistry               - Adding type registration big_decimal -> org.hibernate.type.BasicTypeReference@113ee1ce
2024-05-14 20:55:20,174 [main] DEBUG org.hibernate.type.BasicTypeRegistry               - Adding type registration java.math.BigDecimal -> org.hibernate.type.BasicTypeReference@113ee1ce
2024-05-14 20:55:20,175 [main] DEBUG org.hibernate.type.BasicTypeRegistry               - Adding type registration character -> org.hibernate.type.BasicTypeReference@4d0cc83e
2024-05-14 20:55:20,175 [main] DEBUG org.hibernate.type.BasicTypeRegistry               - Adding type registration char -> org.hibernate.type.BasicTypeReference@4d0cc83e
2024-05-14 20:55:20,175 [main] DEBUG org.hibernate.type.BasicTypeRegistry               - Adding type registration java.lang.Character -> org.hibernate.type.BasicTypeReference@4d0cc83e
2024-05-14 20:55:20,175 [main] DEBUG org.hibernate.type.BasicTypeRegistry               - Adding type registration character_nchar -> org.hibernate.type.BasicTypeReference@43da0955
2024-05-14 20:55:20,175 [main] DEBUG org.hibernate.type.BasicTypeRegistry               - Adding type registration string -> org.hibernate.type.BasicTypeReference@bc09d57
2024-05-14 20:55:20,176 [main] DEBUG org.hibernate.type.BasicTypeRegistry               - Adding type registration java.lang.String -> org.hibernate.type.BasicTypeReference@bc09d57
2024-05-14 20:55:20,177 [main] DEBUG org.hibernate.type.BasicTypeRegistry               - Adding type registration nstring -> org.hibernate.type.BasicTypeReference@6d963d70
2024-05-14 20:55:20,177 [main] DEBUG org.hibernate.type.BasicTypeRegistry               - Adding type registration characters -> org.hibernate.type.BasicTypeReference@467045c4
2024-05-14 20:55:20,177 [main] DEBUG org.hibernate.type.BasicTypeRegistry               - Adding type registration char[] -> org.hibernate.type.BasicTypeReference@467045c4
2024-05-14 20:55:20,177 [main] DEBUG org.hibernate.type.BasicTypeRegistry               - Adding type registration [C -> org.hibernate.type.BasicTypeReference@467045c4
2024-05-14 20:55:20,178 [main] DEBUG org.hibernate.type.BasicTypeRegistry               - Adding type registration wrapper-characters -> org.hibernate.type.BasicTypeReference@55736cfe
2024-05-14 20:55:20,179 [main] DEBUG org.hibernate.type.BasicTypeRegistry               - Adding type registration text -> org.hibernate.type.BasicTypeReference@5a566922
2024-05-14 20:55:20,179 [main] DEBUG org.hibernate.type.BasicTypeRegistry               - Adding type registration ntext -> org.hibernate.type.BasicTypeReference@6f7a2a5
2024-05-14 20:55:20,179 [main] DEBUG org.hibernate.type.BasicTypeRegistry               - Adding type registration clob -> org.hibernate.type.BasicTypeReference@42ed89da
2024-05-14 20:55:20,179 [main] DEBUG org.hibernate.type.BasicTypeRegistry               - Adding type registration java.sql.Clob -> org.hibernate.type.BasicTypeReference@42ed89da
2024-05-14 20:55:20,179 [main] DEBUG org.hibernate.type.BasicTypeRegistry               - Adding type registration nclob -> org.hibernate.type.BasicTypeReference@c3719e5
2024-05-14 20:55:20,179 [main] DEBUG org.hibernate.type.BasicTypeRegistry               - Adding type registration java.sql.NClob -> org.hibernate.type.BasicTypeReference@c3719e5
2024-05-14 20:55:20,179 [main] DEBUG org.hibernate.type.BasicTypeRegistry               - Adding type registration materialized_clob -> org.hibernate.type.BasicTypeReference@65c17e38
2024-05-14 20:55:20,179 [main] DEBUG org.hibernate.type.BasicTypeRegistry               - Adding type registration materialized_clob_char_array -> org.hibernate.type.BasicTypeReference@5e180aaf
2024-05-14 20:55:20,179 [main] DEBUG org.hibernate.type.BasicTypeRegistry               - Adding type registration materialized_clob_character_array -> org.hibernate.type.BasicTypeReference@7015ebef
2024-05-14 20:55:20,179 [main] DEBUG org.hibernate.type.BasicTypeRegistry               - Adding type registration materialized_nclob -> org.hibernate.type.BasicTypeReference@44592c39
2024-05-14 20:55:20,179 [main] DEBUG org.hibernate.type.BasicTypeRegistry               - Adding type registration materialized_nclob_character_array -> org.hibernate.type.BasicTypeReference@2a87ba34
2024-05-14 20:55:20,179 [main] DEBUG org.hibernate.type.BasicTypeRegistry               - Adding type registration materialized_nclob_char_array -> org.hibernate.type.BasicTypeReference@34d480b9
2024-05-14 20:55:20,179 [main] DEBUG org.hibernate.type.BasicTypeRegistry               - Adding type registration Duration -> org.hibernate.type.BasicTypeReference@6b415f5f
2024-05-14 20:55:20,179 [main] DEBUG org.hibernate.type.BasicTypeRegistry               - Adding type registration java.time.Duration -> org.hibernate.type.BasicTypeReference@6b415f5f
2024-05-14 20:55:20,179 [main] DEBUG org.hibernate.type.BasicTypeRegistry               - Adding type registration LocalDateTime -> org.hibernate.type.BasicTypeReference@66749eea
2024-05-14 20:55:20,179 [main] DEBUG org.hibernate.type.BasicTypeRegistry               - Adding type registration java.time.LocalDateTime -> org.hibernate.type.BasicTypeReference@66749eea
2024-05-14 20:55:20,180 [main] DEBUG org.hibernate.type.BasicTypeRegistry               - Adding type registration LocalDate -> org.hibernate.type.BasicTypeReference@7135ce0a
2024-05-14 20:55:20,181 [main] DEBUG org.hibernate.type.BasicTypeRegistry               - Adding type registration java.time.LocalDate -> org.hibernate.type.BasicTypeReference@7135ce0a
2024-05-14 20:55:20,181 [main] DEBUG org.hibernate.type.BasicTypeRegistry               - Adding type registration LocalTime -> org.hibernate.type.BasicTypeReference@617449dd
2024-05-14 20:55:20,181 [main] DEBUG org.hibernate.type.BasicTypeRegistry               - Adding type registration java.time.LocalTime -> org.hibernate.type.BasicTypeReference@617449dd
2024-05-14 20:55:20,181 [main] DEBUG org.hibernate.type.BasicTypeRegistry               - Adding type registration OffsetDateTime -> org.hibernate.type.BasicTypeReference@2e590b
2024-05-14 20:55:20,181 [main] DEBUG org.hibernate.type.BasicTypeRegistry               - Adding type registration java.time.OffsetDateTime -> org.hibernate.type.BasicTypeReference@2e590b
2024-05-14 20:55:20,181 [main] DEBUG org.hibernate.type.BasicTypeRegistry               - Adding type registration OffsetDateTimeWithTimezone -> org.hibernate.type.BasicTypeReference@42ef042a
2024-05-14 20:55:20,182 [main] DEBUG org.hibernate.type.BasicTypeRegistry               - Adding type registration OffsetDateTimeWithoutTimezone -> org.hibernate.type.BasicTypeReference@1df5c7e3
2024-05-14 20:55:20,182 [main] DEBUG org.hibernate.type.BasicTypeRegistry               - Adding type registration OffsetTime -> org.hibernate.type.BasicTypeReference@5e0c4f21
2024-05-14 20:55:20,182 [main] DEBUG org.hibernate.type.BasicTypeRegistry               - Adding type registration java.time.OffsetTime -> org.hibernate.type.BasicTypeReference@5e0c4f21
2024-05-14 20:55:20,183 [main] DEBUG org.hibernate.type.BasicTypeRegistry               - Adding type registration OffsetTimeUtc -> org.hibernate.type.BasicTypeReference@2c18a3ea
2024-05-14 20:55:20,185 [main] DEBUG org.hibernate.type.BasicTypeRegistry               - Adding type registration OffsetTimeWithTimezone -> org.hibernate.type.BasicTypeReference@166c2c17
2024-05-14 20:55:20,185 [main] DEBUG org.hibernate.type.BasicTypeRegistry               - Adding type registration OffsetTimeWithoutTimezone -> org.hibernate.type.BasicTypeReference@25953be6
2024-05-14 20:55:20,185 [main] DEBUG org.hibernate.type.BasicTypeRegistry               - Adding type registration ZonedDateTime -> org.hibernate.type.BasicTypeReference@19dc0d32
2024-05-14 20:55:20,185 [main] DEBUG org.hibernate.type.BasicTypeRegistry               - Adding type registration java.time.ZonedDateTime -> org.hibernate.type.BasicTypeReference@19dc0d32
2024-05-14 20:55:20,186 [main] DEBUG org.hibernate.type.BasicTypeRegistry               - Adding type registration ZonedDateTimeWithTimezone -> org.hibernate.type.BasicTypeReference@70b2fa10
2024-05-14 20:55:20,187 [main] DEBUG org.hibernate.type.BasicTypeRegistry               - Adding type registration ZonedDateTimeWithoutTimezone -> org.hibernate.type.BasicTypeReference@7c96c85
2024-05-14 20:55:20,187 [main] DEBUG org.hibernate.type.BasicTypeRegistry               - Adding type registration date -> org.hibernate.type.BasicTypeReference@b0f2d91
2024-05-14 20:55:20,187 [main] DEBUG org.hibernate.type.BasicTypeRegistry               - Adding type registration java.sql.Date -> org.hibernate.type.BasicTypeReference@b0f2d91
2024-05-14 20:55:20,187 [main] DEBUG org.hibernate.type.BasicTypeRegistry               - Adding type registration time -> org.hibernate.type.BasicTypeReference@7243145f
2024-05-14 20:55:20,187 [main] DEBUG org.hibernate.type.BasicTypeRegistry               - Adding type registration java.sql.Time -> org.hibernate.type.BasicTypeReference@7243145f
2024-05-14 20:55:20,187 [main] DEBUG org.hibernate.type.BasicTypeRegistry               - Adding type registration timestamp -> org.hibernate.type.BasicTypeReference@15c6027d
2024-05-14 20:55:20,187 [main] DEBUG org.hibernate.type.BasicTypeRegistry               - Adding type registration java.sql.Timestamp -> org.hibernate.type.BasicTypeReference@15c6027d
2024-05-14 20:55:20,187 [main] DEBUG org.hibernate.type.BasicTypeRegistry               - Adding type registration java.util.Date -> org.hibernate.type.BasicTypeReference@15c6027d
2024-05-14 20:55:20,187 [main] DEBUG org.hibernate.type.BasicTypeRegistry               - Adding type registration calendar -> org.hibernate.type.BasicTypeReference@5927f904
2024-05-14 20:55:20,188 [main] DEBUG org.hibernate.type.BasicTypeRegistry               - Adding type registration java.util.Calendar -> org.hibernate.type.BasicTypeReference@5927f904
2024-05-14 20:55:20,188 [main] DEBUG org.hibernate.type.BasicTypeRegistry               - Adding type registration java.util.GregorianCalendar -> org.hibernate.type.BasicTypeReference@5927f904
2024-05-14 20:55:20,188 [main] DEBUG org.hibernate.type.BasicTypeRegistry               - Adding type registration calendar_date -> org.hibernate.type.BasicTypeReference@2bb62414
2024-05-14 20:55:20,188 [main] DEBUG org.hibernate.type.BasicTypeRegistry               - Adding type registration calendar_time -> org.hibernate.type.BasicTypeReference@413d2cd1
2024-05-14 20:55:20,188 [main] DEBUG org.hibernate.type.BasicTypeRegistry               - Adding type registration instant -> org.hibernate.type.BasicTypeReference@644d1b61
2024-05-14 20:55:20,188 [main] DEBUG org.hibernate.type.BasicTypeRegistry               - Adding type registration java.time.Instant -> org.hibernate.type.BasicTypeReference@644d1b61
2024-05-14 20:55:20,188 [main] DEBUG org.hibernate.type.BasicTypeRegistry               - Adding type registration uuid -> org.hibernate.type.BasicTypeReference@2443135
2024-05-14 20:55:20,188 [main] DEBUG org.hibernate.type.BasicTypeRegistry               - Adding type registration java.util.UUID -> org.hibernate.type.BasicTypeReference@2443135
2024-05-14 20:55:20,188 [main] DEBUG org.hibernate.type.BasicTypeRegistry               - Adding type registration pg-uuid -> org.hibernate.type.BasicTypeReference@2443135
2024-05-14 20:55:20,188 [main] DEBUG org.hibernate.type.BasicTypeRegistry               - Adding type registration uuid-binary -> org.hibernate.type.BasicTypeReference@184823ed
2024-05-14 20:55:20,188 [main] DEBUG org.hibernate.type.BasicTypeRegistry               - Adding type registration uuid-char -> org.hibernate.type.BasicTypeReference@30bbcf91
2024-05-14 20:55:20,188 [main] DEBUG org.hibernate.type.BasicTypeRegistry               - Adding type registration class -> org.hibernate.type.BasicTypeReference@3ca14cf4
2024-05-14 20:55:20,188 [main] DEBUG org.hibernate.type.BasicTypeRegistry               - Adding type registration java.lang.Class -> org.hibernate.type.BasicTypeReference@3ca14cf4
2024-05-14 20:55:20,188 [main] DEBUG org.hibernate.type.BasicTypeRegistry               - Adding type registration currency -> org.hibernate.type.BasicTypeReference@1f4f0fcc
2024-05-14 20:55:20,188 [main] DEBUG org.hibernate.type.BasicTypeRegistry               - Adding type registration Currency -> org.hibernate.type.BasicTypeReference@1f4f0fcc
2024-05-14 20:55:20,189 [main] DEBUG org.hibernate.type.BasicTypeRegistry               - Adding type registration java.util.Currency -> org.hibernate.type.BasicTypeReference@1f4f0fcc
2024-05-14 20:55:20,190 [main] DEBUG org.hibernate.type.BasicTypeRegistry               - Adding type registration locale -> org.hibernate.type.BasicTypeReference@46c10083
2024-05-14 20:55:20,190 [main] DEBUG org.hibernate.type.BasicTypeRegistry               - Adding type registration java.util.Locale -> org.hibernate.type.BasicTypeReference@46c10083
2024-05-14 20:55:20,190 [main] DEBUG org.hibernate.type.BasicTypeRegistry               - Adding type registration serializable -> org.hibernate.type.BasicTypeReference@28e8888d
2024-05-14 20:55:20,192 [main] DEBUG org.hibernate.type.BasicTypeRegistry               - Adding type registration java.io.Serializable -> org.hibernate.type.BasicTypeReference@28e8888d
2024-05-14 20:55:20,193 [main] DEBUG org.hibernate.type.BasicTypeRegistry               - Adding type registration timezone -> org.hibernate.type.BasicTypeReference@1e98b788
2024-05-14 20:55:20,194 [main] DEBUG org.hibernate.type.BasicTypeRegistry               - Adding type registration java.util.TimeZone -> org.hibernate.type.BasicTypeReference@1e98b788
2024-05-14 20:55:20,195 [main] DEBUG org.hibernate.type.BasicTypeRegistry               - Adding type registration ZoneOffset -> org.hibernate.type.BasicTypeReference@794eeaf8
2024-05-14 20:55:20,196 [main] DEBUG org.hibernate.type.BasicTypeRegistry               - Adding type registration java.time.ZoneOffset -> org.hibernate.type.BasicTypeReference@794eeaf8
2024-05-14 20:55:20,198 [main] DEBUG org.hibernate.type.BasicTypeRegistry               - Adding type registration url -> org.hibernate.type.BasicTypeReference@37c5284a
2024-05-14 20:55:20,198 [main] DEBUG org.hibernate.type.BasicTypeRegistry               - Adding type registration java.net.URL -> org.hibernate.type.BasicTypeReference@37c5284a
2024-05-14 20:55:20,198 [main] DEBUG org.hibernate.type.BasicTypeRegistry               - Adding type registration vector -> org.hibernate.type.BasicTypeReference@5b8572df
2024-05-14 20:55:20,198 [main] DEBUG org.hibernate.type.BasicTypeRegistry               - Adding type registration row_version -> org.hibernate.type.BasicTypeReference@7aaad0
2024-05-14 20:55:20,202 [main] DEBUG org.hibernate.type.BasicTypeRegistry               - Adding type registration object -> org.hibernate.type.JavaObjectType@1f10fec6
2024-05-14 20:55:20,204 [main] DEBUG org.hibernate.type.BasicTypeRegistry               - Adding type registration java.lang.Object -> org.hibernate.type.JavaObjectType@1f10fec6
2024-05-14 20:55:20,205 [main] DEBUG org.hibernate.type.BasicTypeRegistry               - Adding type registration null -> org.hibernate.type.NullType@373afd6c
2024-05-14 20:55:20,206 [main] DEBUG org.hibernate.type.BasicTypeRegistry               - Adding type registration imm_date -> org.hibernate.type.BasicTypeReference@521441d5
2024-05-14 20:55:20,206 [main] DEBUG org.hibernate.type.BasicTypeRegistry               - Adding type registration imm_time -> org.hibernate.type.BasicTypeReference@5fed9976
2024-05-14 20:55:20,206 [main] DEBUG org.hibernate.type.BasicTypeRegistry               - Adding type registration imm_timestamp -> org.hibernate.type.BasicTypeReference@3fdcde7a
2024-05-14 20:55:20,206 [main] DEBUG org.hibernate.type.BasicTypeRegistry               - Adding type registration imm_calendar -> org.hibernate.type.BasicTypeReference@4f363abd
2024-05-14 20:55:20,206 [main] DEBUG org.hibernate.type.BasicTypeRegistry               - Adding type registration imm_calendar_date -> org.hibernate.type.BasicTypeReference@7302ff13
2024-05-14 20:55:20,207 [main] DEBUG org.hibernate.type.BasicTypeRegistry               - Adding type registration imm_calendar_time -> org.hibernate.type.BasicTypeReference@4017fe2c
2024-05-14 20:55:20,207 [main] DEBUG org.hibernate.type.BasicTypeRegistry               - Adding type registration imm_binary -> org.hibernate.type.BasicTypeReference@1961d75a
2024-05-14 20:55:20,207 [main] DEBUG org.hibernate.type.BasicTypeRegistry               - Adding type registration imm_serializable -> org.hibernate.type.BasicTypeReference@677ce519
2024-05-14 20:55:20,608 [main] INFO  o.s.o.j.p.SpringPersistenceUnitInfo                - No LoadTimeWeaver setup: ignoring JPA class transformer
2024-05-14 20:55:20,713 [main] INFO  com.zaxxer.hikari.HikariDataSource                 - HikariPool-1 - Starting...
2024-05-14 20:55:21,475 [main] INFO  com.zaxxer.hikari.pool.HikariPool                  - HikariPool-1 - Added connection com.mysql.cj.jdbc.ConnectionImpl@65a48cab
2024-05-14 20:55:21,480 [main] INFO  com.zaxxer.hikari.HikariDataSource                 - HikariPool-1 - Start completed.
2024-05-14 20:55:21,599 [main] WARN  org.hibernate.orm.deprecation                      - HHH90000025: MySQLDialect does not need to be specified explicitly using 'hibernate.dialect' (remove the property setting and it will be selected by default)
2024-05-14 20:55:21,682 [main] DEBUG o.h.t.descriptor.sql.spi.DdlTypeRegistry           - addDescriptor(12, org.hibernate.type.descriptor.sql.internal.CapacityDependentDdlType@71039ce1) replaced previous registration(org.hibernate.type.descriptor.sql.internal.CapacityDependentDdlType@3348c987)
2024-05-14 20:55:21,683 [main] DEBUG o.h.t.descriptor.sql.spi.DdlTypeRegistry           - addDescriptor(-9, org.hibernate.type.descriptor.sql.internal.CapacityDependentDdlType@44aed6a4) replaced previous registration(org.hibernate.type.descriptor.sql.internal.CapacityDependentDdlType@31ab4859)
2024-05-14 20:55:21,684 [main] DEBUG o.h.t.descriptor.sql.spi.DdlTypeRegistry           - addDescriptor(-3, org.hibernate.type.descriptor.sql.internal.CapacityDependentDdlType@5ca22e19) replaced previous registration(org.hibernate.type.descriptor.sql.internal.CapacityDependentDdlType@29d3d0fb)
2024-05-14 20:55:21,685 [main] DEBUG o.h.t.descriptor.sql.spi.DdlTypeRegistry           - addDescriptor(4003, org.hibernate.type.descriptor.sql.internal.DdlTypeImpl@1bfa3893) replaced previous registration(org.hibernate.type.descriptor.sql.internal.DdlTypeImpl@70f85235)
2024-05-14 20:55:21,685 [main] DEBUG o.h.t.descriptor.sql.spi.DdlTypeRegistry           - addDescriptor(4001, org.hibernate.type.descriptor.sql.internal.DdlTypeImpl@3d6778d5) replaced previous registration(org.hibernate.type.descriptor.sql.internal.DdlTypeImpl@a84338a)
2024-05-14 20:55:21,685 [main] DEBUG o.h.t.descriptor.sql.spi.DdlTypeRegistry           - addDescriptor(4002, org.hibernate.type.descriptor.sql.internal.DdlTypeImpl@4070ace9) replaced previous registration(org.hibernate.type.descriptor.sql.internal.DdlTypeImpl@722b2728)
2024-05-14 20:55:21,686 [main] DEBUG o.h.t.descriptor.sql.spi.DdlTypeRegistry           - addDescriptor(2004, org.hibernate.type.descriptor.sql.internal.CapacityDependentDdlType@740c4868) replaced previous registration(org.hibernate.type.descriptor.sql.internal.DdlTypeImpl@5f3f3d00)
2024-05-14 20:55:21,686 [main] DEBUG o.h.t.descriptor.sql.spi.DdlTypeRegistry           - addDescriptor(2005, org.hibernate.type.descriptor.sql.internal.CapacityDependentDdlType@1a6dc5ea) replaced previous registration(org.hibernate.type.descriptor.sql.internal.DdlTypeImpl@31d4b3e8)
2024-05-14 20:55:21,686 [main] DEBUG o.h.t.descriptor.sql.spi.DdlTypeRegistry           - addDescriptor(2011, org.hibernate.type.descriptor.sql.internal.CapacityDependentDdlType@278de2b2) replaced previous registration(org.hibernate.type.descriptor.sql.internal.DdlTypeImpl@1fc1c7e)
2024-05-14 20:55:21,688 [main] DEBUG o.h.t.d.jdbc.spi.JdbcTypeRegistry                  - addDescriptor(NCharTypeDescriptor) replaced previous registration(CharTypeDescriptor)
2024-05-14 20:55:21,688 [main] DEBUG o.h.t.d.jdbc.spi.JdbcTypeRegistry                  - addDescriptor(NVarcharTypeDescriptor) replaced previous registration(VarcharTypeDescriptor)
2024-05-14 20:55:21,688 [main] DEBUG o.h.t.d.jdbc.spi.JdbcTypeRegistry                  - addDescriptor(LongNVarcharTypeDescriptor) replaced previous registration(LongVarcharTypeDescriptor)
2024-05-14 20:55:21,689 [main] DEBUG o.h.t.d.jdbc.spi.JdbcTypeRegistry                  - addDescriptor(NClobTypeDescriptor(DEFAULT)) replaced previous registration(ClobTypeDescriptor(DEFAULT))
2024-05-14 20:55:21,690 [main] DEBUG o.h.t.d.jdbc.spi.JdbcTypeRegistry                  - addDescriptor(2005, ClobTypeDescriptor(STREAM_BINDING)) replaced previous registration(ClobTypeDescriptor(DEFAULT))
2024-05-14 20:55:21,709 [main] DEBUG org.hibernate.type.BasicTypeRegistry               - Adding type registration null -> org.hibernate.type.NullType@12aa519b
2024-05-14 20:55:21,713 [main] DEBUG org.hibernate.type.BasicTypeRegistry               - Type registration key [null] overrode previous entry : `org.hibernate.type.NullType@373afd6c`
2024-05-14 20:55:21,720 [main] DEBUG org.hibernate.type.BasicTypeRegistry               - Adding type registration org.hibernate.type.DurationType -> basicType@1(java.time.Duration,3015)
2024-05-14 20:55:21,722 [main] DEBUG org.hibernate.type.BasicTypeRegistry               - Adding type registration Duration -> basicType@1(java.time.Duration,3015)
2024-05-14 20:55:21,723 [main] DEBUG org.hibernate.type.BasicTypeRegistry               - Adding type registration java.time.Duration -> basicType@1(java.time.Duration,3015)
2024-05-14 20:55:21,732 [main] DEBUG org.hibernate.type.BasicTypeRegistry               - Adding type registration org.hibernate.type.OffsetDateTimeType -> basicType@2(java.time.OffsetDateTime,3003)
2024-05-14 20:55:21,733 [main] DEBUG org.hibernate.type.BasicTypeRegistry               - Adding type registration OffsetDateTime -> basicType@2(java.time.OffsetDateTime,3003)
2024-05-14 20:55:21,733 [main] DEBUG org.hibernate.type.BasicTypeRegistry               - Adding type registration java.time.OffsetDateTime -> basicType@2(java.time.OffsetDateTime,3003)
2024-05-14 20:55:21,734 [main] DEBUG org.hibernate.type.BasicTypeRegistry               - Adding type registration org.hibernate.type.ZonedDateTimeType -> basicType@3(java.time.ZonedDateTime,3003)
2024-05-14 20:55:21,736 [main] DEBUG org.hibernate.type.BasicTypeRegistry               - Adding type registration ZonedDateTime -> basicType@3(java.time.ZonedDateTime,3003)
2024-05-14 20:55:21,737 [main] DEBUG org.hibernate.type.BasicTypeRegistry               - Adding type registration java.time.ZonedDateTime -> basicType@3(java.time.ZonedDateTime,3003)
2024-05-14 20:55:21,738 [main] DEBUG org.hibernate.type.BasicTypeRegistry               - Adding type registration org.hibernate.type.OffsetTimeType -> basicType@4(java.time.OffsetTime,3007)
2024-05-14 20:55:21,738 [main] DEBUG org.hibernate.type.BasicTypeRegistry               - Adding type registration OffsetTime -> basicType@4(java.time.OffsetTime,3007)
2024-05-14 20:55:21,739 [main] DEBUG org.hibernate.type.BasicTypeRegistry               - Adding type registration java.time.OffsetTime -> basicType@4(java.time.OffsetTime,3007)
2024-05-14 20:55:21,746 [main] DEBUG o.h.type.spi.TypeConfiguration$Scope               - Scoping TypeConfiguration [org.hibernate.type.spi.TypeConfiguration@6233c6c2] to MetadataBuildingContext [org.hibernate.boot.internal.MetadataBuildingContextRootImpl@312a738d]
2024-05-14 20:55:23,078 [main] INFO  o.h.e.t.j.p.i.JtaPlatformInitiator                 - HHH000489: No JTA platform available (set 'hibernate.transaction.jta.platform' to enable JTA platform integration)
2024-05-14 20:55:23,081 [main] DEBUG o.h.type.spi.TypeConfiguration$Scope               - Scoping TypeConfiguration [org.hibernate.type.spi.TypeConfiguration@6233c6c2] to SessionFactoryImplementor [org.hibernate.internal.SessionFactoryImpl@531bec12]
2024-05-14 20:55:23,269 [main] TRACE o.h.type.spi.TypeConfiguration$Scope               - Handling #sessionFactoryCreated from [org.hibernate.internal.SessionFactoryImpl@531bec12] for TypeConfiguration
2024-05-14 20:55:23,270 [main] INFO  o.s.o.j.LocalContainerEntityManagerFactoryBean     - Initialized JPA EntityManagerFactory for persistence unit 'default'
2024-05-14 20:55:24,920 [main] INFO  o.s.d.j.r.query.QueryEnhancerFactory               - Hibernate is in classpath; If applicable, HQL parser will be used.
2024-05-14 20:55:25,332 [main] WARN  o.s.b.a.o.j.JpaBaseConfiguration$JpaWebConfiguration - spring.jpa.open-in-view is enabled by default. Therefore, database queries may be performed during view rendering. Explicitly configure spring.jpa.open-in-view to disable this warning
2024-05-14 20:55:26,066 [main] INFO  o.apache.coyote.http11.Http11NioProtocol           - Starting ProtocolHandler ["http-nio-8090"]
2024-05-14 20:55:26,092 [main] INFO  o.s.b.w.embedded.tomcat.TomcatWebServer            - Tomcat started on port 8090 (http) with context path ''
2024-05-14 20:55:26,121 [main] INFO  com.Rest.API.RestApiApplication                    - Started RestApiApplication in 11.486 seconds (process running for 13.325)
2024-05-14 20:55:48,494 [http-nio-8090-exec-1] INFO  o.a.c.c.C.[Tomcat].[localhost].[/]                 - Initializing Spring DispatcherServlet 'dispatcherServlet'
2024-05-14 20:55:48,496 [http-nio-8090-exec-1] INFO  o.s.web.servlet.DispatcherServlet                  - Initializing Servlet 'dispatcherServlet'
2024-05-14 20:55:48,511 [http-nio-8090-exec-1] INFO  o.s.web.servlet.DispatcherServlet                  - Completed initialization in 14 ms
2024-05-14 21:11:12,313 [SpringApplicationShutdownHook] INFO  o.s.o.j.LocalContainerEntityManagerFactoryBean     - Closing JPA EntityManagerFactory for persistence unit 'default'
2024-05-14 21:11:12,489 [SpringApplicationShutdownHook] TRACE o.h.type.spi.TypeConfiguration$Scope               - Handling #sessionFactoryClosed from [org.hibernate.internal.SessionFactoryImpl@531bec12] for TypeConfiguration
2024-05-14 21:11:12,497 [SpringApplicationShutdownHook] DEBUG o.h.type.spi.TypeConfiguration$Scope               - Un-scoping TypeConfiguration [org.hibernate.type.spi.TypeConfiguration$Scope@2b16836] from SessionFactory [org.hibernate.internal.SessionFactoryImpl@531bec12]
2024-05-14 21:11:12,550 [SpringApplicationShutdownHook] INFO  com.zaxxer.hikari.HikariDataSource                 - HikariPool-1 - Shutdown initiated...
2024-05-14 21:11:12,953 [SpringApplicationShutdownHook] INFO  com.zaxxer.hikari.HikariDataSource                 - HikariPool-1 - Shutdown completed.
2024-05-14 21:11:30,726 [main] INFO  com.Rest.API.RestApiApplication                    - Starting RestApiApplication using Java 21.0.2 with PID 71976 (/Users/dineshchandgeetharavichandran/Desktop/Dinesh/Project/Rest-API/target/classes started by dineshchandgeetharavichandran in /Users/dineshchandgeetharavichandran/Desktop/Dinesh/Project/Rest-API)
2024-05-14 21:11:30,729 [main] DEBUG com.Rest.API.RestApiApplication                    - Running with Spring Boot v3.2.4, Spring v6.1.5
2024-05-14 21:11:30,731 [main] INFO  com.Rest.API.RestApiApplication                    - No active profile set, falling back to 1 default profile: "default"
2024-05-14 21:11:33,426 [main] INFO  o.s.d.r.c.RepositoryConfigurationDelegate          - Bootstrapping Spring Data JPA repositories in DEFAULT mode.
2024-05-14 21:11:33,571 [main] INFO  o.s.d.r.c.RepositoryConfigurationDelegate          - Finished Spring Data repository scanning in 131 ms. Found 3 JPA repository interfaces.
2024-05-14 21:11:34,894 [main] INFO  o.s.b.w.embedded.tomcat.TomcatWebServer            - Tomcat initialized with port 8090 (http)
2024-05-14 21:11:34,912 [main] INFO  o.apache.coyote.http11.Http11NioProtocol           - Initializing ProtocolHandler ["http-nio-8090"]
2024-05-14 21:11:34,916 [main] INFO  o.apache.catalina.core.StandardService             - Starting service [Tomcat]
2024-05-14 21:11:34,916 [main] INFO  org.apache.catalina.core.StandardEngine            - Starting Servlet engine: [Apache Tomcat/10.1.19]
2024-05-14 21:11:35,060 [main] INFO  o.a.c.c.C.[Tomcat].[localhost].[/]                 - Initializing Spring embedded WebApplicationContext
2024-05-14 21:11:35,061 [main] INFO  o.s.b.w.s.c.ServletWebServerApplicationContext     - Root WebApplicationContext: initialization completed in 4125 ms
2024-05-14 21:11:35,496 [main] INFO  o.hibernate.jpa.internal.util.LogHelper            - HHH000204: Processing PersistenceUnitInfo [name: default]
2024-05-14 21:11:35,554 [main] INFO  org.hibernate.Version                              - HHH000412: Hibernate ORM core version 6.4.4.Final
2024-05-14 21:11:35,596 [main] INFO  o.h.c.internal.RegionFactoryInitiator              - HHH000026: Second-level cache disabled
2024-05-14 21:11:35,773 [main] DEBUG org.hibernate.type.BasicTypeRegistry               - Adding type registration boolean -> org.hibernate.type.BasicTypeReference@284bdeed
2024-05-14 21:11:35,783 [main] DEBUG org.hibernate.type.BasicTypeRegistry               - Adding type registration boolean -> org.hibernate.type.BasicTypeReference@284bdeed
2024-05-14 21:11:35,783 [main] DEBUG org.hibernate.type.BasicTypeRegistry               - Adding type registration java.lang.Boolean -> org.hibernate.type.BasicTypeReference@284bdeed
2024-05-14 21:11:35,783 [main] DEBUG org.hibernate.type.BasicTypeRegistry               - Adding type registration numeric_boolean -> org.hibernate.type.BasicTypeReference@58b311ba
2024-05-14 21:11:35,784 [main] DEBUG org.hibernate.type.BasicTypeRegistry               - Adding type registration org.hibernate.type.NumericBooleanConverter -> org.hibernate.type.BasicTypeReference@58b311ba
2024-05-14 21:11:35,784 [main] DEBUG org.hibernate.type.BasicTypeRegistry               - Adding type registration true_false -> org.hibernate.type.BasicTypeReference@482c351d
2024-05-14 21:11:35,784 [main] DEBUG org.hibernate.type.BasicTypeRegistry               - Adding type registration org.hibernate.type.TrueFalseConverter -> org.hibernate.type.BasicTypeReference@482c351d
2024-05-14 21:11:35,784 [main] DEBUG org.hibernate.type.BasicTypeRegistry               - Adding type registration yes_no -> org.hibernate.type.BasicTypeReference@75eaba95
2024-05-14 21:11:35,784 [main] DEBUG org.hibernate.type.BasicTypeRegistry               - Adding type registration org.hibernate.type.YesNoConverter -> org.hibernate.type.BasicTypeReference@75eaba95
2024-05-14 21:11:35,784 [main] DEBUG org.hibernate.type.BasicTypeRegistry               - Adding type registration byte -> org.hibernate.type.BasicTypeReference@320be73
2024-05-14 21:11:35,785 [main] DEBUG org.hibernate.type.BasicTypeRegistry               - Adding type registration byte -> org.hibernate.type.BasicTypeReference@320be73
2024-05-14 21:11:35,785 [main] DEBUG org.hibernate.type.BasicTypeRegistry               - Adding type registration java.lang.Byte -> org.hibernate.type.BasicTypeReference@320be73
2024-05-14 21:11:35,787 [main] DEBUG org.hibernate.type.BasicTypeRegistry               - Adding type registration binary -> org.hibernate.type.BasicTypeReference@435e416c
2024-05-14 21:11:35,787 [main] DEBUG org.hibernate.type.BasicTypeRegistry               - Adding type registration byte[] -> org.hibernate.type.BasicTypeReference@435e416c
2024-05-14 21:11:35,787 [main] DEBUG org.hibernate.type.BasicTypeRegistry               - Adding type registration [B -> org.hibernate.type.BasicTypeReference@435e416c
2024-05-14 21:11:35,787 [main] DEBUG org.hibernate.type.BasicTypeRegistry               - Adding type registration binary_wrapper -> org.hibernate.type.BasicTypeReference@6af310c7
2024-05-14 21:11:35,787 [main] DEBUG org.hibernate.type.BasicTypeRegistry               - Adding type registration wrapper-binary -> org.hibernate.type.BasicTypeReference@6af310c7
2024-05-14 21:11:35,787 [main] DEBUG org.hibernate.type.BasicTypeRegistry               - Adding type registration image -> org.hibernate.type.BasicTypeReference@4aed311e
2024-05-14 21:11:35,788 [main] DEBUG org.hibernate.type.BasicTypeRegistry               - Adding type registration blob -> org.hibernate.type.BasicTypeReference@4c38cd16
2024-05-14 21:11:35,788 [main] DEBUG org.hibernate.type.BasicTypeRegistry               - Adding type registration java.sql.Blob -> org.hibernate.type.BasicTypeReference@4c38cd16
2024-05-14 21:11:35,788 [main] DEBUG org.hibernate.type.BasicTypeRegistry               - Adding type registration materialized_blob -> org.hibernate.type.BasicTypeReference@7ddcb0dc
2024-05-14 21:11:35,788 [main] DEBUG org.hibernate.type.BasicTypeRegistry               - Adding type registration materialized_blob_wrapper -> org.hibernate.type.BasicTypeReference@f5bf288
2024-05-14 21:11:35,788 [main] DEBUG org.hibernate.type.BasicTypeRegistry               - Adding type registration short -> org.hibernate.type.BasicTypeReference@2c1d57bc
2024-05-14 21:11:35,788 [main] DEBUG org.hibernate.type.BasicTypeRegistry               - Adding type registration short -> org.hibernate.type.BasicTypeReference@2c1d57bc
2024-05-14 21:11:35,788 [main] DEBUG org.hibernate.type.BasicTypeRegistry               - Adding type registration java.lang.Short -> org.hibernate.type.BasicTypeReference@2c1d57bc
2024-05-14 21:11:35,788 [main] DEBUG org.hibernate.type.BasicTypeRegistry               - Adding type registration integer -> org.hibernate.type.BasicTypeReference@26c77f54
2024-05-14 21:11:35,788 [main] DEBUG org.hibernate.type.BasicTypeRegistry               - Adding type registration int -> org.hibernate.type.BasicTypeReference@26c77f54
2024-05-14 21:11:35,789 [main] DEBUG org.hibernate.type.BasicTypeRegistry               - Adding type registration java.lang.Integer -> org.hibernate.type.BasicTypeReference@26c77f54
2024-05-14 21:11:35,789 [main] DEBUG org.hibernate.type.BasicTypeRegistry               - Adding type registration long -> org.hibernate.type.BasicTypeReference@3e856100
2024-05-14 21:11:35,789 [main] DEBUG org.hibernate.type.BasicTypeRegistry               - Adding type registration long -> org.hibernate.type.BasicTypeReference@3e856100
2024-05-14 21:11:35,789 [main] DEBUG org.hibernate.type.BasicTypeRegistry               - Adding type registration java.lang.Long -> org.hibernate.type.BasicTypeReference@3e856100
2024-05-14 21:11:35,789 [main] DEBUG org.hibernate.type.BasicTypeRegistry               - Adding type registration float -> org.hibernate.type.BasicTypeReference@6e9a0bea
2024-05-14 21:11:35,789 [main] DEBUG org.hibernate.type.BasicTypeRegistry               - Adding type registration float -> org.hibernate.type.BasicTypeReference@6e9a0bea
2024-05-14 21:11:35,789 [main] DEBUG org.hibernate.type.BasicTypeRegistry               - Adding type registration java.lang.Float -> org.hibernate.type.BasicTypeReference@6e9a0bea
2024-05-14 21:11:35,790 [main] DEBUG org.hibernate.type.BasicTypeRegistry               - Adding type registration double -> org.hibernate.type.BasicTypeReference@28fc1132
2024-05-14 21:11:35,791 [main] DEBUG org.hibernate.type.BasicTypeRegistry               - Adding type registration double -> org.hibernate.type.BasicTypeReference@28fc1132
2024-05-14 21:11:35,791 [main] DEBUG org.hibernate.type.BasicTypeRegistry               - Adding type registration java.lang.Double -> org.hibernate.type.BasicTypeReference@28fc1132
2024-05-14 21:11:35,792 [main] DEBUG org.hibernate.type.BasicTypeRegistry               - Adding type registration big_integer -> org.hibernate.type.BasicTypeReference@355ce6a6
2024-05-14 21:11:35,792 [main] DEBUG org.hibernate.type.BasicTypeRegistry               - Adding type registration java.math.BigInteger -> org.hibernate.type.BasicTypeReference@355ce6a6
2024-05-14 21:11:35,792 [main] DEBUG org.hibernate.type.BasicTypeRegistry               - Adding type registration big_decimal -> org.hibernate.type.BasicTypeReference@20440c6c
2024-05-14 21:11:35,792 [main] DEBUG org.hibernate.type.BasicTypeRegistry               - Adding type registration java.math.BigDecimal -> org.hibernate.type.BasicTypeReference@20440c6c
2024-05-14 21:11:35,792 [main] DEBUG org.hibernate.type.BasicTypeRegistry               - Adding type registration character -> org.hibernate.type.BasicTypeReference@1e3f86d5
2024-05-14 21:11:35,792 [main] DEBUG org.hibernate.type.BasicTypeRegistry               - Adding type registration char -> org.hibernate.type.BasicTypeReference@1e3f86d5
2024-05-14 21:11:35,792 [main] DEBUG org.hibernate.type.BasicTypeRegistry               - Adding type registration java.lang.Character -> org.hibernate.type.BasicTypeReference@1e3f86d5
2024-05-14 21:11:35,792 [main] DEBUG org.hibernate.type.BasicTypeRegistry               - Adding type registration character_nchar -> org.hibernate.type.BasicTypeReference@560271a1
2024-05-14 21:11:35,792 [main] DEBUG org.hibernate.type.BasicTypeRegistry               - Adding type registration string -> org.hibernate.type.BasicTypeReference@4b9c411
2024-05-14 21:11:35,792 [main] DEBUG org.hibernate.type.BasicTypeRegistry               - Adding type registration java.lang.String -> org.hibernate.type.BasicTypeReference@4b9c411
2024-05-14 21:11:35,793 [main] DEBUG org.hibernate.type.BasicTypeRegistry               - Adding type registration nstring -> org.hibernate.type.BasicTypeReference@41e9f86
2024-05-14 21:11:35,794 [main] DEBUG org.hibernate.type.BasicTypeRegistry               - Adding type registration characters -> org.hibernate.type.BasicTypeReference@66f5b8fe
2024-05-14 21:11:35,794 [main] DEBUG org.hibernate.type.BasicTypeRegistry               - Adding type registration char[] -> org.hibernate.type.BasicTypeReference@66f5b8fe
2024-05-14 21:11:35,794 [main] DEBUG org.hibernate.type.BasicTypeRegistry               - Adding type registration [C -> org.hibernate.type.BasicTypeReference@66f5b8fe
2024-05-14 21:11:35,794 [main] DEBUG org.hibernate.type.BasicTypeRegistry               - Adding type registration wrapper-characters -> org.hibernate.type.BasicTypeReference@233f52f8
2024-05-14 21:11:35,794 [main] DEBUG org.hibernate.type.BasicTypeRegistry               - Adding type registration text -> org.hibernate.type.BasicTypeReference@69ec93c2
2024-05-14 21:11:35,794 [main] DEBUG org.hibernate.type.BasicTypeRegistry               - Adding type registration ntext -> org.hibernate.type.BasicTypeReference@19fec3d6
2024-05-14 21:11:35,794 [main] DEBUG org.hibernate.type.BasicTypeRegistry               - Adding type registration clob -> org.hibernate.type.BasicTypeReference@5287ba5f
2024-05-14 21:11:35,794 [main] DEBUG org.hibernate.type.BasicTypeRegistry               - Adding type registration java.sql.Clob -> org.hibernate.type.BasicTypeReference@5287ba5f
2024-05-14 21:11:35,794 [main] DEBUG org.hibernate.type.BasicTypeRegistry               - Adding type registration nclob -> org.hibernate.type.BasicTypeReference@b768a65
2024-05-14 21:11:35,794 [main] DEBUG org.hibernate.type.BasicTypeRegistry               - Adding type registration java.sql.NClob -> org.hibernate.type.BasicTypeReference@b768a65
2024-05-14 21:11:35,794 [main] DEBUG org.hibernate.type.BasicTypeRegistry               - Adding type registration materialized_clob -> org.hibernate.type.BasicTypeReference@6897a4a
2024-05-14 21:11:35,795 [main] DEBUG org.hibernate.type.BasicTypeRegistry               - Adding type registration materialized_clob_char_array -> org.hibernate.type.BasicTypeReference@6986f93e
2024-05-14 21:11:35,795 [main] DEBUG org.hibernate.type.BasicTypeRegistry               - Adding type registration materialized_clob_character_array -> org.hibernate.type.BasicTypeReference@6bce313
2024-05-14 21:11:35,795 [main] DEBUG org.hibernate.type.BasicTypeRegistry               - Adding type registration materialized_nclob -> org.hibernate.type.BasicTypeReference@39266403
2024-05-14 21:11:35,795 [main] DEBUG org.hibernate.type.BasicTypeRegistry               - Adding type registration materialized_nclob_character_array -> org.hibernate.type.BasicTypeReference@74b00247
2024-05-14 21:11:35,795 [main] DEBUG org.hibernate.type.BasicTypeRegistry               - Adding type registration materialized_nclob_char_array -> org.hibernate.type.BasicTypeReference@2aa14ae6
2024-05-14 21:11:35,796 [main] DEBUG org.hibernate.type.BasicTypeRegistry               - Adding type registration Duration -> org.hibernate.type.BasicTypeReference@4be490da
2024-05-14 21:11:35,796 [main] DEBUG org.hibernate.type.BasicTypeRegistry               - Adding type registration java.time.Duration -> org.hibernate.type.BasicTypeReference@4be490da
2024-05-14 21:11:35,796 [main] DEBUG org.hibernate.type.BasicTypeRegistry               - Adding type registration LocalDateTime -> org.hibernate.type.BasicTypeReference@4168f3d9
2024-05-14 21:11:35,796 [main] DEBUG org.hibernate.type.BasicTypeRegistry               - Adding type registration java.time.LocalDateTime -> org.hibernate.type.BasicTypeReference@4168f3d9
2024-05-14 21:11:35,796 [main] DEBUG org.hibernate.type.BasicTypeRegistry               - Adding type registration LocalDate -> org.hibernate.type.BasicTypeReference@353e6389
2024-05-14 21:11:35,797 [main] DEBUG org.hibernate.type.BasicTypeRegistry               - Adding type registration java.time.LocalDate -> org.hibernate.type.BasicTypeReference@353e6389
2024-05-14 21:11:35,798 [main] DEBUG org.hibernate.type.BasicTypeRegistry               - Adding type registration LocalTime -> org.hibernate.type.BasicTypeReference@15e8f9b2
2024-05-14 21:11:35,799 [main] DEBUG org.hibernate.type.BasicTypeRegistry               - Adding type registration java.time.LocalTime -> org.hibernate.type.BasicTypeReference@15e8f9b2
2024-05-14 21:11:35,799 [main] DEBUG org.hibernate.type.BasicTypeRegistry               - Adding type registration OffsetDateTime -> org.hibernate.type.BasicTypeReference@7a65c995
2024-05-14 21:11:35,799 [main] DEBUG org.hibernate.type.BasicTypeRegistry               - Adding type registration java.time.OffsetDateTime -> org.hibernate.type.BasicTypeReference@7a65c995
2024-05-14 21:11:35,799 [main] DEBUG org.hibernate.type.BasicTypeRegistry               - Adding type registration OffsetDateTimeWithTimezone -> org.hibernate.type.BasicTypeReference@7c950b3b
2024-05-14 21:11:35,799 [main] DEBUG org.hibernate.type.BasicTypeRegistry               - Adding type registration OffsetDateTimeWithoutTimezone -> org.hibernate.type.BasicTypeReference@3af10d0b
2024-05-14 21:11:35,799 [main] DEBUG org.hibernate.type.BasicTypeRegistry               - Adding type registration OffsetTime -> org.hibernate.type.BasicTypeReference@6806468e
2024-05-14 21:11:35,799 [main] DEBUG org.hibernate.type.BasicTypeRegistry               - Adding type registration java.time.OffsetTime -> org.hibernate.type.BasicTypeReference@6806468e
2024-05-14 21:11:35,799 [main] DEBUG org.hibernate.type.BasicTypeRegistry               - Adding type registration OffsetTimeUtc -> org.hibernate.type.BasicTypeReference@3c7b137a
2024-05-14 21:11:35,799 [main] DEBUG org.hibernate.type.BasicTypeRegistry               - Adding type registration OffsetTimeWithTimezone -> org.hibernate.type.BasicTypeReference@68631b1d
2024-05-14 21:11:35,799 [main] DEBUG org.hibernate.type.BasicTypeRegistry               - Adding type registration OffsetTimeWithoutTimezone -> org.hibernate.type.BasicTypeReference@5a48da4f
2024-05-14 21:11:35,799 [main] DEBUG org.hibernate.type.BasicTypeRegistry               - Adding type registration ZonedDateTime -> org.hibernate.type.BasicTypeReference@a0c5be
2024-05-14 21:11:35,800 [main] DEBUG org.hibernate.type.BasicTypeRegistry               - Adding type registration java.time.ZonedDateTime -> org.hibernate.type.BasicTypeReference@a0c5be
2024-05-14 21:11:35,800 [main] DEBUG org.hibernate.type.BasicTypeRegistry               - Adding type registration ZonedDateTimeWithTimezone -> org.hibernate.type.BasicTypeReference@6424e613
2024-05-14 21:11:35,801 [main] DEBUG org.hibernate.type.BasicTypeRegistry               - Adding type registration ZonedDateTimeWithoutTimezone -> org.hibernate.type.BasicTypeReference@14efa279
2024-05-14 21:11:35,801 [main] DEBUG org.hibernate.type.BasicTypeRegistry               - Adding type registration date -> org.hibernate.type.BasicTypeReference@8e99809
2024-05-14 21:11:35,801 [main] DEBUG org.hibernate.type.BasicTypeRegistry               - Adding type registration java.sql.Date -> org.hibernate.type.BasicTypeReference@8e99809
2024-05-14 21:11:35,801 [main] DEBUG org.hibernate.type.BasicTypeRegistry               - Adding type registration time -> org.hibernate.type.BasicTypeReference@e62319f
2024-05-14 21:11:35,801 [main] DEBUG org.hibernate.type.BasicTypeRegistry               - Adding type registration java.sql.Time -> org.hibernate.type.BasicTypeReference@e62319f
2024-05-14 21:11:35,801 [main] DEBUG org.hibernate.type.BasicTypeRegistry               - Adding type registration timestamp -> org.hibernate.type.BasicTypeReference@4d354a3e
2024-05-14 21:11:35,801 [main] DEBUG org.hibernate.type.BasicTypeRegistry               - Adding type registration java.sql.Timestamp -> org.hibernate.type.BasicTypeReference@4d354a3e
2024-05-14 21:11:35,801 [main] DEBUG org.hibernate.type.BasicTypeRegistry               - Adding type registration java.util.Date -> org.hibernate.type.BasicTypeReference@4d354a3e
2024-05-14 21:11:35,801 [main] DEBUG org.hibernate.type.BasicTypeRegistry               - Adding type registration calendar -> org.hibernate.type.BasicTypeReference@24a0c58b
2024-05-14 21:11:35,801 [main] DEBUG org.hibernate.type.BasicTypeRegistry               - Adding type registration java.util.Calendar -> org.hibernate.type.BasicTypeReference@24a0c58b
2024-05-14 21:11:35,801 [main] DEBUG org.hibernate.type.BasicTypeRegistry               - Adding type registration java.util.GregorianCalendar -> org.hibernate.type.BasicTypeReference@24a0c58b
2024-05-14 21:11:35,801 [main] DEBUG org.hibernate.type.BasicTypeRegistry               - Adding type registration calendar_date -> org.hibernate.type.BasicTypeReference@604d28c6
2024-05-14 21:11:35,802 [main] DEBUG org.hibernate.type.BasicTypeRegistry               - Adding type registration calendar_time -> org.hibernate.type.BasicTypeReference@7f3c0399
2024-05-14 21:11:35,802 [main] DEBUG org.hibernate.type.BasicTypeRegistry               - Adding type registration instant -> org.hibernate.type.BasicTypeReference@183fc2fa
2024-05-14 21:11:35,802 [main] DEBUG org.hibernate.type.BasicTypeRegistry               - Adding type registration java.time.Instant -> org.hibernate.type.BasicTypeReference@183fc2fa
2024-05-14 21:11:35,803 [main] DEBUG org.hibernate.type.BasicTypeRegistry               - Adding type registration uuid -> org.hibernate.type.BasicTypeReference@3a11c0eb
2024-05-14 21:11:35,804 [main] DEBUG org.hibernate.type.BasicTypeRegistry               - Adding type registration java.util.UUID -> org.hibernate.type.BasicTypeReference@3a11c0eb
2024-05-14 21:11:35,805 [main] DEBUG org.hibernate.type.BasicTypeRegistry               - Adding type registration pg-uuid -> org.hibernate.type.BasicTypeReference@3a11c0eb
2024-05-14 21:11:35,805 [main] DEBUG org.hibernate.type.BasicTypeRegistry               - Adding type registration uuid-binary -> org.hibernate.type.BasicTypeReference@3313d477
2024-05-14 21:11:35,805 [main] DEBUG org.hibernate.type.BasicTypeRegistry               - Adding type registration uuid-char -> org.hibernate.type.BasicTypeReference@2c2c3947
2024-05-14 21:11:35,805 [main] DEBUG org.hibernate.type.BasicTypeRegistry               - Adding type registration class -> org.hibernate.type.BasicTypeReference@4a62062a
2024-05-14 21:11:35,805 [main] DEBUG org.hibernate.type.BasicTypeRegistry               - Adding type registration java.lang.Class -> org.hibernate.type.BasicTypeReference@4a62062a
2024-05-14 21:11:35,805 [main] DEBUG org.hibernate.type.BasicTypeRegistry               - Adding type registration currency -> org.hibernate.type.BasicTypeReference@7ec08115
2024-05-14 21:11:35,805 [main] DEBUG org.hibernate.type.BasicTypeRegistry               - Adding type registration Currency -> org.hibernate.type.BasicTypeReference@7ec08115
2024-05-14 21:11:35,807 [main] DEBUG org.hibernate.type.BasicTypeRegistry               - Adding type registration java.util.Currency -> org.hibernate.type.BasicTypeReference@7ec08115
2024-05-14 21:11:35,808 [main] DEBUG org.hibernate.type.BasicTypeRegistry               - Adding type registration locale -> org.hibernate.type.BasicTypeReference@53dd42d6
2024-05-14 21:11:35,810 [main] DEBUG org.hibernate.type.BasicTypeRegistry               - Adding type registration java.util.Locale -> org.hibernate.type.BasicTypeReference@53dd42d6
2024-05-14 21:11:35,812 [main] DEBUG org.hibernate.type.BasicTypeRegistry               - Adding type registration serializable -> org.hibernate.type.BasicTypeReference@1e76afeb
2024-05-14 21:11:35,813 [main] DEBUG org.hibernate.type.BasicTypeRegistry               - Adding type registration java.io.Serializable -> org.hibernate.type.BasicTypeReference@1e76afeb
2024-05-14 21:11:35,813 [main] DEBUG org.hibernate.type.BasicTypeRegistry               - Adding type registration timezone -> org.hibernate.type.BasicTypeReference@447fa959
2024-05-14 21:11:35,814 [main] DEBUG org.hibernate.type.BasicTypeRegistry               - Adding type registration java.util.TimeZone -> org.hibernate.type.BasicTypeReference@447fa959
2024-05-14 21:11:35,815 [main] DEBUG org.hibernate.type.BasicTypeRegistry               - Adding type registration ZoneOffset -> org.hibernate.type.BasicTypeReference@3e4d40ea
2024-05-14 21:11:35,815 [main] DEBUG org.hibernate.type.BasicTypeRegistry               - Adding type registration java.time.ZoneOffset -> org.hibernate.type.BasicTypeReference@3e4d40ea
2024-05-14 21:11:35,815 [main] DEBUG org.hibernate.type.BasicTypeRegistry               - Adding type registration url -> org.hibernate.type.BasicTypeReference@73f6e07
2024-05-14 21:11:35,815 [main] DEBUG org.hibernate.type.BasicTypeRegistry               - Adding type registration java.net.URL -> org.hibernate.type.BasicTypeReference@73f6e07
2024-05-14 21:11:35,815 [main] DEBUG org.hibernate.type.BasicTypeRegistry               - Adding type registration vector -> org.hibernate.type.BasicTypeReference@2c9d90fc
2024-05-14 21:11:35,815 [main] DEBUG org.hibernate.type.BasicTypeRegistry               - Adding type registration row_version -> org.hibernate.type.BasicTypeReference@1511d157
2024-05-14 21:11:35,871 [main] DEBUG org.hibernate.type.BasicTypeRegistry               - Adding type registration object -> org.hibernate.type.JavaObjectType@3fde2209
2024-05-14 21:11:35,871 [main] DEBUG org.hibernate.type.BasicTypeRegistry               - Adding type registration java.lang.Object -> org.hibernate.type.JavaObjectType@3fde2209
2024-05-14 21:11:35,873 [main] DEBUG org.hibernate.type.BasicTypeRegistry               - Adding type registration null -> org.hibernate.type.NullType@38732364
2024-05-14 21:11:35,903 [main] DEBUG org.hibernate.type.BasicTypeRegistry               - Adding type registration imm_date -> org.hibernate.type.BasicTypeReference@7c70aae1
2024-05-14 21:11:35,903 [main] DEBUG org.hibernate.type.BasicTypeRegistry               - Adding type registration imm_time -> org.hibernate.type.BasicTypeReference@6f38f084
2024-05-14 21:11:35,904 [main] DEBUG org.hibernate.type.BasicTypeRegistry               - Adding type registration imm_timestamp -> org.hibernate.type.BasicTypeReference@4ef18604
2024-05-14 21:11:35,904 [main] DEBUG org.hibernate.type.BasicTypeRegistry               - Adding type registration imm_calendar -> org.hibernate.type.BasicTypeReference@372f0a99
2024-05-14 21:11:35,904 [main] DEBUG org.hibernate.type.BasicTypeRegistry               - Adding type registration imm_calendar_date -> org.hibernate.type.BasicTypeReference@16cf8438
2024-05-14 21:11:35,904 [main] DEBUG org.hibernate.type.BasicTypeRegistry               - Adding type registration imm_calendar_time -> org.hibernate.type.BasicTypeReference@3e5beab5
2024-05-14 21:11:35,904 [main] DEBUG org.hibernate.type.BasicTypeRegistry               - Adding type registration imm_binary -> org.hibernate.type.BasicTypeReference@7c588adc
2024-05-14 21:11:35,904 [main] DEBUG org.hibernate.type.BasicTypeRegistry               - Adding type registration imm_serializable -> org.hibernate.type.BasicTypeReference@33ec2c0c
2024-05-14 21:11:36,221 [main] INFO  o.s.o.j.p.SpringPersistenceUnitInfo                - No LoadTimeWeaver setup: ignoring JPA class transformer
2024-05-14 21:11:36,267 [main] INFO  com.zaxxer.hikari.HikariDataSource                 - HikariPool-1 - Starting...
2024-05-14 21:11:36,994 [main] INFO  com.zaxxer.hikari.pool.HikariPool                  - HikariPool-1 - Added connection com.mysql.cj.jdbc.ConnectionImpl@6c421123
2024-05-14 21:11:36,999 [main] INFO  com.zaxxer.hikari.HikariDataSource                 - HikariPool-1 - Start completed.
2024-05-14 21:11:37,108 [main] WARN  org.hibernate.orm.deprecation                      - HHH90000025: MySQLDialect does not need to be specified explicitly using 'hibernate.dialect' (remove the property setting and it will be selected by default)
2024-05-14 21:11:37,169 [main] DEBUG o.h.t.descriptor.sql.spi.DdlTypeRegistry           - addDescriptor(12, org.hibernate.type.descriptor.sql.internal.CapacityDependentDdlType@2335aef2) replaced previous registration(org.hibernate.type.descriptor.sql.internal.CapacityDependentDdlType@17003497)
2024-05-14 21:11:37,171 [main] DEBUG o.h.t.descriptor.sql.spi.DdlTypeRegistry           - addDescriptor(-9, org.hibernate.type.descriptor.sql.internal.CapacityDependentDdlType@2f038d3c) replaced previous registration(org.hibernate.type.descriptor.sql.internal.CapacityDependentDdlType@376498da)
2024-05-14 21:11:37,172 [main] DEBUG o.h.t.descriptor.sql.spi.DdlTypeRegistry           - addDescriptor(-3, org.hibernate.type.descriptor.sql.internal.CapacityDependentDdlType@39a8e2fa) replaced previous registration(org.hibernate.type.descriptor.sql.internal.CapacityDependentDdlType@2f9addd4)
2024-05-14 21:11:37,175 [main] DEBUG o.h.t.descriptor.sql.spi.DdlTypeRegistry           - addDescriptor(4003, org.hibernate.type.descriptor.sql.internal.DdlTypeImpl@1c43df76) replaced previous registration(org.hibernate.type.descriptor.sql.internal.DdlTypeImpl@ff2266c)
2024-05-14 21:11:37,175 [main] DEBUG o.h.t.descriptor.sql.spi.DdlTypeRegistry           - addDescriptor(4001, org.hibernate.type.descriptor.sql.internal.DdlTypeImpl@71b3ba5a) replaced previous registration(org.hibernate.type.descriptor.sql.internal.DdlTypeImpl@83ebdc5)
2024-05-14 21:11:37,176 [main] DEBUG o.h.t.descriptor.sql.spi.DdlTypeRegistry           - addDescriptor(4002, org.hibernate.type.descriptor.sql.internal.DdlTypeImpl@a047bdb) replaced previous registration(org.hibernate.type.descriptor.sql.internal.DdlTypeImpl@14dbfdb1)
2024-05-14 21:11:37,177 [main] DEBUG o.h.t.descriptor.sql.spi.DdlTypeRegistry           - addDescriptor(2004, org.hibernate.type.descriptor.sql.internal.CapacityDependentDdlType@7856f41a) replaced previous registration(org.hibernate.type.descriptor.sql.internal.DdlTypeImpl@5fbae40)
2024-05-14 21:11:37,177 [main] DEBUG o.h.t.descriptor.sql.spi.DdlTypeRegistry           - addDescriptor(2005, org.hibernate.type.descriptor.sql.internal.CapacityDependentDdlType@2c08c787) replaced previous registration(org.hibernate.type.descriptor.sql.internal.DdlTypeImpl@67f591c2)
2024-05-14 21:11:37,177 [main] DEBUG o.h.t.descriptor.sql.spi.DdlTypeRegistry           - addDescriptor(2011, org.hibernate.type.descriptor.sql.internal.CapacityDependentDdlType@284c4f02) replaced previous registration(org.hibernate.type.descriptor.sql.internal.DdlTypeImpl@709d6de5)
2024-05-14 21:11:37,178 [main] DEBUG o.h.t.d.jdbc.spi.JdbcTypeRegistry                  - addDescriptor(NCharTypeDescriptor) replaced previous registration(CharTypeDescriptor)
2024-05-14 21:11:37,179 [main] DEBUG o.h.t.d.jdbc.spi.JdbcTypeRegistry                  - addDescriptor(NVarcharTypeDescriptor) replaced previous registration(VarcharTypeDescriptor)
2024-05-14 21:11:37,179 [main] DEBUG o.h.t.d.jdbc.spi.JdbcTypeRegistry                  - addDescriptor(LongNVarcharTypeDescriptor) replaced previous registration(LongVarcharTypeDescriptor)
2024-05-14 21:11:37,181 [main] DEBUG o.h.t.d.jdbc.spi.JdbcTypeRegistry                  - addDescriptor(NClobTypeDescriptor(DEFAULT)) replaced previous registration(ClobTypeDescriptor(DEFAULT))
2024-05-14 21:11:37,182 [main] DEBUG o.h.t.d.jdbc.spi.JdbcTypeRegistry                  - addDescriptor(2005, ClobTypeDescriptor(STREAM_BINDING)) replaced previous registration(ClobTypeDescriptor(DEFAULT))
2024-05-14 21:11:37,185 [main] DEBUG org.hibernate.type.BasicTypeRegistry               - Adding type registration null -> org.hibernate.type.NullType@53e28097
2024-05-14 21:11:37,185 [main] DEBUG org.hibernate.type.BasicTypeRegistry               - Type registration key [null] overrode previous entry : `org.hibernate.type.NullType@38732364`
2024-05-14 21:11:37,189 [main] DEBUG org.hibernate.type.BasicTypeRegistry               - Adding type registration org.hibernate.type.DurationType -> basicType@1(java.time.Duration,3015)
2024-05-14 21:11:37,189 [main] DEBUG org.hibernate.type.BasicTypeRegistry               - Adding type registration Duration -> basicType@1(java.time.Duration,3015)
2024-05-14 21:11:37,189 [main] DEBUG org.hibernate.type.BasicTypeRegistry               - Adding type registration java.time.Duration -> basicType@1(java.time.Duration,3015)
2024-05-14 21:11:37,196 [main] DEBUG org.hibernate.type.BasicTypeRegistry               - Adding type registration org.hibernate.type.OffsetDateTimeType -> basicType@2(java.time.OffsetDateTime,3003)
2024-05-14 21:11:37,197 [main] DEBUG org.hibernate.type.BasicTypeRegistry               - Adding type registration OffsetDateTime -> basicType@2(java.time.OffsetDateTime,3003)
2024-05-14 21:11:37,197 [main] DEBUG org.hibernate.type.BasicTypeRegistry               - Adding type registration java.time.OffsetDateTime -> basicType@2(java.time.OffsetDateTime,3003)
2024-05-14 21:11:37,197 [main] DEBUG org.hibernate.type.BasicTypeRegistry               - Adding type registration org.hibernate.type.ZonedDateTimeType -> basicType@3(java.time.ZonedDateTime,3003)
2024-05-14 21:11:37,197 [main] DEBUG org.hibernate.type.BasicTypeRegistry               - Adding type registration ZonedDateTime -> basicType@3(java.time.ZonedDateTime,3003)
2024-05-14 21:11:37,197 [main] DEBUG org.hibernate.type.BasicTypeRegistry               - Adding type registration java.time.ZonedDateTime -> basicType@3(java.time.ZonedDateTime,3003)
2024-05-14 21:11:37,197 [main] DEBUG org.hibernate.type.BasicTypeRegistry               - Adding type registration org.hibernate.type.OffsetTimeType -> basicType@4(java.time.OffsetTime,3007)
2024-05-14 21:11:37,197 [main] DEBUG org.hibernate.type.BasicTypeRegistry               - Adding type registration OffsetTime -> basicType@4(java.time.OffsetTime,3007)
2024-05-14 21:11:37,197 [main] DEBUG org.hibernate.type.BasicTypeRegistry               - Adding type registration java.time.OffsetTime -> basicType@4(java.time.OffsetTime,3007)
2024-05-14 21:11:37,198 [main] DEBUG o.h.type.spi.TypeConfiguration$Scope               - Scoping TypeConfiguration [org.hibernate.type.spi.TypeConfiguration@c754401] to MetadataBuildingContext [org.hibernate.boot.internal.MetadataBuildingContextRootImpl@1da53f4f]
2024-05-14 21:11:39,182 [main] INFO  o.h.e.t.j.p.i.JtaPlatformInitiator                 - HHH000489: No JTA platform available (set 'hibernate.transaction.jta.platform' to enable JTA platform integration)
2024-05-14 21:11:39,210 [main] DEBUG o.h.type.spi.TypeConfiguration$Scope               - Scoping TypeConfiguration [org.hibernate.type.spi.TypeConfiguration@c754401] to SessionFactoryImplementor [org.hibernate.internal.SessionFactoryImpl@7fc5a558]
2024-05-14 21:11:39,661 [main] TRACE o.h.type.spi.TypeConfiguration$Scope               - Handling #sessionFactoryCreated from [org.hibernate.internal.SessionFactoryImpl@7fc5a558] for TypeConfiguration
2024-05-14 21:11:39,663 [main] INFO  o.s.o.j.LocalContainerEntityManagerFactoryBean     - Initialized JPA EntityManagerFactory for persistence unit 'default'
2024-05-14 21:11:40,569 [main] INFO  o.s.d.j.r.query.QueryEnhancerFactory               - Hibernate is in classpath; If applicable, HQL parser will be used.
2024-05-14 21:11:41,096 [main] WARN  o.s.b.a.o.j.JpaBaseConfiguration$JpaWebConfiguration - spring.jpa.open-in-view is enabled by default. Therefore, database queries may be performed during view rendering. Explicitly configure spring.jpa.open-in-view to disable this warning
2024-05-14 21:11:43,255 [main] INFO  o.apache.coyote.http11.Http11NioProtocol           - Starting ProtocolHandler ["http-nio-8090"]
2024-05-14 21:11:43,287 [main] INFO  o.s.b.w.embedded.tomcat.TomcatWebServer            - Tomcat started on port 8090 (http) with context path ''
2024-05-14 21:11:43,311 [main] INFO  com.Rest.API.RestApiApplication                    - Started RestApiApplication in 13.488 seconds (process running for 15.525)
2024-05-14 21:11:56,261 [http-nio-8090-exec-1] INFO  o.a.c.c.C.[Tomcat].[localhost].[/]                 - Initializing Spring DispatcherServlet 'dispatcherServlet'
2024-05-14 21:11:56,268 [http-nio-8090-exec-1] INFO  o.s.web.servlet.DispatcherServlet                  - Initializing Servlet 'dispatcherServlet'
2024-05-14 21:11:56,295 [http-nio-8090-exec-1] INFO  o.s.web.servlet.DispatcherServlet                  - Completed initialization in 27 ms
2024-05-14 21:11:58,051 [http-nio-8090-exec-8] INFO  o.springdoc.api.AbstractOpenApiResource            - Init duration for springdoc-openapi is: 1085 ms
2024-05-14 21:13:15,063 [http-nio-8090-exec-4] DEBUG org.hibernate.SQL                                  - select s1_0.id,s1_0.age,s1_0.contact,s1_0.dob,s1_0.name,s1_0.reg_no from student s1_0 where s1_0.id=?
2024-05-14 21:13:37,161 [http-nio-8090-exec-10] DEBUG org.hibernate.SQL                                  - select s1_0.id,s1_0.age,s1_0.contact,s1_0.dob,s1_0.name,s1_0.reg_no from student s1_0 where s1_0.id=?
2024-05-14 21:13:46,067 [http-nio-8090-exec-1] DEBUG org.hibernate.SQL                                  - select s1_0.id,s1_0.age,s1_0.contact,s1_0.dob,s1_0.name,s1_0.reg_no from student s1_0 where s1_0.id=?
2024-05-14 21:15:05,095 [http-nio-8090-exec-2] DEBUG org.hibernate.SQL                                  - select s1_0.id,s1_0.age,s1_0.contact,s1_0.dob,s1_0.name,s1_0.reg_no from student s1_0 where s1_0.id=?
2024-05-14 21:15:50,126 [http-nio-8090-exec-5] DEBUG org.hibernate.SQL                                  - select count(*) from student s1_0 where s1_0.id=?
2024-05-14 21:15:50,163 [http-nio-8090-exec-5] DEBUG org.hibernate.SQL                                  - select next_val as id_val from student_seq for update
2024-05-14 21:15:50,260 [http-nio-8090-exec-5] DEBUG org.hibernate.SQL                                  - update student_seq set next_val= ? where next_val=?
2024-05-14 21:15:50,374 [http-nio-8090-exec-5] DEBUG org.hibernate.SQL                                  - insert into student (age,contact,dob,name,reg_no,id) values (?,?,?,?,?,?)
2024-05-14 21:16:26,897 [http-nio-8090-exec-7] DEBUG org.hibernate.SQL                                  - select count(*) from student s1_0 where s1_0.id=?
2024-05-14 21:16:26,910 [http-nio-8090-exec-7] DEBUG org.hibernate.SQL                                  - select s1_0.id,s1_0.age,s1_0.contact,s1_0.dob,s1_0.name,s1_0.reg_no from student s1_0 where s1_0.id=?
2024-05-14 21:16:26,962 [http-nio-8090-exec-7] DEBUG org.hibernate.SQL                                  - delete from student where id=?
2024-05-14 21:16:36,053 [http-nio-8090-exec-9] DEBUG org.hibernate.SQL                                  - select count(*) from student s1_0 where s1_0.id=?
2024-05-14 21:16:36,190 [http-nio-8090-exec-8] DEBUG org.hibernate.SQL                                  - select count(*) from student s1_0 where s1_0.id=?
2024-05-14 21:16:39,763 [http-nio-8090-exec-1] DEBUG org.hibernate.SQL                                  - select s1_0.id,s1_0.age,s1_0.contact,s1_0.dob,s1_0.name,s1_0.reg_no from student s1_0 where s1_0.id=?
2024-05-14 21:16:46,912 [http-nio-8090-exec-2] DEBUG org.hibernate.SQL                                  - select s1_0.id,s1_0.age,s1_0.contact,s1_0.dob,s1_0.name,s1_0.reg_no from student s1_0 where s1_0.id=?
2024-05-14 21:16:55,988 [http-nio-8090-exec-4] DEBUG org.hibernate.SQL                                  - select s1_0.id,s1_0.age,s1_0.contact,s1_0.dob,s1_0.name,s1_0.reg_no from student s1_0 where s1_0.id=?
2024-05-14 21:32:32,010 [SpringApplicationShutdownHook] INFO  o.s.o.j.LocalContainerEntityManagerFactoryBean     - Closing JPA EntityManagerFactory for persistence unit 'default'
2024-05-14 21:32:32,107 [SpringApplicationShutdownHook] TRACE o.h.type.spi.TypeConfiguration$Scope               - Handling #sessionFactoryClosed from [org.hibernate.internal.SessionFactoryImpl@7fc5a558] for TypeConfiguration
2024-05-14 21:32:32,121 [SpringApplicationShutdownHook] DEBUG o.h.type.spi.TypeConfiguration$Scope               - Un-scoping TypeConfiguration [org.hibernate.type.spi.TypeConfiguration$Scope@6bdbd94a] from SessionFactory [org.hibernate.internal.SessionFactoryImpl@7fc5a558]
2024-05-14 21:32:32,193 [SpringApplicationShutdownHook] INFO  com.zaxxer.hikari.HikariDataSource                 - HikariPool-1 - Shutdown initiated...
2024-05-14 21:32:32,325 [SpringApplicationShutdownHook] INFO  com.zaxxer.hikari.HikariDataSource                 - HikariPool-1 - Shutdown completed.
2025-10-08 14:04:22,738 [main] INFO  com.Rest.API.RestApiApplication                    - Starting RestApiApplication using Java 23.0.2 with PID 78971 (/Users/dineshchandgeetharavichandran/Desktop/Dinesh/Project/Spring-Rest-API/Spring-Boot-Rest-API/target/classes started by dineshchandgeetharavichandran in /Users/dineshchandgeetharavichandran/Desktop/Dinesh/Project/Spring-Rest-API/Spring-Boot-Rest-API)
2025-10-08 14:04:22,740 [main] DEBUG com.Rest.API.RestApiApplication                    - Running with Spring Boot v3.2.4, Spring v6.1.5
2025-10-08 14:04:22,740 [main] INFO  com.Rest.API.RestApiApplication                    - No active profile set, falling back to 1 default profile: "default"
2025-10-08 14:04:23,297 [main] INFO  o.s.d.r.c.RepositoryConfigurationDelegate          - Bootstrapping Spring Data JPA repositories in DEFAULT mode.
2025-10-08 14:04:23,341 [main] INFO  o.s.d.r.c.RepositoryConfigurationDelegate          - Finished Spring Data repository scanning in 39 ms. Found 3 JPA repository interfaces.
2025-10-08 14:04:23,729 [main] INFO  o.s.b.w.embedded.tomcat.TomcatWebServer            - Tomcat initialized with port 8090 (http)
2025-10-08 14:04:23,735 [main] INFO  o.apache.coyote.http11.Http11NioProtocol           - Initializing ProtocolHandler ["http-nio-8090"]
2025-10-08 14:04:23,736 [main] INFO  o.apache.catalina.core.StandardService             - Starting service [Tomcat]
2025-10-08 14:04:23,736 [main] INFO  org.apache.catalina.core.StandardEngine            - Starting Servlet engine: [Apache Tomcat/10.1.19]
2025-10-08 14:04:23,778 [main] INFO  o.a.c.c.C.[Tomcat].[localhost].[/]                 - Initializing Spring embedded WebApplicationContext
2025-10-08 14:04:23,778 [main] INFO  o.s.b.w.s.c.ServletWebServerApplicationContext     - Root WebApplicationContext: initialization completed in 1001 ms
2025-10-08 14:04:23,883 [main] INFO  o.hibernate.jpa.internal.util.LogHelper            - HHH000204: Processing PersistenceUnitInfo [name: default]
2025-10-08 14:04:23,919 [main] INFO  org.hibernate.Version                              - HHH000412: Hibernate ORM core version 6.4.4.Final
2025-10-08 14:04:23,944 [main] INFO  o.h.c.internal.RegionFactoryInitiator              - HHH000026: Second-level cache disabled
2025-10-08 14:04:23,987 [main] DEBUG org.hibernate.type.BasicTypeRegistry               - Adding type registration boolean -> org.hibernate.type.BasicTypeReference@6c835217
2025-10-08 14:04:23,987 [main] DEBUG org.hibernate.type.BasicTypeRegistry               - Adding type registration boolean -> org.hibernate.type.BasicTypeReference@6c835217
2025-10-08 14:04:23,987 [main] DEBUG org.hibernate.type.BasicTypeRegistry               - Adding type registration java.lang.Boolean -> org.hibernate.type.BasicTypeReference@6c835217
2025-10-08 14:04:23,987 [main] DEBUG org.hibernate.type.BasicTypeRegistry               - Adding type registration numeric_boolean -> org.hibernate.type.BasicTypeReference@4584304
2025-10-08 14:04:23,987 [main] DEBUG org.hibernate.type.BasicTypeRegistry               - Adding type registration org.hibernate.type.NumericBooleanConverter -> org.hibernate.type.BasicTypeReference@4584304
2025-10-08 14:04:23,987 [main] DEBUG org.hibernate.type.BasicTypeRegistry               - Adding type registration true_false -> org.hibernate.type.BasicTypeReference@51888019
2025-10-08 14:04:23,988 [main] DEBUG org.hibernate.type.BasicTypeRegistry               - Adding type registration org.hibernate.type.TrueFalseConverter -> org.hibernate.type.BasicTypeReference@51888019
2025-10-08 14:04:23,988 [main] DEBUG org.hibernate.type.BasicTypeRegistry               - Adding type registration yes_no -> org.hibernate.type.BasicTypeReference@6f50d55c
2025-10-08 14:04:23,988 [main] DEBUG org.hibernate.type.BasicTypeRegistry               - Adding type registration org.hibernate.type.YesNoConverter -> org.hibernate.type.BasicTypeReference@6f50d55c
2025-10-08 14:04:23,988 [main] DEBUG org.hibernate.type.BasicTypeRegistry               - Adding type registration byte -> org.hibernate.type.BasicTypeReference@19b5214b
2025-10-08 14:04:23,988 [main] DEBUG org.hibernate.type.BasicTypeRegistry               - Adding type registration byte -> org.hibernate.type.BasicTypeReference@19b5214b
2025-10-08 14:04:23,988 [main] DEBUG org.hibernate.type.BasicTypeRegistry               - Adding type registration java.lang.Byte -> org.hibernate.type.BasicTypeReference@19b5214b
2025-10-08 14:04:23,988 [main] DEBUG org.hibernate.type.BasicTypeRegistry               - Adding type registration binary -> org.hibernate.type.BasicTypeReference@5fb3111a
2025-10-08 14:04:23,988 [main] DEBUG org.hibernate.type.BasicTypeRegistry               - Adding type registration byte[] -> org.hibernate.type.BasicTypeReference@5fb3111a
2025-10-08 14:04:23,988 [main] DEBUG org.hibernate.type.BasicTypeRegistry               - Adding type registration [B -> org.hibernate.type.BasicTypeReference@5fb3111a
2025-10-08 14:04:23,988 [main] DEBUG org.hibernate.type.BasicTypeRegistry               - Adding type registration binary_wrapper -> org.hibernate.type.BasicTypeReference@4aaecabd
2025-10-08 14:04:23,988 [main] DEBUG org.hibernate.type.BasicTypeRegistry               - Adding type registration wrapper-binary -> org.hibernate.type.BasicTypeReference@4aaecabd
2025-10-08 14:04:23,988 [main] DEBUG org.hibernate.type.BasicTypeRegistry               - Adding type registration image -> org.hibernate.type.BasicTypeReference@23bd0c81
2025-10-08 14:04:23,988 [main] DEBUG org.hibernate.type.BasicTypeRegistry               - Adding type registration blob -> org.hibernate.type.BasicTypeReference@1332dec4
2025-10-08 14:04:23,988 [main] DEBUG org.hibernate.type.BasicTypeRegistry               - Adding type registration java.sql.Blob -> org.hibernate.type.BasicTypeReference@1332dec4
2025-10-08 14:04:23,988 [main] DEBUG org.hibernate.type.BasicTypeRegistry               - Adding type registration materialized_blob -> org.hibernate.type.BasicTypeReference@544e3679
2025-10-08 14:04:23,988 [main] DEBUG org.hibernate.type.BasicTypeRegistry               - Adding type registration materialized_blob_wrapper -> org.hibernate.type.BasicTypeReference@6889f56f
2025-10-08 14:04:23,988 [main] DEBUG org.hibernate.type.BasicTypeRegistry               - Adding type registration short -> org.hibernate.type.BasicTypeReference@231b35fb
2025-10-08 14:04:23,988 [main] DEBUG org.hibernate.type.BasicTypeRegistry               - Adding type registration short -> org.hibernate.type.BasicTypeReference@231b35fb
2025-10-08 14:04:23,988 [main] DEBUG org.hibernate.type.BasicTypeRegistry               - Adding type registration java.lang.Short -> org.hibernate.type.BasicTypeReference@231b35fb
2025-10-08 14:04:23,988 [main] DEBUG org.hibernate.type.BasicTypeRegistry               - Adding type registration integer -> org.hibernate.type.BasicTypeReference@26da1ba2
2025-10-08 14:04:23,988 [main] DEBUG org.hibernate.type.BasicTypeRegistry               - Adding type registration int -> org.hibernate.type.BasicTypeReference@26da1ba2
2025-10-08 14:04:23,989 [main] DEBUG org.hibernate.type.BasicTypeRegistry               - Adding type registration java.lang.Integer -> org.hibernate.type.BasicTypeReference@26da1ba2
2025-10-08 14:04:23,989 [main] DEBUG org.hibernate.type.BasicTypeRegistry               - Adding type registration long -> org.hibernate.type.BasicTypeReference@3820cfe
2025-10-08 14:04:23,989 [main] DEBUG org.hibernate.type.BasicTypeRegistry               - Adding type registration long -> org.hibernate.type.BasicTypeReference@3820cfe
2025-10-08 14:04:23,989 [main] DEBUG org.hibernate.type.BasicTypeRegistry               - Adding type registration java.lang.Long -> org.hibernate.type.BasicTypeReference@3820cfe
2025-10-08 14:04:23,990 [main] DEBUG org.hibernate.type.BasicTypeRegistry               - Adding type registration float -> org.hibernate.type.BasicTypeReference@2407a36c
2025-10-08 14:04:23,990 [main] DEBUG org.hibernate.type.BasicTypeRegistry               - Adding type registration float -> org.hibernate.type.BasicTypeReference@2407a36c
2025-10-08 14:04:23,990 [main] DEBUG org.hibernate.type.BasicTypeRegistry               - Adding type registration java.lang.Float -> org.hibernate.type.BasicTypeReference@2407a36c
2025-10-08 14:04:23,990 [main] DEBUG org.hibernate.type.BasicTypeRegistry               - Adding type registration double -> org.hibernate.type.BasicTypeReference@5ec9eefa
2025-10-08 14:04:23,990 [main] DEBUG org.hibernate.type.BasicTypeRegistry               - Adding type registration double -> org.hibernate.type.BasicTypeReference@5ec9eefa
2025-10-08 14:04:23,990 [main] DEBUG org.hibernate.type.BasicTypeRegistry               - Adding type registration java.lang.Double -> org.hibernate.type.BasicTypeReference@5ec9eefa
2025-10-08 14:04:23,990 [main] DEBUG org.hibernate.type.BasicTypeRegistry               - Adding type registration big_integer -> org.hibernate.type.BasicTypeReference@28b8f98a
2025-10-08 14:04:23,990 [main] DEBUG org.hibernate.type.BasicTypeRegistry               - Adding type registration java.math.BigInteger -> org.hibernate.type.BasicTypeReference@28b8f98a
2025-10-08 14:04:23,990 [main] DEBUG org.hibernate.type.BasicTypeRegistry               - Adding type registration big_decimal -> org.hibernate.type.BasicTypeReference@3b4ef59f
2025-10-08 14:04:23,990 [main] DEBUG org.hibernate.type.BasicTypeRegistry               - Adding type registration java.math.BigDecimal -> org.hibernate.type.BasicTypeReference@3b4ef59f
2025-10-08 14:04:23,990 [main] DEBUG org.hibernate.type.BasicTypeRegistry               - Adding type registration character -> org.hibernate.type.BasicTypeReference@22cb3d59
2025-10-08 14:04:23,990 [main] DEBUG org.hibernate.type.BasicTypeRegistry               - Adding type registration char -> org.hibernate.type.BasicTypeReference@22cb3d59
2025-10-08 14:04:23,990 [main] DEBUG org.hibernate.type.BasicTypeRegistry               - Adding type registration java.lang.Character -> org.hibernate.type.BasicTypeReference@22cb3d59
2025-10-08 14:04:23,990 [main] DEBUG org.hibernate.type.BasicTypeRegistry               - Adding type registration character_nchar -> org.hibernate.type.BasicTypeReference@33e4b9c4
2025-10-08 14:04:23,990 [main] DEBUG org.hibernate.type.BasicTypeRegistry               - Adding type registration string -> org.hibernate.type.BasicTypeReference@5cff729b
2025-10-08 14:04:23,990 [main] DEBUG org.hibernate.type.BasicTypeRegistry               - Adding type registration java.lang.String -> org.hibernate.type.BasicTypeReference@5cff729b
2025-10-08 14:04:23,990 [main] DEBUG org.hibernate.type.BasicTypeRegistry               - Adding type registration nstring -> org.hibernate.type.BasicTypeReference@10d18696
2025-10-08 14:04:23,990 [main] DEBUG org.hibernate.type.BasicTypeRegistry               - Adding type registration characters -> org.hibernate.type.BasicTypeReference@6b8b5020
2025-10-08 14:04:23,990 [main] DEBUG org.hibernate.type.BasicTypeRegistry               - Adding type registration char[] -> org.hibernate.type.BasicTypeReference@6b8b5020
2025-10-08 14:04:23,990 [main] DEBUG org.hibernate.type.BasicTypeRegistry               - Adding type registration [C -> org.hibernate.type.BasicTypeReference@6b8b5020
2025-10-08 14:04:23,990 [main] DEBUG org.hibernate.type.BasicTypeRegistry               - Adding type registration wrapper-characters -> org.hibernate.type.BasicTypeReference@7d37ee0c
2025-10-08 14:04:23,990 [main] DEBUG org.hibernate.type.BasicTypeRegistry               - Adding type registration text -> org.hibernate.type.BasicTypeReference@5a7b309b
2025-10-08 14:04:23,990 [main] DEBUG org.hibernate.type.BasicTypeRegistry               - Adding type registration ntext -> org.hibernate.type.BasicTypeReference@4602f874
2025-10-08 14:04:23,990 [main] DEBUG org.hibernate.type.BasicTypeRegistry               - Adding type registration clob -> org.hibernate.type.BasicTypeReference@7739aac4
2025-10-08 14:04:23,990 [main] DEBUG org.hibernate.type.BasicTypeRegistry               - Adding type registration java.sql.Clob -> org.hibernate.type.BasicTypeReference@7739aac4
2025-10-08 14:04:23,990 [main] DEBUG org.hibernate.type.BasicTypeRegistry               - Adding type registration nclob -> org.hibernate.type.BasicTypeReference@353c6da1
2025-10-08 14:04:23,990 [main] DEBUG org.hibernate.type.BasicTypeRegistry               - Adding type registration java.sql.NClob -> org.hibernate.type.BasicTypeReference@353c6da1
2025-10-08 14:04:23,990 [main] DEBUG org.hibernate.type.BasicTypeRegistry               - Adding type registration materialized_clob -> org.hibernate.type.BasicTypeReference@36c07c75
2025-10-08 14:04:23,990 [main] DEBUG org.hibernate.type.BasicTypeRegistry               - Adding type registration materialized_clob_char_array -> org.hibernate.type.BasicTypeReference@6750e381
2025-10-08 14:04:23,990 [main] DEBUG org.hibernate.type.BasicTypeRegistry               - Adding type registration materialized_clob_character_array -> org.hibernate.type.BasicTypeReference@5d850a25
2025-10-08 14:04:23,990 [main] DEBUG org.hibernate.type.BasicTypeRegistry               - Adding type registration materialized_nclob -> org.hibernate.type.BasicTypeReference@b022551
2025-10-08 14:04:23,991 [main] DEBUG org.hibernate.type.BasicTypeRegistry               - Adding type registration materialized_nclob_character_array -> org.hibernate.type.BasicTypeReference@3e14d390
2025-10-08 14:04:23,991 [main] DEBUG org.hibernate.type.BasicTypeRegistry               - Adding type registration materialized_nclob_char_array -> org.hibernate.type.BasicTypeReference@5eb87338
2025-10-08 14:04:23,991 [main] DEBUG org.hibernate.type.BasicTypeRegistry               - Adding type registration Duration -> org.hibernate.type.BasicTypeReference@2b999ee8
2025-10-08 14:04:23,991 [main] DEBUG org.hibernate.type.BasicTypeRegistry               - Adding type registration java.time.Duration -> org.hibernate.type.BasicTypeReference@2b999ee8
2025-10-08 14:04:23,991 [main] DEBUG org.hibernate.type.BasicTypeRegistry               - Adding type registration LocalDateTime -> org.hibernate.type.BasicTypeReference@31ab1e67
2025-10-08 14:04:23,991 [main] DEBUG org.hibernate.type.BasicTypeRegistry               - Adding type registration java.time.LocalDateTime -> org.hibernate.type.BasicTypeReference@31ab1e67
2025-10-08 14:04:23,991 [main] DEBUG org.hibernate.type.BasicTypeRegistry               - Adding type registration LocalDate -> org.hibernate.type.BasicTypeReference@29bbc391
2025-10-08 14:04:23,991 [main] DEBUG org.hibernate.type.BasicTypeRegistry               - Adding type registration java.time.LocalDate -> org.hibernate.type.BasicTypeReference@29bbc391
2025-10-08 14:04:23,992 [main] DEBUG org.hibernate.type.BasicTypeRegistry               - Adding type registration LocalTime -> org.hibernate.type.BasicTypeReference@3487442d
2025-10-08 14:04:23,992 [main] DEBUG org.hibernate.type.BasicTypeRegistry               - Adding type registration java.time.LocalTime -> org.hibernate.type.BasicTypeReference@3487442d
2025-10-08 14:04:23,992 [main] DEBUG org.hibernate.type.BasicTypeRegistry               - Adding type registration OffsetDateTime -> org.hibernate.type.BasicTypeReference@530ee28b
2025-10-08 14:04:23,992 [main] DEBUG org.hibernate.type.BasicTypeRegistry               - Adding type registration java.time.OffsetDateTime -> org.hibernate.type.BasicTypeReference@530ee28b
2025-10-08 14:04:23,992 [main] DEBUG org.hibernate.type.BasicTypeRegistry               - Adding type registration OffsetDateTimeWithTimezone -> org.hibernate.type.BasicTypeReference@3a3f96ab
2025-10-08 14:04:23,992 [main] DEBUG org.hibernate.type.BasicTypeRegistry               - Adding type registration OffsetDateTimeWithoutTimezone -> org.hibernate.type.BasicTypeReference@4def7d36
2025-10-08 14:04:23,992 [main] DEBUG org.hibernate.type.BasicTypeRegistry               - Adding type registration OffsetTime -> org.hibernate.type.BasicTypeReference@43c7fe8a
2025-10-08 14:04:23,992 [main] DEBUG org.hibernate.type.BasicTypeRegistry               - Adding type registration java.time.OffsetTime -> org.hibernate.type.BasicTypeReference@43c7fe8a
2025-10-08 14:04:23,992 [main] DEBUG org.hibernate.type.BasicTypeRegistry               - Adding type registration OffsetTimeUtc -> org.hibernate.type.BasicTypeReference@67f946c3
2025-10-08 14:04:23,992 [main] DEBUG org.hibernate.type.BasicTypeRegistry               - Adding type registration OffsetTimeWithTimezone -> org.hibernate.type.BasicTypeReference@21b51e59
2025-10-08 14:04:23,992 [main] DEBUG org.hibernate.type.BasicTypeRegistry               - Adding type registration OffsetTimeWithoutTimezone -> org.hibernate.type.BasicTypeReference@1785d194
2025-10-08 14:04:23,992 [main] DEBUG org.hibernate.type.BasicTypeRegistry               - Adding type registration ZonedDateTime -> org.hibernate.type.BasicTypeReference@6b4a4e40
2025-10-08 14:04:23,992 [main] DEBUG org.hibernate.type.BasicTypeRegistry               - Adding type registration java.time.ZonedDateTime -> org.hibernate.type.BasicTypeReference@6b4a4e40
2025-10-08 14:04:23,992 [main] DEBUG org.hibernate.type.BasicTypeRegistry               - Adding type registration ZonedDateTimeWithTimezone -> org.hibernate.type.BasicTypeReference@46a8c2b4
2025-10-08 14:04:23,992 [main] DEBUG org.hibernate.type.BasicTypeRegistry               - Adding type registration ZonedDateTimeWithoutTimezone -> org.hibernate.type.BasicTypeReference@4f664bee
2025-10-08 14:04:23,992 [main] DEBUG org.hibernate.type.BasicTypeRegistry               - Adding type registration date -> org.hibernate.type.BasicTypeReference@76563ae7
2025-10-08 14:04:23,992 [main] DEBUG org.hibernate.type.BasicTypeRegistry               - Adding type registration java.sql.Date -> org.hibernate.type.BasicTypeReference@76563ae7
2025-10-08 14:04:23,992 [main] DEBUG org.hibernate.type.BasicTypeRegistry               - Adding type registration time -> org.hibernate.type.BasicTypeReference@4fd74223
2025-10-08 14:04:23,993 [main] DEBUG org.hibernate.type.BasicTypeRegistry               - Adding type registration java.sql.Time -> org.hibernate.type.BasicTypeReference@4fd74223
2025-10-08 14:04:23,993 [main] DEBUG org.hibernate.type.BasicTypeRegistry               - Adding type registration timestamp -> org.hibernate.type.BasicTypeReference@4fea840f
2025-10-08 14:04:23,993 [main] DEBUG org.hibernate.type.BasicTypeRegistry               - Adding type registration java.sql.Timestamp -> org.hibernate.type.BasicTypeReference@4fea840f
2025-10-08 14:04:23,993 [main] DEBUG org.hibernate.type.BasicTypeRegistry               - Adding type registration java.util.Date -> org.hibernate.type.BasicTypeReference@4fea840f
2025-10-08 14:04:23,993 [main] DEBUG org.hibernate.type.BasicTypeRegistry               - Adding type registration calendar -> org.hibernate.type.BasicTypeReference@32ae8f27
2025-10-08 14:04:23,993 [main] DEBUG org.hibernate.type.BasicTypeRegistry               - Adding type registration java.util.Calendar -> org.hibernate.type.BasicTypeReference@32ae8f27
2025-10-08 14:04:23,993 [main] DEBUG org.hibernate.type.BasicTypeRegistry               - Adding type registration java.util.GregorianCalendar -> org.hibernate.type.BasicTypeReference@32ae8f27
2025-10-08 14:04:23,993 [main] DEBUG org.hibernate.type.BasicTypeRegistry               - Adding type registration calendar_date -> org.hibernate.type.BasicTypeReference@75e80a97
2025-10-08 14:04:23,993 [main] DEBUG org.hibernate.type.BasicTypeRegistry               - Adding type registration calendar_time -> org.hibernate.type.BasicTypeReference@5b8853
2025-10-08 14:04:23,993 [main] DEBUG org.hibernate.type.BasicTypeRegistry               - Adding type registration instant -> org.hibernate.type.BasicTypeReference@1b8aaeab
2025-10-08 14:04:23,993 [main] DEBUG org.hibernate.type.BasicTypeRegistry               - Adding type registration java.time.Instant -> org.hibernate.type.BasicTypeReference@1b8aaeab
2025-10-08 14:04:23,993 [main] DEBUG org.hibernate.type.BasicTypeRegistry               - Adding type registration uuid -> org.hibernate.type.BasicTypeReference@5d1bdd4a
2025-10-08 14:04:23,993 [main] DEBUG org.hibernate.type.BasicTypeRegistry               - Adding type registration java.util.UUID -> org.hibernate.type.BasicTypeReference@5d1bdd4a
2025-10-08 14:04:23,993 [main] DEBUG org.hibernate.type.BasicTypeRegistry               - Adding type registration pg-uuid -> org.hibernate.type.BasicTypeReference@5d1bdd4a
2025-10-08 14:04:23,993 [main] DEBUG org.hibernate.type.BasicTypeRegistry               - Adding type registration uuid-binary -> org.hibernate.type.BasicTypeReference@6812c8cc
2025-10-08 14:04:23,993 [main] DEBUG org.hibernate.type.BasicTypeRegistry               - Adding type registration uuid-char -> org.hibernate.type.BasicTypeReference@3457cc8d
2025-10-08 14:04:23,993 [main] DEBUG org.hibernate.type.BasicTypeRegistry               - Adding type registration class -> org.hibernate.type.BasicTypeReference@7a66c35a
2025-10-08 14:04:23,993 [main] DEBUG org.hibernate.type.BasicTypeRegistry               - Adding type registration java.lang.Class -> org.hibernate.type.BasicTypeReference@7a66c35a
2025-10-08 14:04:23,993 [main] DEBUG org.hibernate.type.BasicTypeRegistry               - Adding type registration currency -> org.hibernate.type.BasicTypeReference@7994a0d1
2025-10-08 14:04:23,993 [main] DEBUG org.hibernate.type.BasicTypeRegistry               - Adding type registration Currency -> org.hibernate.type.BasicTypeReference@7994a0d1
2025-10-08 14:04:23,993 [main] DEBUG org.hibernate.type.BasicTypeRegistry               - Adding type registration java.util.Currency -> org.hibernate.type.BasicTypeReference@7994a0d1
2025-10-08 14:04:23,993 [main] DEBUG org.hibernate.type.BasicTypeRegistry               - Adding type registration locale -> org.hibernate.type.BasicTypeReference@73e4387
2025-10-08 14:04:23,993 [main] DEBUG org.hibernate.type.BasicTypeRegistry               - Adding type registration java.util.Locale -> org.hibernate.type.BasicTypeReference@73e4387
2025-10-08 14:04:23,993 [main] DEBUG org.hibernate.type.BasicTypeRegistry               - Adding type registration serializable -> org.hibernate.type.BasicTypeReference@d87d449
2025-10-08 14:04:23,993 [main] DEBUG org.hibernate.type.BasicTypeRegistry               - Adding type registration java.io.Serializable -> org.hibernate.type.BasicTypeReference@d87d449
2025-10-08 14:04:23,993 [main] DEBUG org.hibernate.type.BasicTypeRegistry               - Adding type registration timezone -> org.hibernate.type.BasicTypeReference@4137aab0
2025-10-08 14:04:23,993 [main] DEBUG org.hibernate.type.BasicTypeRegistry               - Adding type registration java.util.TimeZone -> org.hibernate.type.BasicTypeReference@4137aab0
2025-10-08 14:04:23,993 [main] DEBUG org.hibernate.type.BasicTypeRegistry               - Adding type registration ZoneOffset -> org.hibernate.type.BasicTypeReference@1df9186f
2025-10-08 14:04:23,993 [main] DEBUG org.hibernate.type.BasicTypeRegistry               - Adding type registration java.time.ZoneOffset -> org.hibernate.type.BasicTypeReference@1df9186f
2025-10-08 14:04:23,993 [main] DEBUG org.hibernate.type.BasicTypeRegistry               - Adding type registration url -> org.hibernate.type.BasicTypeReference@682e422c
2025-10-08 14:04:23,993 [main] DEBUG org.hibernate.type.BasicTypeRegistry               - Adding type registration java.net.URL -> org.hibernate.type.BasicTypeReference@682e422c
2025-10-08 14:04:23,994 [main] DEBUG org.hibernate.type.BasicTypeRegistry               - Adding type registration vector -> org.hibernate.type.BasicTypeReference@5bb8e6fc
2025-10-08 14:04:23,994 [main] DEBUG org.hibernate.type.BasicTypeRegistry               - Adding type registration row_version -> org.hibernate.type.BasicTypeReference@2726a511
2025-10-08 14:04:23,996 [main] DEBUG org.hibernate.type.BasicTypeRegistry               - Adding type registration object -> org.hibernate.type.JavaObjectType@2c06b113
2025-10-08 14:04:23,996 [main] DEBUG org.hibernate.type.BasicTypeRegistry               - Adding type registration java.lang.Object -> org.hibernate.type.JavaObjectType@2c06b113
2025-10-08 14:04:24,000 [main] DEBUG org.hibernate.type.BasicTypeRegistry               - Adding type registration null -> org.hibernate.type.NullType@234cd86c
2025-10-08 14:04:24,001 [main] DEBUG org.hibernate.type.BasicTypeRegistry               - Adding type registration imm_date -> org.hibernate.type.BasicTypeReference@2c48cede
2025-10-08 14:04:24,001 [main] DEBUG org.hibernate.type.BasicTypeRegistry               - Adding type registration imm_time -> org.hibernate.type.BasicTypeReference@47fcefb3
2025-10-08 14:04:24,001 [main] DEBUG org.hibernate.type.BasicTypeRegistry               - Adding type registration imm_timestamp -> org.hibernate.type.BasicTypeReference@236c098
2025-10-08 14:04:24,001 [main] DEBUG org.hibernate.type.BasicTypeRegistry               - Adding type registration imm_calendar -> org.hibernate.type.BasicTypeReference@68e2d03e
2025-10-08 14:04:24,001 [main] DEBUG org.hibernate.type.BasicTypeRegistry               - Adding type registration imm_calendar_date -> org.hibernate.type.BasicTypeReference@120aa40b
2025-10-08 14:04:24,001 [main] DEBUG org.hibernate.type.BasicTypeRegistry               - Adding type registration imm_calendar_time -> org.hibernate.type.BasicTypeReference@32ab408e
2025-10-08 14:04:24,001 [main] DEBUG org.hibernate.type.BasicTypeRegistry               - Adding type registration imm_binary -> org.hibernate.type.BasicTypeReference@6ad6443
2025-10-08 14:04:24,001 [main] DEBUG org.hibernate.type.BasicTypeRegistry               - Adding type registration imm_serializable -> org.hibernate.type.BasicTypeReference@78b03788
2025-10-08 14:04:24,160 [main] INFO  o.s.o.j.p.SpringPersistenceUnitInfo                - No LoadTimeWeaver setup: ignoring JPA class transformer
2025-10-08 14:04:24,190 [main] INFO  com.zaxxer.hikari.HikariDataSource                 - HikariPool-1 - Starting...
2025-10-08 14:04:25,572 [main] ERROR com.zaxxer.hikari.pool.HikariPool                  - HikariPool-1 - Exception during pool initialization.
java.sql.SQLSyntaxErrorException: Unknown database 'student_schema'
	at com.mysql.cj.jdbc.exceptions.SQLError.createSQLException(SQLError.java:121)
	at com.mysql.cj.jdbc.exceptions.SQLExceptionsMapping.translateException(SQLExceptionsMapping.java:122)
	at com.mysql.cj.jdbc.ConnectionImpl.createNewIO(ConnectionImpl.java:815)
	at com.mysql.cj.jdbc.ConnectionImpl.<init>(ConnectionImpl.java:438)
	at com.mysql.cj.jdbc.ConnectionImpl.getInstance(ConnectionImpl.java:241)
	at com.mysql.cj.jdbc.NonRegisteringDriver.connect(NonRegisteringDriver.java:189)
	at com.zaxxer.hikari.util.DriverDataSource.getConnection(DriverDataSource.java:138)
	at com.zaxxer.hikari.pool.PoolBase.newConnection(PoolBase.java:359)
	at com.zaxxer.hikari.pool.PoolBase.newPoolEntry(PoolBase.java:201)
	at com.zaxxer.hikari.pool.HikariPool.createPoolEntry(HikariPool.java:470)
	at com.zaxxer.hikari.pool.HikariPool.checkFailFast(HikariPool.java:561)
	at com.zaxxer.hikari.pool.HikariPool.<init>(HikariPool.java:100)
	at com.zaxxer.hikari.HikariDataSource.getConnection(HikariDataSource.java:112)
	at org.hibernate.engine.jdbc.connections.internal.DatasourceConnectionProviderImpl.getConnection(DatasourceConnectionProviderImpl.java:122)
	at org.hibernate.engine.jdbc.env.internal.JdbcEnvironmentInitiator$ConnectionProviderJdbcConnectionAccess.obtainConnection(JdbcEnvironmentInitiator.java:428)
	at org.hibernate.resource.transaction.backend.jdbc.internal.JdbcIsolationDelegate.delegateWork(JdbcIsolationDelegate.java:61)
	at org.hibernate.engine.jdbc.env.internal.JdbcEnvironmentInitiator.getJdbcEnvironmentUsingJdbcMetadata(JdbcEnvironmentInitiator.java:276)
	at org.hibernate.engine.jdbc.env.internal.JdbcEnvironmentInitiator.initiateService(JdbcEnvironmentInitiator.java:107)
	at org.hibernate.engine.jdbc.env.internal.JdbcEnvironmentInitiator.initiateService(JdbcEnvironmentInitiator.java:68)
	at org.hibernate.boot.registry.internal.StandardServiceRegistryImpl.initiateService(StandardServiceRegistryImpl.java:130)
	at org.hibernate.service.internal.AbstractServiceRegistryImpl.createService(AbstractServiceRegistryImpl.java:263)
	at org.hibernate.service.internal.AbstractServiceRegistryImpl.initializeService(AbstractServiceRegistryImpl.java:238)
	at org.hibernate.service.internal.AbstractServiceRegistryImpl.getService(AbstractServiceRegistryImpl.java:215)
	at org.hibernate.boot.model.relational.Database.<init>(Database.java:45)
	at org.hibernate.boot.internal.InFlightMetadataCollectorImpl.getDatabase(InFlightMetadataCollectorImpl.java:223)
	at org.hibernate.boot.internal.InFlightMetadataCollectorImpl.<init>(InFlightMetadataCollectorImpl.java:191)
	at org.hibernate.boot.model.process.spi.MetadataBuildingProcess.complete(MetadataBuildingProcess.java:170)
	at org.hibernate.jpa.boot.internal.EntityManagerFactoryBuilderImpl.metadata(EntityManagerFactoryBuilderImpl.java:1432)
	at org.hibernate.jpa.boot.internal.EntityManagerFactoryBuilderImpl.build(EntityManagerFactoryBuilderImpl.java:1503)
	at org.springframework.orm.jpa.vendor.SpringHibernateJpaPersistenceProvider.createContainerEntityManagerFactory(SpringHibernateJpaPersistenceProvider.java:75)
	at org.springframework.orm.jpa.LocalContainerEntityManagerFactoryBean.createNativeEntityManagerFactory(LocalContainerEntityManagerFactoryBean.java:390)
	at org.springframework.orm.jpa.AbstractEntityManagerFactoryBean.buildNativeEntityManagerFactory(AbstractEntityManagerFactoryBean.java:409)
	at org.springframework.orm.jpa.AbstractEntityManagerFactoryBean.afterPropertiesSet(AbstractEntityManagerFactoryBean.java:396)
	at org.springframework.orm.jpa.LocalContainerEntityManagerFactoryBean.afterPropertiesSet(LocalContainerEntityManagerFactoryBean.java:366)
	at org.springframework.beans.factory.support.AbstractAutowireCapableBeanFactory.invokeInitMethods(AbstractAutowireCapableBeanFactory.java:1833)
	at org.springframework.beans.factory.support.AbstractAutowireCapableBeanFactory.initializeBean(AbstractAutowireCapableBeanFactory.java:1782)
	at org.springframework.beans.factory.support.AbstractAutowireCapableBeanFactory.doCreateBean(AbstractAutowireCapableBeanFactory.java:600)
	at org.springframework.beans.factory.support.AbstractAutowireCapableBeanFactory.createBean(AbstractAutowireCapableBeanFactory.java:522)
	at org.springframework.beans.factory.support.AbstractBeanFactory.lambda$doGetBean$0(AbstractBeanFactory.java:326)
	at org.springframework.beans.factory.support.DefaultSingletonBeanRegistry.getSingleton(DefaultSingletonBeanRegistry.java:234)
	at org.springframework.beans.factory.support.AbstractBeanFactory.doGetBean(AbstractBeanFactory.java:324)
	at org.springframework.beans.factory.support.AbstractBeanFactory.getBean(AbstractBeanFactory.java:200)
	at org.springframework.context.support.AbstractApplicationContext.getBean(AbstractApplicationContext.java:1234)
	at org.springframework.context.support.AbstractApplicationContext.finishBeanFactoryInitialization(AbstractApplicationContext.java:952)
	at org.springframework.context.support.AbstractApplicationContext.refresh(AbstractApplicationContext.java:624)
	at org.springframework.boot.web.servlet.context.ServletWebServerApplicationContext.refresh(ServletWebServerApplicationContext.java:146)
	at org.springframework.boot.SpringApplication.refresh(SpringApplication.java:754)
	at org.springframework.boot.SpringApplication.refreshContext(SpringApplication.java:456)
	at org.springframework.boot.SpringApplication.run(SpringApplication.java:334)
	at org.springframework.boot.SpringApplication.run(SpringApplication.java:1354)
	at org.springframework.boot.SpringApplication.run(SpringApplication.java:1343)
	at com.Rest.API.RestApiApplication.main(RestApiApplication.java:10)
2025-10-08 14:04:25,580 [main] WARN  o.h.e.j.e.i.JdbcEnvironmentInitiator               - HHH000342: Could not obtain connection to query metadata
java.lang.NullPointerException: Cannot invoke "org.hibernate.engine.jdbc.spi.SqlExceptionHelper.convert(java.sql.SQLException, String)" because the return value of "org.hibernate.resource.transaction.backend.jdbc.internal.JdbcIsolationDelegate.sqlExceptionHelper()" is null
	at org.hibernate.resource.transaction.backend.jdbc.internal.JdbcIsolationDelegate.delegateWork(JdbcIsolationDelegate.java:116)
	at org.hibernate.engine.jdbc.env.internal.JdbcEnvironmentInitiator.getJdbcEnvironmentUsingJdbcMetadata(JdbcEnvironmentInitiator.java:276)
	at org.hibernate.engine.jdbc.env.internal.JdbcEnvironmentInitiator.initiateService(JdbcEnvironmentInitiator.java:107)
	at org.hibernate.engine.jdbc.env.internal.JdbcEnvironmentInitiator.initiateService(JdbcEnvironmentInitiator.java:68)
	at org.hibernate.boot.registry.internal.StandardServiceRegistryImpl.initiateService(StandardServiceRegistryImpl.java:130)
	at org.hibernate.service.internal.AbstractServiceRegistryImpl.createService(AbstractServiceRegistryImpl.java:263)
	at org.hibernate.service.internal.AbstractServiceRegistryImpl.initializeService(AbstractServiceRegistryImpl.java:238)
	at org.hibernate.service.internal.AbstractServiceRegistryImpl.getService(AbstractServiceRegistryImpl.java:215)
	at org.hibernate.boot.model.relational.Database.<init>(Database.java:45)
	at org.hibernate.boot.internal.InFlightMetadataCollectorImpl.getDatabase(InFlightMetadataCollectorImpl.java:223)
	at org.hibernate.boot.internal.InFlightMetadataCollectorImpl.<init>(InFlightMetadataCollectorImpl.java:191)
	at org.hibernate.boot.model.process.spi.MetadataBuildingProcess.complete(MetadataBuildingProcess.java:170)
	at org.hibernate.jpa.boot.internal.EntityManagerFactoryBuilderImpl.metadata(EntityManagerFactoryBuilderImpl.java:1432)
	at org.hibernate.jpa.boot.internal.EntityManagerFactoryBuilderImpl.build(EntityManagerFactoryBuilderImpl.java:1503)
	at org.springframework.orm.jpa.vendor.SpringHibernateJpaPersistenceProvider.createContainerEntityManagerFactory(SpringHibernateJpaPersistenceProvider.java:75)
	at org.springframework.orm.jpa.LocalContainerEntityManagerFactoryBean.createNativeEntityManagerFactory(LocalContainerEntityManagerFactoryBean.java:390)
	at org.springframework.orm.jpa.AbstractEntityManagerFactoryBean.buildNativeEntityManagerFactory(AbstractEntityManagerFactoryBean.java:409)
	at org.springframework.orm.jpa.AbstractEntityManagerFactoryBean.afterPropertiesSet(AbstractEntityManagerFactoryBean.java:396)
	at org.springframework.orm.jpa.LocalContainerEntityManagerFactoryBean.afterPropertiesSet(LocalContainerEntityManagerFactoryBean.java:366)
	at org.springframework.beans.factory.support.AbstractAutowireCapableBeanFactory.invokeInitMethods(AbstractAutowireCapableBeanFactory.java:1833)
	at org.springframework.beans.factory.support.AbstractAutowireCapableBeanFactory.initializeBean(AbstractAutowireCapableBeanFactory.java:1782)
	at org.springframework.beans.factory.support.AbstractAutowireCapableBeanFactory.doCreateBean(AbstractAutowireCapableBeanFactory.java:600)
	at org.springframework.beans.factory.support.AbstractAutowireCapableBeanFactory.createBean(AbstractAutowireCapableBeanFactory.java:522)
	at org.springframework.beans.factory.support.AbstractBeanFactory.lambda$doGetBean$0(AbstractBeanFactory.java:326)
	at org.springframework.beans.factory.support.DefaultSingletonBeanRegistry.getSingleton(DefaultSingletonBeanRegistry.java:234)
	at org.springframework.beans.factory.support.AbstractBeanFactory.doGetBean(AbstractBeanFactory.java:324)
	at org.springframework.beans.factory.support.AbstractBeanFactory.getBean(AbstractBeanFactory.java:200)
	at org.springframework.context.support.AbstractApplicationContext.getBean(AbstractApplicationContext.java:1234)
	at org.springframework.context.support.AbstractApplicationContext.finishBeanFactoryInitialization(AbstractApplicationContext.java:952)
	at org.springframework.context.support.AbstractApplicationContext.refresh(AbstractApplicationContext.java:624)
	at org.springframework.boot.web.servlet.context.ServletWebServerApplicationContext.refresh(ServletWebServerApplicationContext.java:146)
	at org.springframework.boot.SpringApplication.refresh(SpringApplication.java:754)
	at org.springframework.boot.SpringApplication.refreshContext(SpringApplication.java:456)
	at org.springframework.boot.SpringApplication.run(SpringApplication.java:334)
	at org.springframework.boot.SpringApplication.run(SpringApplication.java:1354)
	at org.springframework.boot.SpringApplication.run(SpringApplication.java:1343)
	at com.Rest.API.RestApiApplication.main(RestApiApplication.java:10)
2025-10-08 14:04:25,607 [main] WARN  org.hibernate.orm.deprecation                      - HHH90000025: MySQLDialect does not need to be specified explicitly using 'hibernate.dialect' (remove the property setting and it will be selected by default)
2025-10-08 14:04:25,616 [main] DEBUG o.h.t.descriptor.sql.spi.DdlTypeRegistry           - addDescriptor(12, org.hibernate.type.descriptor.sql.internal.CapacityDependentDdlType@6e794f53) replaced previous registration(org.hibernate.type.descriptor.sql.internal.CapacityDependentDdlType@75f4d8a8)
2025-10-08 14:04:25,616 [main] DEBUG o.h.t.descriptor.sql.spi.DdlTypeRegistry           - addDescriptor(-9, org.hibernate.type.descriptor.sql.internal.CapacityDependentDdlType@69ba72da) replaced previous registration(org.hibernate.type.descriptor.sql.internal.CapacityDependentDdlType@2e1ba142)
2025-10-08 14:04:25,616 [main] DEBUG o.h.t.descriptor.sql.spi.DdlTypeRegistry           - addDescriptor(-3, org.hibernate.type.descriptor.sql.internal.CapacityDependentDdlType@abc7005) replaced previous registration(org.hibernate.type.descriptor.sql.internal.CapacityDependentDdlType@595ec862)
2025-10-08 14:04:25,617 [main] DEBUG o.h.t.descriptor.sql.spi.DdlTypeRegistry           - addDescriptor(4003, org.hibernate.type.descriptor.sql.internal.DdlTypeImpl@63c84d31) replaced previous registration(org.hibernate.type.descriptor.sql.internal.DdlTypeImpl@102af1bb)
2025-10-08 14:04:25,617 [main] DEBUG o.h.t.descriptor.sql.spi.DdlTypeRegistry           - addDescriptor(4001, org.hibernate.type.descriptor.sql.internal.DdlTypeImpl@797f97e3) replaced previous registration(org.hibernate.type.descriptor.sql.internal.DdlTypeImpl@56cd5d76)
2025-10-08 14:04:25,617 [main] DEBUG o.h.t.descriptor.sql.spi.DdlTypeRegistry           - addDescriptor(4002, org.hibernate.type.descriptor.sql.internal.DdlTypeImpl@77cd235b) replaced previous registration(org.hibernate.type.descriptor.sql.internal.DdlTypeImpl@302da330)
2025-10-08 14:04:25,617 [main] DEBUG o.h.t.descriptor.sql.spi.DdlTypeRegistry           - addDescriptor(2004, org.hibernate.type.descriptor.sql.internal.CapacityDependentDdlType@3568ea59) replaced previous registration(org.hibernate.type.descriptor.sql.internal.DdlTypeImpl@9f2376f)
2025-10-08 14:04:25,617 [main] DEBUG o.h.t.descriptor.sql.spi.DdlTypeRegistry           - addDescriptor(2005, org.hibernate.type.descriptor.sql.internal.CapacityDependentDdlType@173b1af1) replaced previous registration(org.hibernate.type.descriptor.sql.internal.DdlTypeImpl@4a520f05)
2025-10-08 14:04:25,617 [main] DEBUG o.h.t.descriptor.sql.spi.DdlTypeRegistry           - addDescriptor(2011, org.hibernate.type.descriptor.sql.internal.CapacityDependentDdlType@389a1e34) replaced previous registration(org.hibernate.type.descriptor.sql.internal.DdlTypeImpl@204b0f07)
2025-10-08 14:04:25,618 [main] DEBUG o.h.t.d.jdbc.spi.JdbcTypeRegistry                  - addDescriptor(NCharTypeDescriptor) replaced previous registration(CharTypeDescriptor)
2025-10-08 14:04:25,618 [main] DEBUG o.h.t.d.jdbc.spi.JdbcTypeRegistry                  - addDescriptor(NVarcharTypeDescriptor) replaced previous registration(VarcharTypeDescriptor)
2025-10-08 14:04:25,618 [main] DEBUG o.h.t.d.jdbc.spi.JdbcTypeRegistry                  - addDescriptor(LongNVarcharTypeDescriptor) replaced previous registration(LongVarcharTypeDescriptor)
2025-10-08 14:04:25,619 [main] DEBUG o.h.t.d.jdbc.spi.JdbcTypeRegistry                  - addDescriptor(NClobTypeDescriptor(DEFAULT)) replaced previous registration(ClobTypeDescriptor(DEFAULT))
2025-10-08 14:04:25,619 [main] DEBUG o.h.t.d.jdbc.spi.JdbcTypeRegistry                  - addDescriptor(2005, ClobTypeDescriptor(STREAM_BINDING)) replaced previous registration(ClobTypeDescriptor(DEFAULT))
2025-10-08 14:04:25,621 [main] DEBUG org.hibernate.type.BasicTypeRegistry               - Adding type registration null -> org.hibernate.type.NullType@1530d0f2
2025-10-08 14:04:25,621 [main] DEBUG org.hibernate.type.BasicTypeRegistry               - Type registration key [null] overrode previous entry : `org.hibernate.type.NullType@234cd86c`
2025-10-08 14:04:25,623 [main] DEBUG org.hibernate.type.BasicTypeRegistry               - Adding type registration org.hibernate.type.DurationType -> basicType@1(java.time.Duration,3015)
2025-10-08 14:04:25,623 [main] DEBUG org.hibernate.type.BasicTypeRegistry               - Adding type registration Duration -> basicType@1(java.time.Duration,3015)
2025-10-08 14:04:25,623 [main] DEBUG org.hibernate.type.BasicTypeRegistry               - Adding type registration java.time.Duration -> basicType@1(java.time.Duration,3015)
2025-10-08 14:04:25,625 [main] DEBUG org.hibernate.type.BasicTypeRegistry               - Adding type registration org.hibernate.type.OffsetDateTimeType -> basicType@2(java.time.OffsetDateTime,3003)
2025-10-08 14:04:25,625 [main] DEBUG org.hibernate.type.BasicTypeRegistry               - Adding type registration OffsetDateTime -> basicType@2(java.time.OffsetDateTime,3003)
2025-10-08 14:04:25,625 [main] DEBUG org.hibernate.type.BasicTypeRegistry               - Adding type registration java.time.OffsetDateTime -> basicType@2(java.time.OffsetDateTime,3003)
2025-10-08 14:04:25,625 [main] DEBUG org.hibernate.type.BasicTypeRegistry               - Adding type registration org.hibernate.type.ZonedDateTimeType -> basicType@3(java.time.ZonedDateTime,3003)
2025-10-08 14:04:25,625 [main] DEBUG org.hibernate.type.BasicTypeRegistry               - Adding type registration ZonedDateTime -> basicType@3(java.time.ZonedDateTime,3003)
2025-10-08 14:04:25,625 [main] DEBUG org.hibernate.type.BasicTypeRegistry               - Adding type registration java.time.ZonedDateTime -> basicType@3(java.time.ZonedDateTime,3003)
2025-10-08 14:04:25,625 [main] DEBUG org.hibernate.type.BasicTypeRegistry               - Adding type registration org.hibernate.type.OffsetTimeType -> basicType@4(java.time.OffsetTime,3007)
2025-10-08 14:04:25,626 [main] DEBUG org.hibernate.type.BasicTypeRegistry               - Adding type registration OffsetTime -> basicType@4(java.time.OffsetTime,3007)
2025-10-08 14:04:25,626 [main] DEBUG org.hibernate.type.BasicTypeRegistry               - Adding type registration java.time.OffsetTime -> basicType@4(java.time.OffsetTime,3007)
2025-10-08 14:04:25,626 [main] DEBUG o.h.type.spi.TypeConfiguration$Scope               - Scoping TypeConfiguration [org.hibernate.type.spi.TypeConfiguration@5ddb302] to MetadataBuildingContext [org.hibernate.boot.internal.MetadataBuildingContextRootImpl@4b7ab7ab]
2025-10-08 14:04:26,178 [main] INFO  o.h.m.i.EntityInstantiatorPojoStandard             - HHH000182: No default (no-argument) constructor for class: com.Rest.API.model.Address (class must be instantiated by Interceptor)
2025-10-08 14:04:26,287 [main] INFO  o.h.e.t.j.p.i.JtaPlatformInitiator                 - HHH000489: No JTA platform available (set 'hibernate.transaction.jta.platform' to enable JTA platform integration)
2025-10-08 14:04:26,288 [main] DEBUG o.h.type.spi.TypeConfiguration$Scope               - Scoping TypeConfiguration [org.hibernate.type.spi.TypeConfiguration@5ddb302] to SessionFactoryImplementor [org.hibernate.internal.SessionFactoryImpl@4946dfde]
2025-10-08 14:04:26,297 [main] INFO  com.zaxxer.hikari.HikariDataSource                 - HikariPool-1 - Starting...
2025-10-08 14:04:27,317 [main] ERROR com.zaxxer.hikari.pool.HikariPool                  - HikariPool-1 - Exception during pool initialization.
java.sql.SQLSyntaxErrorException: Unknown database 'student_schema'
	at com.mysql.cj.jdbc.exceptions.SQLError.createSQLException(SQLError.java:121)
	at com.mysql.cj.jdbc.exceptions.SQLExceptionsMapping.translateException(SQLExceptionsMapping.java:122)
	at com.mysql.cj.jdbc.ConnectionImpl.createNewIO(ConnectionImpl.java:815)
	at com.mysql.cj.jdbc.ConnectionImpl.<init>(ConnectionImpl.java:438)
	at com.mysql.cj.jdbc.ConnectionImpl.getInstance(ConnectionImpl.java:241)
	at com.mysql.cj.jdbc.NonRegisteringDriver.connect(NonRegisteringDriver.java:189)
	at com.zaxxer.hikari.util.DriverDataSource.getConnection(DriverDataSource.java:138)
	at com.zaxxer.hikari.pool.PoolBase.newConnection(PoolBase.java:359)
	at com.zaxxer.hikari.pool.PoolBase.newPoolEntry(PoolBase.java:201)
	at com.zaxxer.hikari.pool.HikariPool.createPoolEntry(HikariPool.java:470)
	at com.zaxxer.hikari.pool.HikariPool.checkFailFast(HikariPool.java:561)
	at com.zaxxer.hikari.pool.HikariPool.<init>(HikariPool.java:100)
	at com.zaxxer.hikari.HikariDataSource.getConnection(HikariDataSource.java:112)
	at org.hibernate.engine.jdbc.connections.internal.DatasourceConnectionProviderImpl.getConnection(DatasourceConnectionProviderImpl.java:122)
	at org.hibernate.engine.jdbc.env.internal.JdbcEnvironmentInitiator$ConnectionProviderJdbcConnectionAccess.obtainConnection(JdbcEnvironmentInitiator.java:428)
	at org.hibernate.resource.transaction.backend.jdbc.internal.DdlTransactionIsolatorNonJtaImpl.getIsolatedConnection(DdlTransactionIsolatorNonJtaImpl.java:46)
	at org.hibernate.resource.transaction.backend.jdbc.internal.DdlTransactionIsolatorNonJtaImpl.getIsolatedConnection(DdlTransactionIsolatorNonJtaImpl.java:39)
	at org.hibernate.tool.schema.internal.exec.ImprovedExtractionContextImpl.getJdbcConnection(ImprovedExtractionContextImpl.java:63)
	at org.hibernate.tool.schema.internal.exec.ImprovedExtractionContextImpl.getJdbcDatabaseMetaData(ImprovedExtractionContextImpl.java:70)
	at org.hibernate.tool.schema.extract.internal.InformationExtractorJdbcDatabaseMetaDataImpl.processTableResultSet(InformationExtractorJdbcDatabaseMetaDataImpl.java:64)
	at org.hibernate.tool.schema.extract.internal.AbstractInformationExtractorImpl.getTables(AbstractInformationExtractorImpl.java:570)
	at org.hibernate.tool.schema.extract.internal.DatabaseInformationImpl.getTablesInformation(DatabaseInformationImpl.java:122)
	at org.hibernate.tool.schema.internal.GroupedSchemaMigratorImpl.performTablesMigration(GroupedSchemaMigratorImpl.java:72)
	at org.hibernate.tool.schema.internal.AbstractSchemaMigrator.performMigration(AbstractSchemaMigrator.java:232)
	at org.hibernate.tool.schema.internal.AbstractSchemaMigrator.doMigration(AbstractSchemaMigrator.java:117)
	at org.hibernate.tool.schema.spi.SchemaManagementToolCoordinator.performDatabaseAction(SchemaManagementToolCoordinator.java:286)
	at org.hibernate.tool.schema.spi.SchemaManagementToolCoordinator.lambda$process$5(SchemaManagementToolCoordinator.java:145)
	at java.base/java.util.HashMap.forEach(HashMap.java:1430)
	at org.hibernate.tool.schema.spi.SchemaManagementToolCoordinator.process(SchemaManagementToolCoordinator.java:142)
	at org.hibernate.boot.internal.SessionFactoryObserverForSchemaExport.sessionFactoryCreated(SessionFactoryObserverForSchemaExport.java:37)
	at org.hibernate.internal.SessionFactoryObserverChain.sessionFactoryCreated(SessionFactoryObserverChain.java:35)
	at org.hibernate.internal.SessionFactoryImpl.<init>(SessionFactoryImpl.java:315)
	at org.hibernate.boot.internal.SessionFactoryBuilderImpl.build(SessionFactoryBuilderImpl.java:450)
	at org.hibernate.jpa.boot.internal.EntityManagerFactoryBuilderImpl.build(EntityManagerFactoryBuilderImpl.java:1507)
	at org.springframework.orm.jpa.vendor.SpringHibernateJpaPersistenceProvider.createContainerEntityManagerFactory(SpringHibernateJpaPersistenceProvider.java:75)
	at org.springframework.orm.jpa.LocalContainerEntityManagerFactoryBean.createNativeEntityManagerFactory(LocalContainerEntityManagerFactoryBean.java:390)
	at org.springframework.orm.jpa.AbstractEntityManagerFactoryBean.buildNativeEntityManagerFactory(AbstractEntityManagerFactoryBean.java:409)
	at org.springframework.orm.jpa.AbstractEntityManagerFactoryBean.afterPropertiesSet(AbstractEntityManagerFactoryBean.java:396)
	at org.springframework.orm.jpa.LocalContainerEntityManagerFactoryBean.afterPropertiesSet(LocalContainerEntityManagerFactoryBean.java:366)
	at org.springframework.beans.factory.support.AbstractAutowireCapableBeanFactory.invokeInitMethods(AbstractAutowireCapableBeanFactory.java:1833)
	at org.springframework.beans.factory.support.AbstractAutowireCapableBeanFactory.initializeBean(AbstractAutowireCapableBeanFactory.java:1782)
	at org.springframework.beans.factory.support.AbstractAutowireCapableBeanFactory.doCreateBean(AbstractAutowireCapableBeanFactory.java:600)
	at org.springframework.beans.factory.support.AbstractAutowireCapableBeanFactory.createBean(AbstractAutowireCapableBeanFactory.java:522)
	at org.springframework.beans.factory.support.AbstractBeanFactory.lambda$doGetBean$0(AbstractBeanFactory.java:326)
	at org.springframework.beans.factory.support.DefaultSingletonBeanRegistry.getSingleton(DefaultSingletonBeanRegistry.java:234)
	at org.springframework.beans.factory.support.AbstractBeanFactory.doGetBean(AbstractBeanFactory.java:324)
	at org.springframework.beans.factory.support.AbstractBeanFactory.getBean(AbstractBeanFactory.java:200)
	at org.springframework.context.support.AbstractApplicationContext.getBean(AbstractApplicationContext.java:1234)
	at org.springframework.context.support.AbstractApplicationContext.finishBeanFactoryInitialization(AbstractApplicationContext.java:952)
	at org.springframework.context.support.AbstractApplicationContext.refresh(AbstractApplicationContext.java:624)
	at org.springframework.boot.web.servlet.context.ServletWebServerApplicationContext.refresh(ServletWebServerApplicationContext.java:146)
	at org.springframework.boot.SpringApplication.refresh(SpringApplication.java:754)
	at org.springframework.boot.SpringApplication.refreshContext(SpringApplication.java:456)
	at org.springframework.boot.SpringApplication.run(SpringApplication.java:334)
	at org.springframework.boot.SpringApplication.run(SpringApplication.java:1354)
	at org.springframework.boot.SpringApplication.run(SpringApplication.java:1343)
	at com.Rest.API.RestApiApplication.main(RestApiApplication.java:10)
2025-10-08 14:04:27,320 [main] WARN  o.h.engine.jdbc.spi.SqlExceptionHelper             - SQL Error: 1049, SQLState: 42000
2025-10-08 14:04:27,320 [main] ERROR o.h.engine.jdbc.spi.SqlExceptionHelper             - Unknown database 'student_schema'
2025-10-08 14:04:27,322 [main] TRACE o.h.type.spi.TypeConfiguration$Scope               - Handling #sessionFactoryClosed from [org.hibernate.internal.SessionFactoryImpl@4946dfde] for TypeConfiguration
2025-10-08 14:04:27,322 [main] DEBUG o.h.type.spi.TypeConfiguration$Scope               - Un-scoping TypeConfiguration [org.hibernate.type.spi.TypeConfiguration$Scope@440d2d64] from SessionFactory [org.hibernate.internal.SessionFactoryImpl@4946dfde]
2025-10-08 14:04:27,325 [main] ERROR o.s.o.j.LocalContainerEntityManagerFactoryBean     - Failed to initialize JPA EntityManagerFactory: [PersistenceUnit: default] Unable to build Hibernate SessionFactory; nested exception is org.hibernate.exception.SQLGrammarException: Unable to open JDBC Connection for DDL execution [Unknown database 'student_schema'] [n/a]
2025-10-08 14:04:27,325 [main] WARN  o.s.b.w.s.c.AnnotationConfigServletWebServerApplicationContext - Exception encountered during context initialization - cancelling refresh attempt: org.springframework.beans.factory.BeanCreationException: Error creating bean with name 'entityManagerFactory' defined in class path resource [org/springframework/boot/autoconfigure/orm/jpa/HibernateJpaConfiguration.class]: [PersistenceUnit: default] Unable to build Hibernate SessionFactory; nested exception is org.hibernate.exception.SQLGrammarException: Unable to open JDBC Connection for DDL execution [Unknown database 'student_schema'] [n/a]
2025-10-08 14:04:27,327 [main] INFO  o.apache.catalina.core.StandardService             - Stopping service [Tomcat]
2025-10-08 14:04:27,351 [main] INFO  o.s.b.a.l.ConditionEvaluationReportLogger          - 

Error starting ApplicationContext. To display the condition evaluation report re-run your application with 'debug' enabled.
2025-10-08 14:04:27,364 [main] ERROR o.springframework.boot.SpringApplication           - Application run failed
org.springframework.beans.factory.BeanCreationException: Error creating bean with name 'entityManagerFactory' defined in class path resource [org/springframework/boot/autoconfigure/orm/jpa/HibernateJpaConfiguration.class]: [PersistenceUnit: default] Unable to build Hibernate SessionFactory; nested exception is org.hibernate.exception.SQLGrammarException: Unable to open JDBC Connection for DDL execution [Unknown database 'student_schema'] [n/a]
	at org.springframework.beans.factory.support.AbstractAutowireCapableBeanFactory.initializeBean(AbstractAutowireCapableBeanFactory.java:1786)
	at org.springframework.beans.factory.support.AbstractAutowireCapableBeanFactory.doCreateBean(AbstractAutowireCapableBeanFactory.java:600)
	at org.springframework.beans.factory.support.AbstractAutowireCapableBeanFactory.createBean(AbstractAutowireCapableBeanFactory.java:522)
	at org.springframework.beans.factory.support.AbstractBeanFactory.lambda$doGetBean$0(AbstractBeanFactory.java:326)
	at org.springframework.beans.factory.support.DefaultSingletonBeanRegistry.getSingleton(DefaultSingletonBeanRegistry.java:234)
	at org.springframework.beans.factory.support.AbstractBeanFactory.doGetBean(AbstractBeanFactory.java:324)
	at org.springframework.beans.factory.support.AbstractBeanFactory.getBean(AbstractBeanFactory.java:200)
	at org.springframework.context.support.AbstractApplicationContext.getBean(AbstractApplicationContext.java:1234)
	at org.springframework.context.support.AbstractApplicationContext.finishBeanFactoryInitialization(AbstractApplicationContext.java:952)
	at org.springframework.context.support.AbstractApplicationContext.refresh(AbstractApplicationContext.java:624)
	at org.springframework.boot.web.servlet.context.ServletWebServerApplicationContext.refresh(ServletWebServerApplicationContext.java:146)
	at org.springframework.boot.SpringApplication.refresh(SpringApplication.java:754)
	at org.springframework.boot.SpringApplication.refreshContext(SpringApplication.java:456)
	at org.springframework.boot.SpringApplication.run(SpringApplication.java:334)
	at org.springframework.boot.SpringApplication.run(SpringApplication.java:1354)
	at org.springframework.boot.SpringApplication.run(SpringApplication.java:1343)
	at com.Rest.API.RestApiApplication.main(RestApiApplication.java:10)
Caused by: jakarta.persistence.PersistenceException: [PersistenceUnit: default] Unable to build Hibernate SessionFactory; nested exception is org.hibernate.exception.SQLGrammarException: Unable to open JDBC Connection for DDL execution [Unknown database 'student_schema'] [n/a]
	at org.springframework.orm.jpa.AbstractEntityManagerFactoryBean.buildNativeEntityManagerFactory(AbstractEntityManagerFactoryBean.java:421)
	at org.springframework.orm.jpa.AbstractEntityManagerFactoryBean.afterPropertiesSet(AbstractEntityManagerFactoryBean.java:396)
	at org.springframework.orm.jpa.LocalContainerEntityManagerFactoryBean.afterPropertiesSet(LocalContainerEntityManagerFactoryBean.java:366)
	at org.springframework.beans.factory.support.AbstractAutowireCapableBeanFactory.invokeInitMethods(AbstractAutowireCapableBeanFactory.java:1833)
	at org.springframework.beans.factory.support.AbstractAutowireCapableBeanFactory.initializeBean(AbstractAutowireCapableBeanFactory.java:1782)
	... 16 common frames omitted
Caused by: org.hibernate.exception.SQLGrammarException: Unable to open JDBC Connection for DDL execution [Unknown database 'student_schema'] [n/a]
	at org.hibernate.exception.internal.SQLExceptionTypeDelegate.convert(SQLExceptionTypeDelegate.java:66)
	at org.hibernate.exception.internal.StandardSQLExceptionConverter.convert(StandardSQLExceptionConverter.java:58)
	at org.hibernate.engine.jdbc.spi.SqlExceptionHelper.convert(SqlExceptionHelper.java:108)
	at org.hibernate.engine.jdbc.spi.SqlExceptionHelper.convert(SqlExceptionHelper.java:94)
	at org.hibernate.resource.transaction.backend.jdbc.internal.DdlTransactionIsolatorNonJtaImpl.getIsolatedConnection(DdlTransactionIsolatorNonJtaImpl.java:74)
	at org.hibernate.resource.transaction.backend.jdbc.internal.DdlTransactionIsolatorNonJtaImpl.getIsolatedConnection(DdlTransactionIsolatorNonJtaImpl.java:39)
	at org.hibernate.tool.schema.internal.exec.ImprovedExtractionContextImpl.getJdbcConnection(ImprovedExtractionContextImpl.java:63)
	at org.hibernate.tool.schema.internal.exec.ImprovedExtractionContextImpl.getJdbcDatabaseMetaData(ImprovedExtractionContextImpl.java:70)
	at org.hibernate.tool.schema.extract.internal.InformationExtractorJdbcDatabaseMetaDataImpl.processTableResultSet(InformationExtractorJdbcDatabaseMetaDataImpl.java:64)
	at org.hibernate.tool.schema.extract.internal.AbstractInformationExtractorImpl.getTables(AbstractInformationExtractorImpl.java:570)
	at org.hibernate.tool.schema.extract.internal.DatabaseInformationImpl.getTablesInformation(DatabaseInformationImpl.java:122)
	at org.hibernate.tool.schema.internal.GroupedSchemaMigratorImpl.performTablesMigration(GroupedSchemaMigratorImpl.java:72)
	at org.hibernate.tool.schema.internal.AbstractSchemaMigrator.performMigration(AbstractSchemaMigrator.java:232)
	at org.hibernate.tool.schema.internal.AbstractSchemaMigrator.doMigration(AbstractSchemaMigrator.java:117)
	at org.hibernate.tool.schema.spi.SchemaManagementToolCoordinator.performDatabaseAction(SchemaManagementToolCoordinator.java:286)
	at org.hibernate.tool.schema.spi.SchemaManagementToolCoordinator.lambda$process$5(SchemaManagementToolCoordinator.java:145)
	at java.base/java.util.HashMap.forEach(HashMap.java:1430)
	at org.hibernate.tool.schema.spi.SchemaManagementToolCoordinator.process(SchemaManagementToolCoordinator.java:142)
	at org.hibernate.boot.internal.SessionFactoryObserverForSchemaExport.sessionFactoryCreated(SessionFactoryObserverForSchemaExport.java:37)
	at org.hibernate.internal.SessionFactoryObserverChain.sessionFactoryCreated(SessionFactoryObserverChain.java:35)
	at org.hibernate.internal.SessionFactoryImpl.<init>(SessionFactoryImpl.java:315)
	at org.hibernate.boot.internal.SessionFactoryBuilderImpl.build(SessionFactoryBuilderImpl.java:450)
	at org.hibernate.jpa.boot.internal.EntityManagerFactoryBuilderImpl.build(EntityManagerFactoryBuilderImpl.java:1507)
	at org.springframework.orm.jpa.vendor.SpringHibernateJpaPersistenceProvider.createContainerEntityManagerFactory(SpringHibernateJpaPersistenceProvider.java:75)
	at org.springframework.orm.jpa.LocalContainerEntityManagerFactoryBean.createNativeEntityManagerFactory(LocalContainerEntityManagerFactoryBean.java:390)
	at org.springframework.orm.jpa.AbstractEntityManagerFactoryBean.buildNativeEntityManagerFactory(AbstractEntityManagerFactoryBean.java:409)
	... 20 common frames omitted
Caused by: java.sql.SQLSyntaxErrorException: Unknown database 'student_schema'
	at com.mysql.cj.jdbc.exceptions.SQLError.createSQLException(SQLError.java:121)
	at com.mysql.cj.jdbc.exceptions.SQLExceptionsMapping.translateException(SQLExceptionsMapping.java:122)
	at com.mysql.cj.jdbc.ConnectionImpl.createNewIO(ConnectionImpl.java:815)
	at com.mysql.cj.jdbc.ConnectionImpl.<init>(ConnectionImpl.java:438)
	at com.mysql.cj.jdbc.ConnectionImpl.getInstance(ConnectionImpl.java:241)
	at com.mysql.cj.jdbc.NonRegisteringDriver.connect(NonRegisteringDriver.java:189)
	at com.zaxxer.hikari.util.DriverDataSource.getConnection(DriverDataSource.java:138)
	at com.zaxxer.hikari.pool.PoolBase.newConnection(PoolBase.java:359)
	at com.zaxxer.hikari.pool.PoolBase.newPoolEntry(PoolBase.java:201)
	at com.zaxxer.hikari.pool.HikariPool.createPoolEntry(HikariPool.java:470)
	at com.zaxxer.hikari.pool.HikariPool.checkFailFast(HikariPool.java:561)
	at com.zaxxer.hikari.pool.HikariPool.<init>(HikariPool.java:100)
	at com.zaxxer.hikari.HikariDataSource.getConnection(HikariDataSource.java:112)
	at org.hibernate.engine.jdbc.connections.internal.DatasourceConnectionProviderImpl.getConnection(DatasourceConnectionProviderImpl.java:122)
	at org.hibernate.engine.jdbc.env.internal.JdbcEnvironmentInitiator$ConnectionProviderJdbcConnectionAccess.obtainConnection(JdbcEnvironmentInitiator.java:428)
	at org.hibernate.resource.transaction.backend.jdbc.internal.DdlTransactionIsolatorNonJtaImpl.getIsolatedConnection(DdlTransactionIsolatorNonJtaImpl.java:46)
	... 41 common frames omitted
2025-10-08 14:05:36,239 [main] INFO  com.Rest.API.RestApiApplication                    - Starting RestApiApplication using Java 23.0.2 with PID 79084 (/Users/dineshchandgeetharavichandran/Desktop/Dinesh/Project/Spring-Rest-API/Spring-Boot-Rest-API/target/classes started by dineshchandgeetharavichandran in /Users/dineshchandgeetharavichandran/Desktop/Dinesh/Project/Spring-Rest-API/Spring-Boot-Rest-API)
2025-10-08 14:05:36,241 [main] DEBUG com.Rest.API.RestApiApplication                    - Running with Spring Boot v3.2.4, Spring v6.1.5
2025-10-08 14:05:36,241 [main] INFO  com.Rest.API.RestApiApplication                    - No active profile set, falling back to 1 default profile: "default"
2025-10-08 14:05:36,812 [main] INFO  o.s.d.r.c.RepositoryConfigurationDelegate          - Bootstrapping Spring Data JPA repositories in DEFAULT mode.
2025-10-08 14:05:36,848 [main] INFO  o.s.d.r.c.RepositoryConfigurationDelegate          - Finished Spring Data repository scanning in 32 ms. Found 3 JPA repository interfaces.
2025-10-08 14:05:37,146 [main] INFO  o.s.b.w.embedded.tomcat.TomcatWebServer            - Tomcat initialized with port 8090 (http)
2025-10-08 14:05:37,152 [main] INFO  o.apache.coyote.http11.Http11NioProtocol           - Initializing ProtocolHandler ["http-nio-8090"]
2025-10-08 14:05:37,152 [main] INFO  o.apache.catalina.core.StandardService             - Starting service [Tomcat]
2025-10-08 14:05:37,153 [main] INFO  org.apache.catalina.core.StandardEngine            - Starting Servlet engine: [Apache Tomcat/10.1.19]
2025-10-08 14:05:37,197 [main] INFO  o.a.c.c.C.[Tomcat].[localhost].[/]                 - Initializing Spring embedded WebApplicationContext
2025-10-08 14:05:37,197 [main] INFO  o.s.b.w.s.c.ServletWebServerApplicationContext     - Root WebApplicationContext: initialization completed in 898 ms
2025-10-08 14:05:37,297 [main] INFO  o.hibernate.jpa.internal.util.LogHelper            - HHH000204: Processing PersistenceUnitInfo [name: default]
2025-10-08 14:05:37,323 [main] INFO  org.hibernate.Version                              - HHH000412: Hibernate ORM core version 6.4.4.Final
2025-10-08 14:05:37,338 [main] INFO  o.h.c.internal.RegionFactoryInitiator              - HHH000026: Second-level cache disabled
2025-10-08 14:05:37,387 [main] DEBUG org.hibernate.type.BasicTypeRegistry               - Adding type registration boolean -> org.hibernate.type.BasicTypeReference@28b8f98a
2025-10-08 14:05:37,387 [main] DEBUG org.hibernate.type.BasicTypeRegistry               - Adding type registration boolean -> org.hibernate.type.BasicTypeReference@28b8f98a
2025-10-08 14:05:37,387 [main] DEBUG org.hibernate.type.BasicTypeRegistry               - Adding type registration java.lang.Boolean -> org.hibernate.type.BasicTypeReference@28b8f98a
2025-10-08 14:05:37,388 [main] DEBUG org.hibernate.type.BasicTypeRegistry               - Adding type registration numeric_boolean -> org.hibernate.type.BasicTypeReference@3b4ef59f
2025-10-08 14:05:37,388 [main] DEBUG org.hibernate.type.BasicTypeRegistry               - Adding type registration org.hibernate.type.NumericBooleanConverter -> org.hibernate.type.BasicTypeReference@3b4ef59f
2025-10-08 14:05:37,388 [main] DEBUG org.hibernate.type.BasicTypeRegistry               - Adding type registration true_false -> org.hibernate.type.BasicTypeReference@22cb3d59
2025-10-08 14:05:37,388 [main] DEBUG org.hibernate.type.BasicTypeRegistry               - Adding type registration org.hibernate.type.TrueFalseConverter -> org.hibernate.type.BasicTypeReference@22cb3d59
2025-10-08 14:05:37,388 [main] DEBUG org.hibernate.type.BasicTypeRegistry               - Adding type registration yes_no -> org.hibernate.type.BasicTypeReference@33e4b9c4
2025-10-08 14:05:37,388 [main] DEBUG org.hibernate.type.BasicTypeRegistry               - Adding type registration org.hibernate.type.YesNoConverter -> org.hibernate.type.BasicTypeReference@33e4b9c4
2025-10-08 14:05:37,388 [main] DEBUG org.hibernate.type.BasicTypeRegistry               - Adding type registration byte -> org.hibernate.type.BasicTypeReference@5cff729b
2025-10-08 14:05:37,389 [main] DEBUG org.hibernate.type.BasicTypeRegistry               - Adding type registration byte -> org.hibernate.type.BasicTypeReference@5cff729b
2025-10-08 14:05:37,389 [main] DEBUG org.hibernate.type.BasicTypeRegistry               - Adding type registration java.lang.Byte -> org.hibernate.type.BasicTypeReference@5cff729b
2025-10-08 14:05:37,389 [main] DEBUG org.hibernate.type.BasicTypeRegistry               - Adding type registration binary -> org.hibernate.type.BasicTypeReference@10d18696
2025-10-08 14:05:37,389 [main] DEBUG org.hibernate.type.BasicTypeRegistry               - Adding type registration byte[] -> org.hibernate.type.BasicTypeReference@10d18696
2025-10-08 14:05:37,389 [main] DEBUG org.hibernate.type.BasicTypeRegistry               - Adding type registration [B -> org.hibernate.type.BasicTypeReference@10d18696
2025-10-08 14:05:37,389 [main] DEBUG org.hibernate.type.BasicTypeRegistry               - Adding type registration binary_wrapper -> org.hibernate.type.BasicTypeReference@6b8b5020
2025-10-08 14:05:37,389 [main] DEBUG org.hibernate.type.BasicTypeRegistry               - Adding type registration wrapper-binary -> org.hibernate.type.BasicTypeReference@6b8b5020
2025-10-08 14:05:37,389 [main] DEBUG org.hibernate.type.BasicTypeRegistry               - Adding type registration image -> org.hibernate.type.BasicTypeReference@7d37ee0c
2025-10-08 14:05:37,389 [main] DEBUG org.hibernate.type.BasicTypeRegistry               - Adding type registration blob -> org.hibernate.type.BasicTypeReference@5a7b309b
2025-10-08 14:05:37,389 [main] DEBUG org.hibernate.type.BasicTypeRegistry               - Adding type registration java.sql.Blob -> org.hibernate.type.BasicTypeReference@5a7b309b
2025-10-08 14:05:37,389 [main] DEBUG org.hibernate.type.BasicTypeRegistry               - Adding type registration materialized_blob -> org.hibernate.type.BasicTypeReference@4602f874
2025-10-08 14:05:37,389 [main] DEBUG org.hibernate.type.BasicTypeRegistry               - Adding type registration materialized_blob_wrapper -> org.hibernate.type.BasicTypeReference@7739aac4
2025-10-08 14:05:37,390 [main] DEBUG org.hibernate.type.BasicTypeRegistry               - Adding type registration short -> org.hibernate.type.BasicTypeReference@353c6da1
2025-10-08 14:05:37,390 [main] DEBUG org.hibernate.type.BasicTypeRegistry               - Adding type registration short -> org.hibernate.type.BasicTypeReference@353c6da1
2025-10-08 14:05:37,390 [main] DEBUG org.hibernate.type.BasicTypeRegistry               - Adding type registration java.lang.Short -> org.hibernate.type.BasicTypeReference@353c6da1
2025-10-08 14:05:37,390 [main] DEBUG org.hibernate.type.BasicTypeRegistry               - Adding type registration integer -> org.hibernate.type.BasicTypeReference@36c07c75
2025-10-08 14:05:37,390 [main] DEBUG org.hibernate.type.BasicTypeRegistry               - Adding type registration int -> org.hibernate.type.BasicTypeReference@36c07c75
2025-10-08 14:05:37,390 [main] DEBUG org.hibernate.type.BasicTypeRegistry               - Adding type registration java.lang.Integer -> org.hibernate.type.BasicTypeReference@36c07c75
2025-10-08 14:05:37,390 [main] DEBUG org.hibernate.type.BasicTypeRegistry               - Adding type registration long -> org.hibernate.type.BasicTypeReference@6750e381
2025-10-08 14:05:37,390 [main] DEBUG org.hibernate.type.BasicTypeRegistry               - Adding type registration long -> org.hibernate.type.BasicTypeReference@6750e381
2025-10-08 14:05:37,390 [main] DEBUG org.hibernate.type.BasicTypeRegistry               - Adding type registration java.lang.Long -> org.hibernate.type.BasicTypeReference@6750e381
2025-10-08 14:05:37,391 [main] DEBUG org.hibernate.type.BasicTypeRegistry               - Adding type registration float -> org.hibernate.type.BasicTypeReference@5d850a25
2025-10-08 14:05:37,391 [main] DEBUG org.hibernate.type.BasicTypeRegistry               - Adding type registration float -> org.hibernate.type.BasicTypeReference@5d850a25
2025-10-08 14:05:37,391 [main] DEBUG org.hibernate.type.BasicTypeRegistry               - Adding type registration java.lang.Float -> org.hibernate.type.BasicTypeReference@5d850a25
2025-10-08 14:05:37,391 [main] DEBUG org.hibernate.type.BasicTypeRegistry               - Adding type registration double -> org.hibernate.type.BasicTypeReference@b022551
2025-10-08 14:05:37,391 [main] DEBUG org.hibernate.type.BasicTypeRegistry               - Adding type registration double -> org.hibernate.type.BasicTypeReference@b022551
2025-10-08 14:05:37,391 [main] DEBUG org.hibernate.type.BasicTypeRegistry               - Adding type registration java.lang.Double -> org.hibernate.type.BasicTypeReference@b022551
2025-10-08 14:05:37,391 [main] DEBUG org.hibernate.type.BasicTypeRegistry               - Adding type registration big_integer -> org.hibernate.type.BasicTypeReference@3e14d390
2025-10-08 14:05:37,391 [main] DEBUG org.hibernate.type.BasicTypeRegistry               - Adding type registration java.math.BigInteger -> org.hibernate.type.BasicTypeReference@3e14d390
2025-10-08 14:05:37,391 [main] DEBUG org.hibernate.type.BasicTypeRegistry               - Adding type registration big_decimal -> org.hibernate.type.BasicTypeReference@5eb87338
2025-10-08 14:05:37,391 [main] DEBUG org.hibernate.type.BasicTypeRegistry               - Adding type registration java.math.BigDecimal -> org.hibernate.type.BasicTypeReference@5eb87338
2025-10-08 14:05:37,391 [main] DEBUG org.hibernate.type.BasicTypeRegistry               - Adding type registration character -> org.hibernate.type.BasicTypeReference@2b999ee8
2025-10-08 14:05:37,391 [main] DEBUG org.hibernate.type.BasicTypeRegistry               - Adding type registration char -> org.hibernate.type.BasicTypeReference@2b999ee8
2025-10-08 14:05:37,391 [main] DEBUG org.hibernate.type.BasicTypeRegistry               - Adding type registration java.lang.Character -> org.hibernate.type.BasicTypeReference@2b999ee8
2025-10-08 14:05:37,391 [main] DEBUG org.hibernate.type.BasicTypeRegistry               - Adding type registration character_nchar -> org.hibernate.type.BasicTypeReference@31ab1e67
2025-10-08 14:05:37,391 [main] DEBUG org.hibernate.type.BasicTypeRegistry               - Adding type registration string -> org.hibernate.type.BasicTypeReference@29bbc391
2025-10-08 14:05:37,391 [main] DEBUG org.hibernate.type.BasicTypeRegistry               - Adding type registration java.lang.String -> org.hibernate.type.BasicTypeReference@29bbc391
2025-10-08 14:05:37,392 [main] DEBUG org.hibernate.type.BasicTypeRegistry               - Adding type registration nstring -> org.hibernate.type.BasicTypeReference@3487442d
2025-10-08 14:05:37,392 [main] DEBUG org.hibernate.type.BasicTypeRegistry               - Adding type registration characters -> org.hibernate.type.BasicTypeReference@530ee28b
2025-10-08 14:05:37,392 [main] DEBUG org.hibernate.type.BasicTypeRegistry               - Adding type registration char[] -> org.hibernate.type.BasicTypeReference@530ee28b
2025-10-08 14:05:37,392 [main] DEBUG org.hibernate.type.BasicTypeRegistry               - Adding type registration [C -> org.hibernate.type.BasicTypeReference@530ee28b
2025-10-08 14:05:37,392 [main] DEBUG org.hibernate.type.BasicTypeRegistry               - Adding type registration wrapper-characters -> org.hibernate.type.BasicTypeReference@3a3f96ab
2025-10-08 14:05:37,392 [main] DEBUG org.hibernate.type.BasicTypeRegistry               - Adding type registration text -> org.hibernate.type.BasicTypeReference@4def7d36
2025-10-08 14:05:37,392 [main] DEBUG org.hibernate.type.BasicTypeRegistry               - Adding type registration ntext -> org.hibernate.type.BasicTypeReference@43c7fe8a
2025-10-08 14:05:37,392 [main] DEBUG org.hibernate.type.BasicTypeRegistry               - Adding type registration clob -> org.hibernate.type.BasicTypeReference@67f946c3
2025-10-08 14:05:37,392 [main] DEBUG org.hibernate.type.BasicTypeRegistry               - Adding type registration java.sql.Clob -> org.hibernate.type.BasicTypeReference@67f946c3
2025-10-08 14:05:37,392 [main] DEBUG org.hibernate.type.BasicTypeRegistry               - Adding type registration nclob -> org.hibernate.type.BasicTypeReference@21b51e59
2025-10-08 14:05:37,392 [main] DEBUG org.hibernate.type.BasicTypeRegistry               - Adding type registration java.sql.NClob -> org.hibernate.type.BasicTypeReference@21b51e59
2025-10-08 14:05:37,392 [main] DEBUG org.hibernate.type.BasicTypeRegistry               - Adding type registration materialized_clob -> org.hibernate.type.BasicTypeReference@1785d194
2025-10-08 14:05:37,392 [main] DEBUG org.hibernate.type.BasicTypeRegistry               - Adding type registration materialized_clob_char_array -> org.hibernate.type.BasicTypeReference@6b4a4e40
2025-10-08 14:05:37,392 [main] DEBUG org.hibernate.type.BasicTypeRegistry               - Adding type registration materialized_clob_character_array -> org.hibernate.type.BasicTypeReference@46a8c2b4
2025-10-08 14:05:37,392 [main] DEBUG org.hibernate.type.BasicTypeRegistry               - Adding type registration materialized_nclob -> org.hibernate.type.BasicTypeReference@4f664bee
2025-10-08 14:05:37,392 [main] DEBUG org.hibernate.type.BasicTypeRegistry               - Adding type registration materialized_nclob_character_array -> org.hibernate.type.BasicTypeReference@76563ae7
2025-10-08 14:05:37,392 [main] DEBUG org.hibernate.type.BasicTypeRegistry               - Adding type registration materialized_nclob_char_array -> org.hibernate.type.BasicTypeReference@4fd74223
2025-10-08 14:05:37,392 [main] DEBUG org.hibernate.type.BasicTypeRegistry               - Adding type registration Duration -> org.hibernate.type.BasicTypeReference@4fea840f
2025-10-08 14:05:37,392 [main] DEBUG org.hibernate.type.BasicTypeRegistry               - Adding type registration java.time.Duration -> org.hibernate.type.BasicTypeReference@4fea840f
2025-10-08 14:05:37,392 [main] DEBUG org.hibernate.type.BasicTypeRegistry               - Adding type registration LocalDateTime -> org.hibernate.type.BasicTypeReference@32ae8f27
2025-10-08 14:05:37,392 [main] DEBUG org.hibernate.type.BasicTypeRegistry               - Adding type registration java.time.LocalDateTime -> org.hibernate.type.BasicTypeReference@32ae8f27
2025-10-08 14:05:37,392 [main] DEBUG org.hibernate.type.BasicTypeRegistry               - Adding type registration LocalDate -> org.hibernate.type.BasicTypeReference@75e80a97
2025-10-08 14:05:37,392 [main] DEBUG org.hibernate.type.BasicTypeRegistry               - Adding type registration java.time.LocalDate -> org.hibernate.type.BasicTypeReference@75e80a97
2025-10-08 14:05:37,392 [main] DEBUG org.hibernate.type.BasicTypeRegistry               - Adding type registration LocalTime -> org.hibernate.type.BasicTypeReference@5b8853
2025-10-08 14:05:37,392 [main] DEBUG org.hibernate.type.BasicTypeRegistry               - Adding type registration java.time.LocalTime -> org.hibernate.type.BasicTypeReference@5b8853
2025-10-08 14:05:37,392 [main] DEBUG org.hibernate.type.BasicTypeRegistry               - Adding type registration OffsetDateTime -> org.hibernate.type.BasicTypeReference@1b8aaeab
2025-10-08 14:05:37,392 [main] DEBUG org.hibernate.type.BasicTypeRegistry               - Adding type registration java.time.OffsetDateTime -> org.hibernate.type.BasicTypeReference@1b8aaeab
2025-10-08 14:05:37,393 [main] DEBUG org.hibernate.type.BasicTypeRegistry               - Adding type registration OffsetDateTimeWithTimezone -> org.hibernate.type.BasicTypeReference@5d1bdd4a
2025-10-08 14:05:37,393 [main] DEBUG org.hibernate.type.BasicTypeRegistry               - Adding type registration OffsetDateTimeWithoutTimezone -> org.hibernate.type.BasicTypeReference@6812c8cc
2025-10-08 14:05:37,393 [main] DEBUG org.hibernate.type.BasicTypeRegistry               - Adding type registration OffsetTime -> org.hibernate.type.BasicTypeReference@3457cc8d
2025-10-08 14:05:37,393 [main] DEBUG org.hibernate.type.BasicTypeRegistry               - Adding type registration java.time.OffsetTime -> org.hibernate.type.BasicTypeReference@3457cc8d
2025-10-08 14:05:37,393 [main] DEBUG org.hibernate.type.BasicTypeRegistry               - Adding type registration OffsetTimeUtc -> org.hibernate.type.BasicTypeReference@7a66c35a
2025-10-08 14:05:37,393 [main] DEBUG org.hibernate.type.BasicTypeRegistry               - Adding type registration OffsetTimeWithTimezone -> org.hibernate.type.BasicTypeReference@7994a0d1
2025-10-08 14:05:37,393 [main] DEBUG org.hibernate.type.BasicTypeRegistry               - Adding type registration OffsetTimeWithoutTimezone -> org.hibernate.type.BasicTypeReference@73e4387
2025-10-08 14:05:37,393 [main] DEBUG org.hibernate.type.BasicTypeRegistry               - Adding type registration ZonedDateTime -> org.hibernate.type.BasicTypeReference@d87d449
2025-10-08 14:05:37,393 [main] DEBUG org.hibernate.type.BasicTypeRegistry               - Adding type registration java.time.ZonedDateTime -> org.hibernate.type.BasicTypeReference@d87d449
2025-10-08 14:05:37,393 [main] DEBUG org.hibernate.type.BasicTypeRegistry               - Adding type registration ZonedDateTimeWithTimezone -> org.hibernate.type.BasicTypeReference@4137aab0
2025-10-08 14:05:37,393 [main] DEBUG org.hibernate.type.BasicTypeRegistry               - Adding type registration ZonedDateTimeWithoutTimezone -> org.hibernate.type.BasicTypeReference@1df9186f
2025-10-08 14:05:37,393 [main] DEBUG org.hibernate.type.BasicTypeRegistry               - Adding type registration date -> org.hibernate.type.BasicTypeReference@682e422c
2025-10-08 14:05:37,393 [main] DEBUG org.hibernate.type.BasicTypeRegistry               - Adding type registration java.sql.Date -> org.hibernate.type.BasicTypeReference@682e422c
2025-10-08 14:05:37,393 [main] DEBUG org.hibernate.type.BasicTypeRegistry               - Adding type registration time -> org.hibernate.type.BasicTypeReference@5bb8e6fc
2025-10-08 14:05:37,393 [main] DEBUG org.hibernate.type.BasicTypeRegistry               - Adding type registration java.sql.Time -> org.hibernate.type.BasicTypeReference@5bb8e6fc
2025-10-08 14:05:37,393 [main] DEBUG org.hibernate.type.BasicTypeRegistry               - Adding type registration timestamp -> org.hibernate.type.BasicTypeReference@2726a511
2025-10-08 14:05:37,393 [main] DEBUG org.hibernate.type.BasicTypeRegistry               - Adding type registration java.sql.Timestamp -> org.hibernate.type.BasicTypeReference@2726a511
2025-10-08 14:05:37,393 [main] DEBUG org.hibernate.type.BasicTypeRegistry               - Adding type registration java.util.Date -> org.hibernate.type.BasicTypeReference@2726a511
2025-10-08 14:05:37,393 [main] DEBUG org.hibernate.type.BasicTypeRegistry               - Adding type registration calendar -> org.hibernate.type.BasicTypeReference@72c9ebfa
2025-10-08 14:05:37,393 [main] DEBUG org.hibernate.type.BasicTypeRegistry               - Adding type registration java.util.Calendar -> org.hibernate.type.BasicTypeReference@72c9ebfa
2025-10-08 14:05:37,393 [main] DEBUG org.hibernate.type.BasicTypeRegistry               - Adding type registration java.util.GregorianCalendar -> org.hibernate.type.BasicTypeReference@72c9ebfa
2025-10-08 14:05:37,393 [main] DEBUG org.hibernate.type.BasicTypeRegistry               - Adding type registration calendar_date -> org.hibernate.type.BasicTypeReference@686cf8ad
2025-10-08 14:05:37,393 [main] DEBUG org.hibernate.type.BasicTypeRegistry               - Adding type registration calendar_time -> org.hibernate.type.BasicTypeReference@747f6c5a
2025-10-08 14:05:37,393 [main] DEBUG org.hibernate.type.BasicTypeRegistry               - Adding type registration instant -> org.hibernate.type.BasicTypeReference@66e341e9
2025-10-08 14:05:37,393 [main] DEBUG org.hibernate.type.BasicTypeRegistry               - Adding type registration java.time.Instant -> org.hibernate.type.BasicTypeReference@66e341e9
2025-10-08 14:05:37,393 [main] DEBUG org.hibernate.type.BasicTypeRegistry               - Adding type registration uuid -> org.hibernate.type.BasicTypeReference@5b48f0f4
2025-10-08 14:05:37,393 [main] DEBUG org.hibernate.type.BasicTypeRegistry               - Adding type registration java.util.UUID -> org.hibernate.type.BasicTypeReference@5b48f0f4
2025-10-08 14:05:37,393 [main] DEBUG org.hibernate.type.BasicTypeRegistry               - Adding type registration pg-uuid -> org.hibernate.type.BasicTypeReference@5b48f0f4
2025-10-08 14:05:37,393 [main] DEBUG org.hibernate.type.BasicTypeRegistry               - Adding type registration uuid-binary -> org.hibernate.type.BasicTypeReference@546ed2a0
2025-10-08 14:05:37,393 [main] DEBUG org.hibernate.type.BasicTypeRegistry               - Adding type registration uuid-char -> org.hibernate.type.BasicTypeReference@5bfc79cb
2025-10-08 14:05:37,393 [main] DEBUG org.hibernate.type.BasicTypeRegistry               - Adding type registration class -> org.hibernate.type.BasicTypeReference@27ec8754
2025-10-08 14:05:37,393 [main] DEBUG org.hibernate.type.BasicTypeRegistry               - Adding type registration java.lang.Class -> org.hibernate.type.BasicTypeReference@27ec8754
2025-10-08 14:05:37,393 [main] DEBUG org.hibernate.type.BasicTypeRegistry               - Adding type registration currency -> org.hibernate.type.BasicTypeReference@3bbf1c0d
2025-10-08 14:05:37,393 [main] DEBUG org.hibernate.type.BasicTypeRegistry               - Adding type registration Currency -> org.hibernate.type.BasicTypeReference@3bbf1c0d
2025-10-08 14:05:37,394 [main] DEBUG org.hibernate.type.BasicTypeRegistry               - Adding type registration java.util.Currency -> org.hibernate.type.BasicTypeReference@3bbf1c0d
2025-10-08 14:05:37,394 [main] DEBUG org.hibernate.type.BasicTypeRegistry               - Adding type registration locale -> org.hibernate.type.BasicTypeReference@19662208
2025-10-08 14:05:37,394 [main] DEBUG org.hibernate.type.BasicTypeRegistry               - Adding type registration java.util.Locale -> org.hibernate.type.BasicTypeReference@19662208
2025-10-08 14:05:37,394 [main] DEBUG org.hibernate.type.BasicTypeRegistry               - Adding type registration serializable -> org.hibernate.type.BasicTypeReference@216c22ce
2025-10-08 14:05:37,394 [main] DEBUG org.hibernate.type.BasicTypeRegistry               - Adding type registration java.io.Serializable -> org.hibernate.type.BasicTypeReference@216c22ce
2025-10-08 14:05:37,394 [main] DEBUG org.hibernate.type.BasicTypeRegistry               - Adding type registration timezone -> org.hibernate.type.BasicTypeReference@62f9c790
2025-10-08 14:05:37,394 [main] DEBUG org.hibernate.type.BasicTypeRegistry               - Adding type registration java.util.TimeZone -> org.hibernate.type.BasicTypeReference@62f9c790
2025-10-08 14:05:37,394 [main] DEBUG org.hibernate.type.BasicTypeRegistry               - Adding type registration ZoneOffset -> org.hibernate.type.BasicTypeReference@21e5f0b6
2025-10-08 14:05:37,394 [main] DEBUG org.hibernate.type.BasicTypeRegistry               - Adding type registration java.time.ZoneOffset -> org.hibernate.type.BasicTypeReference@21e5f0b6
2025-10-08 14:05:37,394 [main] DEBUG org.hibernate.type.BasicTypeRegistry               - Adding type registration url -> org.hibernate.type.BasicTypeReference@93bf0e0
2025-10-08 14:05:37,394 [main] DEBUG org.hibernate.type.BasicTypeRegistry               - Adding type registration java.net.URL -> org.hibernate.type.BasicTypeReference@93bf0e0
2025-10-08 14:05:37,395 [main] DEBUG org.hibernate.type.BasicTypeRegistry               - Adding type registration vector -> org.hibernate.type.BasicTypeReference@4981d95b
2025-10-08 14:05:37,395 [main] DEBUG org.hibernate.type.BasicTypeRegistry               - Adding type registration row_version -> org.hibernate.type.BasicTypeReference@656842bc
2025-10-08 14:05:37,403 [main] DEBUG org.hibernate.type.BasicTypeRegistry               - Adding type registration object -> org.hibernate.type.JavaObjectType@68e2d03e
2025-10-08 14:05:37,404 [main] DEBUG org.hibernate.type.BasicTypeRegistry               - Adding type registration java.lang.Object -> org.hibernate.type.JavaObjectType@68e2d03e
2025-10-08 14:05:37,404 [main] DEBUG org.hibernate.type.BasicTypeRegistry               - Adding type registration null -> org.hibernate.type.NullType@69a5c6be
2025-10-08 14:05:37,405 [main] DEBUG org.hibernate.type.BasicTypeRegistry               - Adding type registration imm_date -> org.hibernate.type.BasicTypeReference@451e2fa9
2025-10-08 14:05:37,405 [main] DEBUG org.hibernate.type.BasicTypeRegistry               - Adding type registration imm_time -> org.hibernate.type.BasicTypeReference@3cb6e0ee
2025-10-08 14:05:37,405 [main] DEBUG org.hibernate.type.BasicTypeRegistry               - Adding type registration imm_timestamp -> org.hibernate.type.BasicTypeReference@7b6141f0
2025-10-08 14:05:37,405 [main] DEBUG org.hibernate.type.BasicTypeRegistry               - Adding type registration imm_calendar -> org.hibernate.type.BasicTypeReference@4fb64a52
2025-10-08 14:05:37,405 [main] DEBUG org.hibernate.type.BasicTypeRegistry               - Adding type registration imm_calendar_date -> org.hibernate.type.BasicTypeReference@70b48eb3
2025-10-08 14:05:37,405 [main] DEBUG org.hibernate.type.BasicTypeRegistry               - Adding type registration imm_calendar_time -> org.hibernate.type.BasicTypeReference@7b8ea1db
2025-10-08 14:05:37,405 [main] DEBUG org.hibernate.type.BasicTypeRegistry               - Adding type registration imm_binary -> org.hibernate.type.BasicTypeReference@a91119b
2025-10-08 14:05:37,405 [main] DEBUG org.hibernate.type.BasicTypeRegistry               - Adding type registration imm_serializable -> org.hibernate.type.BasicTypeReference@77083e41
2025-10-08 14:05:37,519 [main] INFO  o.s.o.j.p.SpringPersistenceUnitInfo                - No LoadTimeWeaver setup: ignoring JPA class transformer
2025-10-08 14:05:37,534 [main] INFO  com.zaxxer.hikari.HikariDataSource                 - HikariPool-1 - Starting...
2025-10-08 14:05:37,811 [main] INFO  com.zaxxer.hikari.pool.HikariPool                  - HikariPool-1 - Added connection com.mysql.cj.jdbc.ConnectionImpl@126675fd
2025-10-08 14:05:37,812 [main] INFO  com.zaxxer.hikari.HikariDataSource                 - HikariPool-1 - Start completed.
2025-10-08 14:05:37,895 [main] WARN  org.hibernate.orm.deprecation                      - HHH90000025: MySQLDialect does not need to be specified explicitly using 'hibernate.dialect' (remove the property setting and it will be selected by default)
2025-10-08 14:05:37,909 [main] DEBUG o.h.t.descriptor.sql.spi.DdlTypeRegistry           - addDescriptor(12, org.hibernate.type.descriptor.sql.internal.CapacityDependentDdlType@7c4ca87c) replaced previous registration(org.hibernate.type.descriptor.sql.internal.CapacityDependentDdlType@6dbbdf92)
2025-10-08 14:05:37,909 [main] DEBUG o.h.t.descriptor.sql.spi.DdlTypeRegistry           - addDescriptor(-9, org.hibernate.type.descriptor.sql.internal.CapacityDependentDdlType@1dbeedff) replaced previous registration(org.hibernate.type.descriptor.sql.internal.CapacityDependentDdlType@62b786dc)
2025-10-08 14:05:37,909 [main] DEBUG o.h.t.descriptor.sql.spi.DdlTypeRegistry           - addDescriptor(-3, org.hibernate.type.descriptor.sql.internal.CapacityDependentDdlType@7ba1cdbe) replaced previous registration(org.hibernate.type.descriptor.sql.internal.CapacityDependentDdlType@48d5ca17)
2025-10-08 14:05:37,909 [main] DEBUG o.h.t.descriptor.sql.spi.DdlTypeRegistry           - addDescriptor(4003, org.hibernate.type.descriptor.sql.internal.DdlTypeImpl@226e07e7) replaced previous registration(org.hibernate.type.descriptor.sql.internal.DdlTypeImpl@7c31e410)
2025-10-08 14:05:37,909 [main] DEBUG o.h.t.descriptor.sql.spi.DdlTypeRegistry           - addDescriptor(4001, org.hibernate.type.descriptor.sql.internal.DdlTypeImpl@9880a15) replaced previous registration(org.hibernate.type.descriptor.sql.internal.DdlTypeImpl@6febec41)
2025-10-08 14:05:37,909 [main] DEBUG o.h.t.descriptor.sql.spi.DdlTypeRegistry           - addDescriptor(4002, org.hibernate.type.descriptor.sql.internal.DdlTypeImpl@3de88f64) replaced previous registration(org.hibernate.type.descriptor.sql.internal.DdlTypeImpl@4e8afdad)
2025-10-08 14:05:37,909 [main] DEBUG o.h.t.descriptor.sql.spi.DdlTypeRegistry           - addDescriptor(2004, org.hibernate.type.descriptor.sql.internal.CapacityDependentDdlType@79b8ecb) replaced previous registration(org.hibernate.type.descriptor.sql.internal.DdlTypeImpl@3722f39d)
2025-10-08 14:05:37,909 [main] DEBUG o.h.t.descriptor.sql.spi.DdlTypeRegistry           - addDescriptor(2005, org.hibernate.type.descriptor.sql.internal.CapacityDependentDdlType@4ec8d9b2) replaced previous registration(org.hibernate.type.descriptor.sql.internal.DdlTypeImpl@57b63253)
2025-10-08 14:05:37,909 [main] DEBUG o.h.t.descriptor.sql.spi.DdlTypeRegistry           - addDescriptor(2011, org.hibernate.type.descriptor.sql.internal.CapacityDependentDdlType@c0013b8) replaced previous registration(org.hibernate.type.descriptor.sql.internal.DdlTypeImpl@2c1ea7be)
2025-10-08 14:05:37,910 [main] DEBUG o.h.t.d.jdbc.spi.JdbcTypeRegistry                  - addDescriptor(NCharTypeDescriptor) replaced previous registration(CharTypeDescriptor)
2025-10-08 14:05:37,910 [main] DEBUG o.h.t.d.jdbc.spi.JdbcTypeRegistry                  - addDescriptor(NVarcharTypeDescriptor) replaced previous registration(VarcharTypeDescriptor)
2025-10-08 14:05:37,910 [main] DEBUG o.h.t.d.jdbc.spi.JdbcTypeRegistry                  - addDescriptor(LongNVarcharTypeDescriptor) replaced previous registration(LongVarcharTypeDescriptor)
2025-10-08 14:05:37,911 [main] DEBUG o.h.t.d.jdbc.spi.JdbcTypeRegistry                  - addDescriptor(NClobTypeDescriptor(DEFAULT)) replaced previous registration(ClobTypeDescriptor(DEFAULT))
2025-10-08 14:05:37,911 [main] DEBUG o.h.t.d.jdbc.spi.JdbcTypeRegistry                  - addDescriptor(2005, ClobTypeDescriptor(STREAM_BINDING)) replaced previous registration(ClobTypeDescriptor(DEFAULT))
2025-10-08 14:05:37,913 [main] DEBUG org.hibernate.type.BasicTypeRegistry               - Adding type registration null -> org.hibernate.type.NullType@2166c48a
2025-10-08 14:05:37,913 [main] DEBUG org.hibernate.type.BasicTypeRegistry               - Type registration key [null] overrode previous entry : `org.hibernate.type.NullType@69a5c6be`
2025-10-08 14:05:37,916 [main] DEBUG org.hibernate.type.BasicTypeRegistry               - Adding type registration org.hibernate.type.DurationType -> basicType@1(java.time.Duration,3015)
2025-10-08 14:05:37,916 [main] DEBUG org.hibernate.type.BasicTypeRegistry               - Adding type registration Duration -> basicType@1(java.time.Duration,3015)
2025-10-08 14:05:37,916 [main] DEBUG org.hibernate.type.BasicTypeRegistry               - Adding type registration java.time.Duration -> basicType@1(java.time.Duration,3015)
2025-10-08 14:05:37,918 [main] DEBUG org.hibernate.type.BasicTypeRegistry               - Adding type registration org.hibernate.type.OffsetDateTimeType -> basicType@2(java.time.OffsetDateTime,3003)
2025-10-08 14:05:37,918 [main] DEBUG org.hibernate.type.BasicTypeRegistry               - Adding type registration OffsetDateTime -> basicType@2(java.time.OffsetDateTime,3003)
2025-10-08 14:05:37,918 [main] DEBUG org.hibernate.type.BasicTypeRegistry               - Adding type registration java.time.OffsetDateTime -> basicType@2(java.time.OffsetDateTime,3003)
2025-10-08 14:05:37,918 [main] DEBUG org.hibernate.type.BasicTypeRegistry               - Adding type registration org.hibernate.type.ZonedDateTimeType -> basicType@3(java.time.ZonedDateTime,3003)
2025-10-08 14:05:37,918 [main] DEBUG org.hibernate.type.BasicTypeRegistry               - Adding type registration ZonedDateTime -> basicType@3(java.time.ZonedDateTime,3003)
2025-10-08 14:05:37,918 [main] DEBUG org.hibernate.type.BasicTypeRegistry               - Adding type registration java.time.ZonedDateTime -> basicType@3(java.time.ZonedDateTime,3003)
2025-10-08 14:05:37,919 [main] DEBUG org.hibernate.type.BasicTypeRegistry               - Adding type registration org.hibernate.type.OffsetTimeType -> basicType@4(java.time.OffsetTime,3007)
2025-10-08 14:05:37,919 [main] DEBUG org.hibernate.type.BasicTypeRegistry               - Adding type registration OffsetTime -> basicType@4(java.time.OffsetTime,3007)
2025-10-08 14:05:37,919 [main] DEBUG org.hibernate.type.BasicTypeRegistry               - Adding type registration java.time.OffsetTime -> basicType@4(java.time.OffsetTime,3007)
2025-10-08 14:05:37,920 [main] DEBUG o.h.type.spi.TypeConfiguration$Scope               - Scoping TypeConfiguration [org.hibernate.type.spi.TypeConfiguration@5950054d] to MetadataBuildingContext [org.hibernate.boot.internal.MetadataBuildingContextRootImpl@24018c8b]
2025-10-08 14:05:38,434 [main] INFO  o.h.m.i.EntityInstantiatorPojoStandard             - HHH000182: No default (no-argument) constructor for class: com.Rest.API.model.Address (class must be instantiated by Interceptor)
2025-10-08 14:05:38,540 [main] INFO  o.h.e.t.j.p.i.JtaPlatformInitiator                 - HHH000489: No JTA platform available (set 'hibernate.transaction.jta.platform' to enable JTA platform integration)
2025-10-08 14:05:38,540 [main] DEBUG o.h.type.spi.TypeConfiguration$Scope               - Scoping TypeConfiguration [org.hibernate.type.spi.TypeConfiguration@5950054d] to SessionFactoryImplementor [org.hibernate.internal.SessionFactoryImpl@11896124]
2025-10-08 14:05:38,583 [main] DEBUG org.hibernate.SQL                                  - create table address (id bigint not null, postal_code varchar(255), street_name varchar(255), employee_id bigint, primary key (id)) engine=InnoDB
2025-10-08 14:05:38,658 [main] DEBUG org.hibernate.SQL                                  - create table address_seq (next_val bigint) engine=InnoDB
2025-10-08 14:05:38,679 [main] DEBUG org.hibernate.SQL                                  - insert into address_seq values ( 1 )
2025-10-08 14:05:38,696 [main] DEBUG org.hibernate.SQL                                  - create table employee (id bigint not null, age integer, employee_name varchar(255), address_id bigint, primary key (id)) engine=InnoDB
2025-10-08 14:05:38,713 [main] DEBUG org.hibernate.SQL                                  - create table employee_seq (next_val bigint) engine=InnoDB
2025-10-08 14:05:38,734 [main] DEBUG org.hibernate.SQL                                  - insert into employee_seq values ( 1 )
2025-10-08 14:05:38,740 [main] DEBUG org.hibernate.SQL                                  - create table student (id bigint not null, age integer, contact varchar(255), dob datetime(6), name varchar(255), reg_no varchar(255), primary key (id)) engine=InnoDB
2025-10-08 14:05:38,776 [main] DEBUG org.hibernate.SQL                                  - create table student_seq (next_val bigint) engine=InnoDB
2025-10-08 14:05:38,827 [main] DEBUG org.hibernate.SQL                                  - insert into student_seq values ( 1 )
2025-10-08 14:05:38,838 [main] DEBUG org.hibernate.SQL                                  - alter table address drop index UK_pnjv1libu2pe8bpd4aeq55242
2025-10-08 14:05:38,909 [main] DEBUG org.hibernate.SQL                                  - alter table address add constraint UK_pnjv1libu2pe8bpd4aeq55242 unique (employee_id)
2025-10-08 14:05:38,967 [main] DEBUG org.hibernate.SQL                                  - alter table employee drop index UK_qrbsk9ljmhfje93me0n7xwdxq
2025-10-08 14:05:38,969 [main] DEBUG org.hibernate.SQL                                  - alter table employee add constraint UK_qrbsk9ljmhfje93me0n7xwdxq unique (address_id)
2025-10-08 14:05:38,985 [main] DEBUG org.hibernate.SQL                                  - alter table address add constraint FKq4m60pqp7shng4u5n9h2346mp foreign key (employee_id) references employee (id)
2025-10-08 14:05:39,026 [main] DEBUG org.hibernate.SQL                                  - alter table employee add constraint FKga73hdtpb67twlr9c1i337tyt foreign key (address_id) references address (id)
2025-10-08 14:05:39,081 [main] TRACE o.h.type.spi.TypeConfiguration$Scope               - Handling #sessionFactoryCreated from [org.hibernate.internal.SessionFactoryImpl@11896124] for TypeConfiguration
2025-10-08 14:05:39,082 [main] INFO  o.s.o.j.LocalContainerEntityManagerFactoryBean     - Initialized JPA EntityManagerFactory for persistence unit 'default'
2025-10-08 14:05:39,321 [main] INFO  o.s.d.j.r.query.QueryEnhancerFactory               - Hibernate is in classpath; If applicable, HQL parser will be used.
2025-10-08 14:05:39,482 [main] WARN  o.s.b.a.o.j.JpaBaseConfiguration$JpaWebConfiguration - spring.jpa.open-in-view is enabled by default. Therefore, database queries may be performed during view rendering. Explicitly configure spring.jpa.open-in-view to disable this warning
2025-10-08 14:05:40,210 [main] INFO  o.apache.coyote.http11.Http11NioProtocol           - Starting ProtocolHandler ["http-nio-8090"]
2025-10-08 14:05:40,214 [main] WARN  o.s.b.w.s.c.AnnotationConfigServletWebServerApplicationContext - Exception encountered during context initialization - cancelling refresh attempt: org.springframework.context.ApplicationContextException: Failed to start bean 'webServerStartStop'
2025-10-08 14:05:40,214 [main] INFO  o.s.o.j.LocalContainerEntityManagerFactoryBean     - Closing JPA EntityManagerFactory for persistence unit 'default'
2025-10-08 14:05:40,215 [main] TRACE o.h.type.spi.TypeConfiguration$Scope               - Handling #sessionFactoryClosed from [org.hibernate.internal.SessionFactoryImpl@11896124] for TypeConfiguration
2025-10-08 14:05:40,215 [main] DEBUG o.h.type.spi.TypeConfiguration$Scope               - Un-scoping TypeConfiguration [org.hibernate.type.spi.TypeConfiguration$Scope@7f6137fb] from SessionFactory [org.hibernate.internal.SessionFactoryImpl@11896124]
2025-10-08 14:05:40,216 [main] INFO  com.zaxxer.hikari.HikariDataSource                 - HikariPool-1 - Shutdown initiated...
2025-10-08 14:05:40,235 [main] INFO  com.zaxxer.hikari.HikariDataSource                 - HikariPool-1 - Shutdown completed.
2025-10-08 14:05:40,247 [main] INFO  o.s.b.a.l.ConditionEvaluationReportLogger          - 

Error starting ApplicationContext. To display the condition evaluation report re-run your application with 'debug' enabled.
2025-10-08 14:05:40,257 [main] ERROR o.s.b.d.LoggingFailureAnalysisReporter             - 

***************************
APPLICATION FAILED TO START
***************************

Description:

Web server failed to start. Port 8090 was already in use.

Action:

Identify and stop the process that's listening on port 8090 or configure this application to listen on another port.

2025-10-08 14:06:13,026 [main] INFO  com.Rest.API.RestApiApplication                    - Starting RestApiApplication using Java 23.0.2 with PID 79144 (/Users/dineshchandgeetharavichandran/Desktop/Dinesh/Project/Spring-Rest-API/Spring-Boot-Rest-API/target/classes started by dineshchandgeetharavichandran in /Users/dineshchandgeetharavichandran/Desktop/Dinesh/Project/Spring-Rest-API/Spring-Boot-Rest-API)
2025-10-08 14:06:13,027 [main] DEBUG com.Rest.API.RestApiApplication                    - Running with Spring Boot v3.2.4, Spring v6.1.5
2025-10-08 14:06:13,027 [main] INFO  com.Rest.API.RestApiApplication                    - No active profile set, falling back to 1 default profile: "default"
2025-10-08 14:06:13,449 [main] INFO  o.s.d.r.c.RepositoryConfigurationDelegate          - Bootstrapping Spring Data JPA repositories in DEFAULT mode.
2025-10-08 14:06:13,506 [main] INFO  o.s.d.r.c.RepositoryConfigurationDelegate          - Finished Spring Data repository scanning in 53 ms. Found 3 JPA repository interfaces.
2025-10-08 14:06:13,795 [main] INFO  o.s.b.w.embedded.tomcat.TomcatWebServer            - Tomcat initialized with port 8080 (http)
2025-10-08 14:06:13,801 [main] INFO  o.apache.coyote.http11.Http11NioProtocol           - Initializing ProtocolHandler ["http-nio-8080"]
2025-10-08 14:06:13,801 [main] INFO  o.apache.catalina.core.StandardService             - Starting service [Tomcat]
2025-10-08 14:06:13,802 [main] INFO  org.apache.catalina.core.StandardEngine            - Starting Servlet engine: [Apache Tomcat/10.1.19]
2025-10-08 14:06:13,832 [main] INFO  o.a.c.c.C.[Tomcat].[localhost].[/]                 - Initializing Spring embedded WebApplicationContext
2025-10-08 14:06:13,832 [main] INFO  o.s.b.w.s.c.ServletWebServerApplicationContext     - Root WebApplicationContext: initialization completed in 779 ms
2025-10-08 14:06:13,907 [main] INFO  o.hibernate.jpa.internal.util.LogHelper            - HHH000204: Processing PersistenceUnitInfo [name: default]
2025-10-08 14:06:13,936 [main] INFO  org.hibernate.Version                              - HHH000412: Hibernate ORM core version 6.4.4.Final
2025-10-08 14:06:13,951 [main] INFO  o.h.c.internal.RegionFactoryInitiator              - HHH000026: Second-level cache disabled
2025-10-08 14:06:13,987 [main] DEBUG org.hibernate.type.BasicTypeRegistry               - Adding type registration boolean -> org.hibernate.type.BasicTypeReference@7739aac4
2025-10-08 14:06:13,987 [main] DEBUG org.hibernate.type.BasicTypeRegistry               - Adding type registration boolean -> org.hibernate.type.BasicTypeReference@7739aac4
2025-10-08 14:06:13,987 [main] DEBUG org.hibernate.type.BasicTypeRegistry               - Adding type registration java.lang.Boolean -> org.hibernate.type.BasicTypeReference@7739aac4
2025-10-08 14:06:13,987 [main] DEBUG org.hibernate.type.BasicTypeRegistry               - Adding type registration numeric_boolean -> org.hibernate.type.BasicTypeReference@353c6da1
2025-10-08 14:06:13,987 [main] DEBUG org.hibernate.type.BasicTypeRegistry               - Adding type registration org.hibernate.type.NumericBooleanConverter -> org.hibernate.type.BasicTypeReference@353c6da1
2025-10-08 14:06:13,987 [main] DEBUG org.hibernate.type.BasicTypeRegistry               - Adding type registration true_false -> org.hibernate.type.BasicTypeReference@36c07c75
2025-10-08 14:06:13,987 [main] DEBUG org.hibernate.type.BasicTypeRegistry               - Adding type registration org.hibernate.type.TrueFalseConverter -> org.hibernate.type.BasicTypeReference@36c07c75
2025-10-08 14:06:13,988 [main] DEBUG org.hibernate.type.BasicTypeRegistry               - Adding type registration yes_no -> org.hibernate.type.BasicTypeReference@6750e381
2025-10-08 14:06:13,988 [main] DEBUG org.hibernate.type.BasicTypeRegistry               - Adding type registration org.hibernate.type.YesNoConverter -> org.hibernate.type.BasicTypeReference@6750e381
2025-10-08 14:06:13,988 [main] DEBUG org.hibernate.type.BasicTypeRegistry               - Adding type registration byte -> org.hibernate.type.BasicTypeReference@5d850a25
2025-10-08 14:06:13,988 [main] DEBUG org.hibernate.type.BasicTypeRegistry               - Adding type registration byte -> org.hibernate.type.BasicTypeReference@5d850a25
2025-10-08 14:06:13,988 [main] DEBUG org.hibernate.type.BasicTypeRegistry               - Adding type registration java.lang.Byte -> org.hibernate.type.BasicTypeReference@5d850a25
2025-10-08 14:06:13,988 [main] DEBUG org.hibernate.type.BasicTypeRegistry               - Adding type registration binary -> org.hibernate.type.BasicTypeReference@b022551
2025-10-08 14:06:13,988 [main] DEBUG org.hibernate.type.BasicTypeRegistry               - Adding type registration byte[] -> org.hibernate.type.BasicTypeReference@b022551
2025-10-08 14:06:13,988 [main] DEBUG org.hibernate.type.BasicTypeRegistry               - Adding type registration [B -> org.hibernate.type.BasicTypeReference@b022551
2025-10-08 14:06:13,988 [main] DEBUG org.hibernate.type.BasicTypeRegistry               - Adding type registration binary_wrapper -> org.hibernate.type.BasicTypeReference@3e14d390
2025-10-08 14:06:13,988 [main] DEBUG org.hibernate.type.BasicTypeRegistry               - Adding type registration wrapper-binary -> org.hibernate.type.BasicTypeReference@3e14d390
2025-10-08 14:06:13,988 [main] DEBUG org.hibernate.type.BasicTypeRegistry               - Adding type registration image -> org.hibernate.type.BasicTypeReference@5eb87338
2025-10-08 14:06:13,988 [main] DEBUG org.hibernate.type.BasicTypeRegistry               - Adding type registration blob -> org.hibernate.type.BasicTypeReference@2b999ee8
2025-10-08 14:06:13,988 [main] DEBUG org.hibernate.type.BasicTypeRegistry               - Adding type registration java.sql.Blob -> org.hibernate.type.BasicTypeReference@2b999ee8
2025-10-08 14:06:13,988 [main] DEBUG org.hibernate.type.BasicTypeRegistry               - Adding type registration materialized_blob -> org.hibernate.type.BasicTypeReference@31ab1e67
2025-10-08 14:06:13,988 [main] DEBUG org.hibernate.type.BasicTypeRegistry               - Adding type registration materialized_blob_wrapper -> org.hibernate.type.BasicTypeReference@29bbc391
2025-10-08 14:06:13,988 [main] DEBUG org.hibernate.type.BasicTypeRegistry               - Adding type registration short -> org.hibernate.type.BasicTypeReference@3487442d
2025-10-08 14:06:13,988 [main] DEBUG org.hibernate.type.BasicTypeRegistry               - Adding type registration short -> org.hibernate.type.BasicTypeReference@3487442d
2025-10-08 14:06:13,988 [main] DEBUG org.hibernate.type.BasicTypeRegistry               - Adding type registration java.lang.Short -> org.hibernate.type.BasicTypeReference@3487442d
2025-10-08 14:06:13,988 [main] DEBUG org.hibernate.type.BasicTypeRegistry               - Adding type registration integer -> org.hibernate.type.BasicTypeReference@530ee28b
2025-10-08 14:06:13,988 [main] DEBUG org.hibernate.type.BasicTypeRegistry               - Adding type registration int -> org.hibernate.type.BasicTypeReference@530ee28b
2025-10-08 14:06:13,988 [main] DEBUG org.hibernate.type.BasicTypeRegistry               - Adding type registration java.lang.Integer -> org.hibernate.type.BasicTypeReference@530ee28b
2025-10-08 14:06:13,988 [main] DEBUG org.hibernate.type.BasicTypeRegistry               - Adding type registration long -> org.hibernate.type.BasicTypeReference@3a3f96ab
2025-10-08 14:06:13,988 [main] DEBUG org.hibernate.type.BasicTypeRegistry               - Adding type registration long -> org.hibernate.type.BasicTypeReference@3a3f96ab
2025-10-08 14:06:13,988 [main] DEBUG org.hibernate.type.BasicTypeRegistry               - Adding type registration java.lang.Long -> org.hibernate.type.BasicTypeReference@3a3f96ab
2025-10-08 14:06:13,988 [main] DEBUG org.hibernate.type.BasicTypeRegistry               - Adding type registration float -> org.hibernate.type.BasicTypeReference@4def7d36
2025-10-08 14:06:13,988 [main] DEBUG org.hibernate.type.BasicTypeRegistry               - Adding type registration float -> org.hibernate.type.BasicTypeReference@4def7d36
2025-10-08 14:06:13,988 [main] DEBUG org.hibernate.type.BasicTypeRegistry               - Adding type registration java.lang.Float -> org.hibernate.type.BasicTypeReference@4def7d36
2025-10-08 14:06:13,988 [main] DEBUG org.hibernate.type.BasicTypeRegistry               - Adding type registration double -> org.hibernate.type.BasicTypeReference@43c7fe8a
2025-10-08 14:06:13,988 [main] DEBUG org.hibernate.type.BasicTypeRegistry               - Adding type registration double -> org.hibernate.type.BasicTypeReference@43c7fe8a
2025-10-08 14:06:13,988 [main] DEBUG org.hibernate.type.BasicTypeRegistry               - Adding type registration java.lang.Double -> org.hibernate.type.BasicTypeReference@43c7fe8a
2025-10-08 14:06:13,989 [main] DEBUG org.hibernate.type.BasicTypeRegistry               - Adding type registration big_integer -> org.hibernate.type.BasicTypeReference@67f946c3
2025-10-08 14:06:13,989 [main] DEBUG org.hibernate.type.BasicTypeRegistry               - Adding type registration java.math.BigInteger -> org.hibernate.type.BasicTypeReference@67f946c3
2025-10-08 14:06:13,989 [main] DEBUG org.hibernate.type.BasicTypeRegistry               - Adding type registration big_decimal -> org.hibernate.type.BasicTypeReference@21b51e59
2025-10-08 14:06:13,989 [main] DEBUG org.hibernate.type.BasicTypeRegistry               - Adding type registration java.math.BigDecimal -> org.hibernate.type.BasicTypeReference@21b51e59
2025-10-08 14:06:13,989 [main] DEBUG org.hibernate.type.BasicTypeRegistry               - Adding type registration character -> org.hibernate.type.BasicTypeReference@1785d194
2025-10-08 14:06:13,989 [main] DEBUG org.hibernate.type.BasicTypeRegistry               - Adding type registration char -> org.hibernate.type.BasicTypeReference@1785d194
2025-10-08 14:06:13,989 [main] DEBUG org.hibernate.type.BasicTypeRegistry               - Adding type registration java.lang.Character -> org.hibernate.type.BasicTypeReference@1785d194
2025-10-08 14:06:13,989 [main] DEBUG org.hibernate.type.BasicTypeRegistry               - Adding type registration character_nchar -> org.hibernate.type.BasicTypeReference@6b4a4e40
2025-10-08 14:06:13,989 [main] DEBUG org.hibernate.type.BasicTypeRegistry               - Adding type registration string -> org.hibernate.type.BasicTypeReference@46a8c2b4
2025-10-08 14:06:13,989 [main] DEBUG org.hibernate.type.BasicTypeRegistry               - Adding type registration java.lang.String -> org.hibernate.type.BasicTypeReference@46a8c2b4
2025-10-08 14:06:13,989 [main] DEBUG org.hibernate.type.BasicTypeRegistry               - Adding type registration nstring -> org.hibernate.type.BasicTypeReference@4f664bee
2025-10-08 14:06:13,989 [main] DEBUG org.hibernate.type.BasicTypeRegistry               - Adding type registration characters -> org.hibernate.type.BasicTypeReference@76563ae7
2025-10-08 14:06:13,989 [main] DEBUG org.hibernate.type.BasicTypeRegistry               - Adding type registration char[] -> org.hibernate.type.BasicTypeReference@76563ae7
2025-10-08 14:06:13,989 [main] DEBUG org.hibernate.type.BasicTypeRegistry               - Adding type registration [C -> org.hibernate.type.BasicTypeReference@76563ae7
2025-10-08 14:06:13,989 [main] DEBUG org.hibernate.type.BasicTypeRegistry               - Adding type registration wrapper-characters -> org.hibernate.type.BasicTypeReference@4fd74223
2025-10-08 14:06:13,989 [main] DEBUG org.hibernate.type.BasicTypeRegistry               - Adding type registration text -> org.hibernate.type.BasicTypeReference@4fea840f
2025-10-08 14:06:13,989 [main] DEBUG org.hibernate.type.BasicTypeRegistry               - Adding type registration ntext -> org.hibernate.type.BasicTypeReference@32ae8f27
2025-10-08 14:06:13,989 [main] DEBUG org.hibernate.type.BasicTypeRegistry               - Adding type registration clob -> org.hibernate.type.BasicTypeReference@75e80a97
2025-10-08 14:06:13,989 [main] DEBUG org.hibernate.type.BasicTypeRegistry               - Adding type registration java.sql.Clob -> org.hibernate.type.BasicTypeReference@75e80a97
2025-10-08 14:06:13,989 [main] DEBUG org.hibernate.type.BasicTypeRegistry               - Adding type registration nclob -> org.hibernate.type.BasicTypeReference@5b8853
2025-10-08 14:06:13,989 [main] DEBUG org.hibernate.type.BasicTypeRegistry               - Adding type registration java.sql.NClob -> org.hibernate.type.BasicTypeReference@5b8853
2025-10-08 14:06:13,989 [main] DEBUG org.hibernate.type.BasicTypeRegistry               - Adding type registration materialized_clob -> org.hibernate.type.BasicTypeReference@1b8aaeab
2025-10-08 14:06:13,989 [main] DEBUG org.hibernate.type.BasicTypeRegistry               - Adding type registration materialized_clob_char_array -> org.hibernate.type.BasicTypeReference@5d1bdd4a
2025-10-08 14:06:13,989 [main] DEBUG org.hibernate.type.BasicTypeRegistry               - Adding type registration materialized_clob_character_array -> org.hibernate.type.BasicTypeReference@6812c8cc
2025-10-08 14:06:13,989 [main] DEBUG org.hibernate.type.BasicTypeRegistry               - Adding type registration materialized_nclob -> org.hibernate.type.BasicTypeReference@3457cc8d
2025-10-08 14:06:13,990 [main] DEBUG org.hibernate.type.BasicTypeRegistry               - Adding type registration materialized_nclob_character_array -> org.hibernate.type.BasicTypeReference@7a66c35a
2025-10-08 14:06:13,990 [main] DEBUG org.hibernate.type.BasicTypeRegistry               - Adding type registration materialized_nclob_char_array -> org.hibernate.type.BasicTypeReference@7994a0d1
2025-10-08 14:06:13,990 [main] DEBUG org.hibernate.type.BasicTypeRegistry               - Adding type registration Duration -> org.hibernate.type.BasicTypeReference@73e4387
2025-10-08 14:06:13,990 [main] DEBUG org.hibernate.type.BasicTypeRegistry               - Adding type registration java.time.Duration -> org.hibernate.type.BasicTypeReference@73e4387
2025-10-08 14:06:13,990 [main] DEBUG org.hibernate.type.BasicTypeRegistry               - Adding type registration LocalDateTime -> org.hibernate.type.BasicTypeReference@d87d449
2025-10-08 14:06:13,990 [main] DEBUG org.hibernate.type.BasicTypeRegistry               - Adding type registration java.time.LocalDateTime -> org.hibernate.type.BasicTypeReference@d87d449
2025-10-08 14:06:13,990 [main] DEBUG org.hibernate.type.BasicTypeRegistry               - Adding type registration LocalDate -> org.hibernate.type.BasicTypeReference@4137aab0
2025-10-08 14:06:13,990 [main] DEBUG org.hibernate.type.BasicTypeRegistry               - Adding type registration java.time.LocalDate -> org.hibernate.type.BasicTypeReference@4137aab0
2025-10-08 14:06:13,990 [main] DEBUG org.hibernate.type.BasicTypeRegistry               - Adding type registration LocalTime -> org.hibernate.type.BasicTypeReference@1df9186f
2025-10-08 14:06:13,990 [main] DEBUG org.hibernate.type.BasicTypeRegistry               - Adding type registration java.time.LocalTime -> org.hibernate.type.BasicTypeReference@1df9186f
2025-10-08 14:06:13,990 [main] DEBUG org.hibernate.type.BasicTypeRegistry               - Adding type registration OffsetDateTime -> org.hibernate.type.BasicTypeReference@682e422c
2025-10-08 14:06:13,990 [main] DEBUG org.hibernate.type.BasicTypeRegistry               - Adding type registration java.time.OffsetDateTime -> org.hibernate.type.BasicTypeReference@682e422c
2025-10-08 14:06:13,990 [main] DEBUG org.hibernate.type.BasicTypeRegistry               - Adding type registration OffsetDateTimeWithTimezone -> org.hibernate.type.BasicTypeReference@5bb8e6fc
2025-10-08 14:06:13,990 [main] DEBUG org.hibernate.type.BasicTypeRegistry               - Adding type registration OffsetDateTimeWithoutTimezone -> org.hibernate.type.BasicTypeReference@2726a511
2025-10-08 14:06:13,990 [main] DEBUG org.hibernate.type.BasicTypeRegistry               - Adding type registration OffsetTime -> org.hibernate.type.BasicTypeReference@72c9ebfa
2025-10-08 14:06:13,990 [main] DEBUG org.hibernate.type.BasicTypeRegistry               - Adding type registration java.time.OffsetTime -> org.hibernate.type.BasicTypeReference@72c9ebfa
2025-10-08 14:06:13,990 [main] DEBUG org.hibernate.type.BasicTypeRegistry               - Adding type registration OffsetTimeUtc -> org.hibernate.type.BasicTypeReference@686cf8ad
2025-10-08 14:06:13,990 [main] DEBUG org.hibernate.type.BasicTypeRegistry               - Adding type registration OffsetTimeWithTimezone -> org.hibernate.type.BasicTypeReference@747f6c5a
2025-10-08 14:06:13,990 [main] DEBUG org.hibernate.type.BasicTypeRegistry               - Adding type registration OffsetTimeWithoutTimezone -> org.hibernate.type.BasicTypeReference@66e341e9
2025-10-08 14:06:13,990 [main] DEBUG org.hibernate.type.BasicTypeRegistry               - Adding type registration ZonedDateTime -> org.hibernate.type.BasicTypeReference@5b48f0f4
2025-10-08 14:06:13,990 [main] DEBUG org.hibernate.type.BasicTypeRegistry               - Adding type registration java.time.ZonedDateTime -> org.hibernate.type.BasicTypeReference@5b48f0f4
2025-10-08 14:06:13,990 [main] DEBUG org.hibernate.type.BasicTypeRegistry               - Adding type registration ZonedDateTimeWithTimezone -> org.hibernate.type.BasicTypeReference@546ed2a0
2025-10-08 14:06:13,990 [main] DEBUG org.hibernate.type.BasicTypeRegistry               - Adding type registration ZonedDateTimeWithoutTimezone -> org.hibernate.type.BasicTypeReference@5bfc79cb
2025-10-08 14:06:13,990 [main] DEBUG org.hibernate.type.BasicTypeRegistry               - Adding type registration date -> org.hibernate.type.BasicTypeReference@27ec8754
2025-10-08 14:06:13,990 [main] DEBUG org.hibernate.type.BasicTypeRegistry               - Adding type registration java.sql.Date -> org.hibernate.type.BasicTypeReference@27ec8754
2025-10-08 14:06:13,990 [main] DEBUG org.hibernate.type.BasicTypeRegistry               - Adding type registration time -> org.hibernate.type.BasicTypeReference@3bbf1c0d
2025-10-08 14:06:13,990 [main] DEBUG org.hibernate.type.BasicTypeRegistry               - Adding type registration java.sql.Time -> org.hibernate.type.BasicTypeReference@3bbf1c0d
2025-10-08 14:06:13,990 [main] DEBUG org.hibernate.type.BasicTypeRegistry               - Adding type registration timestamp -> org.hibernate.type.BasicTypeReference@19662208
2025-10-08 14:06:13,990 [main] DEBUG org.hibernate.type.BasicTypeRegistry               - Adding type registration java.sql.Timestamp -> org.hibernate.type.BasicTypeReference@19662208
2025-10-08 14:06:13,990 [main] DEBUG org.hibernate.type.BasicTypeRegistry               - Adding type registration java.util.Date -> org.hibernate.type.BasicTypeReference@19662208
2025-10-08 14:06:13,991 [main] DEBUG org.hibernate.type.BasicTypeRegistry               - Adding type registration calendar -> org.hibernate.type.BasicTypeReference@216c22ce
2025-10-08 14:06:13,991 [main] DEBUG org.hibernate.type.BasicTypeRegistry               - Adding type registration java.util.Calendar -> org.hibernate.type.BasicTypeReference@216c22ce
2025-10-08 14:06:13,991 [main] DEBUG org.hibernate.type.BasicTypeRegistry               - Adding type registration java.util.GregorianCalendar -> org.hibernate.type.BasicTypeReference@216c22ce
2025-10-08 14:06:13,991 [main] DEBUG org.hibernate.type.BasicTypeRegistry               - Adding type registration calendar_date -> org.hibernate.type.BasicTypeReference@62f9c790
2025-10-08 14:06:13,991 [main] DEBUG org.hibernate.type.BasicTypeRegistry               - Adding type registration calendar_time -> org.hibernate.type.BasicTypeReference@21e5f0b6
2025-10-08 14:06:13,991 [main] DEBUG org.hibernate.type.BasicTypeRegistry               - Adding type registration instant -> org.hibernate.type.BasicTypeReference@93bf0e0
2025-10-08 14:06:13,991 [main] DEBUG org.hibernate.type.BasicTypeRegistry               - Adding type registration java.time.Instant -> org.hibernate.type.BasicTypeReference@93bf0e0
2025-10-08 14:06:13,991 [main] DEBUG org.hibernate.type.BasicTypeRegistry               - Adding type registration uuid -> org.hibernate.type.BasicTypeReference@4981d95b
2025-10-08 14:06:13,991 [main] DEBUG org.hibernate.type.BasicTypeRegistry               - Adding type registration java.util.UUID -> org.hibernate.type.BasicTypeReference@4981d95b
2025-10-08 14:06:13,991 [main] DEBUG org.hibernate.type.BasicTypeRegistry               - Adding type registration pg-uuid -> org.hibernate.type.BasicTypeReference@4981d95b
2025-10-08 14:06:13,991 [main] DEBUG org.hibernate.type.BasicTypeRegistry               - Adding type registration uuid-binary -> org.hibernate.type.BasicTypeReference@656842bc
2025-10-08 14:06:13,991 [main] DEBUG org.hibernate.type.BasicTypeRegistry               - Adding type registration uuid-char -> org.hibernate.type.BasicTypeReference@6b867ee7
2025-10-08 14:06:13,991 [main] DEBUG org.hibernate.type.BasicTypeRegistry               - Adding type registration class -> org.hibernate.type.BasicTypeReference@3dec3f87
2025-10-08 14:06:13,991 [main] DEBUG org.hibernate.type.BasicTypeRegistry               - Adding type registration java.lang.Class -> org.hibernate.type.BasicTypeReference@3dec3f87
2025-10-08 14:06:13,991 [main] DEBUG org.hibernate.type.BasicTypeRegistry               - Adding type registration currency -> org.hibernate.type.BasicTypeReference@7a606260
2025-10-08 14:06:13,991 [main] DEBUG org.hibernate.type.BasicTypeRegistry               - Adding type registration Currency -> org.hibernate.type.BasicTypeReference@7a606260
2025-10-08 14:06:13,991 [main] DEBUG org.hibernate.type.BasicTypeRegistry               - Adding type registration java.util.Currency -> org.hibernate.type.BasicTypeReference@7a606260
2025-10-08 14:06:13,991 [main] DEBUG org.hibernate.type.BasicTypeRegistry               - Adding type registration locale -> org.hibernate.type.BasicTypeReference@5dbab232
2025-10-08 14:06:13,991 [main] DEBUG org.hibernate.type.BasicTypeRegistry               - Adding type registration java.util.Locale -> org.hibernate.type.BasicTypeReference@5dbab232
2025-10-08 14:06:13,991 [main] DEBUG org.hibernate.type.BasicTypeRegistry               - Adding type registration serializable -> org.hibernate.type.BasicTypeReference@5939e24
2025-10-08 14:06:13,991 [main] DEBUG org.hibernate.type.BasicTypeRegistry               - Adding type registration java.io.Serializable -> org.hibernate.type.BasicTypeReference@5939e24
2025-10-08 14:06:13,991 [main] DEBUG org.hibernate.type.BasicTypeRegistry               - Adding type registration timezone -> org.hibernate.type.BasicTypeReference@595f9916
2025-10-08 14:06:13,991 [main] DEBUG org.hibernate.type.BasicTypeRegistry               - Adding type registration java.util.TimeZone -> org.hibernate.type.BasicTypeReference@595f9916
2025-10-08 14:06:13,991 [main] DEBUG org.hibernate.type.BasicTypeRegistry               - Adding type registration ZoneOffset -> org.hibernate.type.BasicTypeReference@2055833f
2025-10-08 14:06:13,991 [main] DEBUG org.hibernate.type.BasicTypeRegistry               - Adding type registration java.time.ZoneOffset -> org.hibernate.type.BasicTypeReference@2055833f
2025-10-08 14:06:13,991 [main] DEBUG org.hibernate.type.BasicTypeRegistry               - Adding type registration url -> org.hibernate.type.BasicTypeReference@28768e25
2025-10-08 14:06:13,991 [main] DEBUG org.hibernate.type.BasicTypeRegistry               - Adding type registration java.net.URL -> org.hibernate.type.BasicTypeReference@28768e25
2025-10-08 14:06:13,991 [main] DEBUG org.hibernate.type.BasicTypeRegistry               - Adding type registration vector -> org.hibernate.type.BasicTypeReference@310d57b1
2025-10-08 14:06:13,991 [main] DEBUG org.hibernate.type.BasicTypeRegistry               - Adding type registration row_version -> org.hibernate.type.BasicTypeReference@143fefaf
2025-10-08 14:06:13,996 [main] DEBUG org.hibernate.type.BasicTypeRegistry               - Adding type registration object -> org.hibernate.type.JavaObjectType@175c5c3a
2025-10-08 14:06:13,996 [main] DEBUG org.hibernate.type.BasicTypeRegistry               - Adding type registration java.lang.Object -> org.hibernate.type.JavaObjectType@175c5c3a
2025-10-08 14:06:13,997 [main] DEBUG org.hibernate.type.BasicTypeRegistry               - Adding type registration null -> org.hibernate.type.NullType@231df705
2025-10-08 14:06:13,997 [main] DEBUG org.hibernate.type.BasicTypeRegistry               - Adding type registration imm_date -> org.hibernate.type.BasicTypeReference@2d130ac4
2025-10-08 14:06:13,997 [main] DEBUG org.hibernate.type.BasicTypeRegistry               - Adding type registration imm_time -> org.hibernate.type.BasicTypeReference@194012a2
2025-10-08 14:06:13,997 [main] DEBUG org.hibernate.type.BasicTypeRegistry               - Adding type registration imm_timestamp -> org.hibernate.type.BasicTypeReference@55296b50
2025-10-08 14:06:13,997 [main] DEBUG org.hibernate.type.BasicTypeRegistry               - Adding type registration imm_calendar -> org.hibernate.type.BasicTypeReference@60591e1b
2025-10-08 14:06:13,997 [main] DEBUG org.hibernate.type.BasicTypeRegistry               - Adding type registration imm_calendar_date -> org.hibernate.type.BasicTypeReference@29c53c4f
2025-10-08 14:06:13,997 [main] DEBUG org.hibernate.type.BasicTypeRegistry               - Adding type registration imm_calendar_time -> org.hibernate.type.BasicTypeReference@3009eed7
2025-10-08 14:06:13,997 [main] DEBUG org.hibernate.type.BasicTypeRegistry               - Adding type registration imm_binary -> org.hibernate.type.BasicTypeReference@2ee4706d
2025-10-08 14:06:13,997 [main] DEBUG org.hibernate.type.BasicTypeRegistry               - Adding type registration imm_serializable -> org.hibernate.type.BasicTypeReference@6650a6c
2025-10-08 14:06:14,104 [main] INFO  o.s.o.j.p.SpringPersistenceUnitInfo                - No LoadTimeWeaver setup: ignoring JPA class transformer
2025-10-08 14:06:14,120 [main] INFO  com.zaxxer.hikari.HikariDataSource                 - HikariPool-1 - Starting...
2025-10-08 14:06:14,360 [main] INFO  com.zaxxer.hikari.pool.HikariPool                  - HikariPool-1 - Added connection com.mysql.cj.jdbc.ConnectionImpl@1242d96b
2025-10-08 14:06:14,361 [main] INFO  com.zaxxer.hikari.HikariDataSource                 - HikariPool-1 - Start completed.
2025-10-08 14:06:14,395 [main] WARN  org.hibernate.orm.deprecation                      - HHH90000025: MySQLDialect does not need to be specified explicitly using 'hibernate.dialect' (remove the property setting and it will be selected by default)
2025-10-08 14:06:14,408 [main] DEBUG o.h.t.descriptor.sql.spi.DdlTypeRegistry           - addDescriptor(12, org.hibernate.type.descriptor.sql.internal.CapacityDependentDdlType@3de88f64) replaced previous registration(org.hibernate.type.descriptor.sql.internal.CapacityDependentDdlType@4e8afdad)
2025-10-08 14:06:14,408 [main] DEBUG o.h.t.descriptor.sql.spi.DdlTypeRegistry           - addDescriptor(-9, org.hibernate.type.descriptor.sql.internal.CapacityDependentDdlType@79b8ecb) replaced previous registration(org.hibernate.type.descriptor.sql.internal.CapacityDependentDdlType@3722f39d)
2025-10-08 14:06:14,408 [main] DEBUG o.h.t.descriptor.sql.spi.DdlTypeRegistry           - addDescriptor(-3, org.hibernate.type.descriptor.sql.internal.CapacityDependentDdlType@4ec8d9b2) replaced previous registration(org.hibernate.type.descriptor.sql.internal.CapacityDependentDdlType@57b63253)
2025-10-08 14:06:14,408 [main] DEBUG o.h.t.descriptor.sql.spi.DdlTypeRegistry           - addDescriptor(4003, org.hibernate.type.descriptor.sql.internal.DdlTypeImpl@c0013b8) replaced previous registration(org.hibernate.type.descriptor.sql.internal.DdlTypeImpl@2c1ea7be)
2025-10-08 14:06:14,408 [main] DEBUG o.h.t.descriptor.sql.spi.DdlTypeRegistry           - addDescriptor(4001, org.hibernate.type.descriptor.sql.internal.DdlTypeImpl@2493eec6) replaced previous registration(org.hibernate.type.descriptor.sql.internal.DdlTypeImpl@42d174ad)
2025-10-08 14:06:14,408 [main] DEBUG o.h.t.descriptor.sql.spi.DdlTypeRegistry           - addDescriptor(4002, org.hibernate.type.descriptor.sql.internal.DdlTypeImpl@4ec0229c) replaced previous registration(org.hibernate.type.descriptor.sql.internal.DdlTypeImpl@173a5fad)
2025-10-08 14:06:14,408 [main] DEBUG o.h.t.descriptor.sql.spi.DdlTypeRegistry           - addDescriptor(2004, org.hibernate.type.descriptor.sql.internal.CapacityDependentDdlType@2ce47652) replaced previous registration(org.hibernate.type.descriptor.sql.internal.DdlTypeImpl@65d90b7f)
2025-10-08 14:06:14,408 [main] DEBUG o.h.t.descriptor.sql.spi.DdlTypeRegistry           - addDescriptor(2005, org.hibernate.type.descriptor.sql.internal.CapacityDependentDdlType@2a42019a) replaced previous registration(org.hibernate.type.descriptor.sql.internal.DdlTypeImpl@6fc0e448)
2025-10-08 14:06:14,408 [main] DEBUG o.h.t.descriptor.sql.spi.DdlTypeRegistry           - addDescriptor(2011, org.hibernate.type.descriptor.sql.internal.CapacityDependentDdlType@60194904) replaced previous registration(org.hibernate.type.descriptor.sql.internal.DdlTypeImpl@4db6348b)
2025-10-08 14:06:14,409 [main] DEBUG o.h.t.d.jdbc.spi.JdbcTypeRegistry                  - addDescriptor(NCharTypeDescriptor) replaced previous registration(CharTypeDescriptor)
2025-10-08 14:06:14,409 [main] DEBUG o.h.t.d.jdbc.spi.JdbcTypeRegistry                  - addDescriptor(NVarcharTypeDescriptor) replaced previous registration(VarcharTypeDescriptor)
2025-10-08 14:06:14,409 [main] DEBUG o.h.t.d.jdbc.spi.JdbcTypeRegistry                  - addDescriptor(LongNVarcharTypeDescriptor) replaced previous registration(LongVarcharTypeDescriptor)
2025-10-08 14:06:14,410 [main] DEBUG o.h.t.d.jdbc.spi.JdbcTypeRegistry                  - addDescriptor(NClobTypeDescriptor(DEFAULT)) replaced previous registration(ClobTypeDescriptor(DEFAULT))
2025-10-08 14:06:14,410 [main] DEBUG o.h.t.d.jdbc.spi.JdbcTypeRegistry                  - addDescriptor(2005, ClobTypeDescriptor(STREAM_BINDING)) replaced previous registration(ClobTypeDescriptor(DEFAULT))
2025-10-08 14:06:14,411 [main] DEBUG org.hibernate.type.BasicTypeRegistry               - Adding type registration null -> org.hibernate.type.NullType@4ffe3d42
2025-10-08 14:06:14,411 [main] DEBUG org.hibernate.type.BasicTypeRegistry               - Type registration key [null] overrode previous entry : `org.hibernate.type.NullType@231df705`
2025-10-08 14:06:14,413 [main] DEBUG org.hibernate.type.BasicTypeRegistry               - Adding type registration org.hibernate.type.DurationType -> basicType@1(java.time.Duration,3015)
2025-10-08 14:06:14,413 [main] DEBUG org.hibernate.type.BasicTypeRegistry               - Adding type registration Duration -> basicType@1(java.time.Duration,3015)
2025-10-08 14:06:14,414 [main] DEBUG org.hibernate.type.BasicTypeRegistry               - Adding type registration java.time.Duration -> basicType@1(java.time.Duration,3015)
2025-10-08 14:06:14,415 [main] DEBUG org.hibernate.type.BasicTypeRegistry               - Adding type registration org.hibernate.type.OffsetDateTimeType -> basicType@2(java.time.OffsetDateTime,3003)
2025-10-08 14:06:14,415 [main] DEBUG org.hibernate.type.BasicTypeRegistry               - Adding type registration OffsetDateTime -> basicType@2(java.time.OffsetDateTime,3003)
2025-10-08 14:06:14,415 [main] DEBUG org.hibernate.type.BasicTypeRegistry               - Adding type registration java.time.OffsetDateTime -> basicType@2(java.time.OffsetDateTime,3003)
2025-10-08 14:06:14,415 [main] DEBUG org.hibernate.type.BasicTypeRegistry               - Adding type registration org.hibernate.type.ZonedDateTimeType -> basicType@3(java.time.ZonedDateTime,3003)
2025-10-08 14:06:14,415 [main] DEBUG org.hibernate.type.BasicTypeRegistry               - Adding type registration ZonedDateTime -> basicType@3(java.time.ZonedDateTime,3003)
2025-10-08 14:06:14,415 [main] DEBUG org.hibernate.type.BasicTypeRegistry               - Adding type registration java.time.ZonedDateTime -> basicType@3(java.time.ZonedDateTime,3003)
2025-10-08 14:06:14,415 [main] DEBUG org.hibernate.type.BasicTypeRegistry               - Adding type registration org.hibernate.type.OffsetTimeType -> basicType@4(java.time.OffsetTime,3007)
2025-10-08 14:06:14,415 [main] DEBUG org.hibernate.type.BasicTypeRegistry               - Adding type registration OffsetTime -> basicType@4(java.time.OffsetTime,3007)
2025-10-08 14:06:14,415 [main] DEBUG org.hibernate.type.BasicTypeRegistry               - Adding type registration java.time.OffsetTime -> basicType@4(java.time.OffsetTime,3007)
2025-10-08 14:06:14,416 [main] DEBUG o.h.type.spi.TypeConfiguration$Scope               - Scoping TypeConfiguration [org.hibernate.type.spi.TypeConfiguration@58f290bc] to MetadataBuildingContext [org.hibernate.boot.internal.MetadataBuildingContextRootImpl@3220c28]
2025-10-08 14:06:14,794 [main] INFO  o.h.m.i.EntityInstantiatorPojoStandard             - HHH000182: No default (no-argument) constructor for class: com.Rest.API.model.Address (class must be instantiated by Interceptor)
2025-10-08 14:06:14,893 [main] INFO  o.h.e.t.j.p.i.JtaPlatformInitiator                 - HHH000489: No JTA platform available (set 'hibernate.transaction.jta.platform' to enable JTA platform integration)
2025-10-08 14:06:14,893 [main] DEBUG o.h.type.spi.TypeConfiguration$Scope               - Scoping TypeConfiguration [org.hibernate.type.spi.TypeConfiguration@58f290bc] to SessionFactoryImplementor [org.hibernate.internal.SessionFactoryImpl@4e826fd4]
2025-10-08 14:06:15,049 [main] TRACE o.h.type.spi.TypeConfiguration$Scope               - Handling #sessionFactoryCreated from [org.hibernate.internal.SessionFactoryImpl@4e826fd4] for TypeConfiguration
2025-10-08 14:06:15,049 [main] INFO  o.s.o.j.LocalContainerEntityManagerFactoryBean     - Initialized JPA EntityManagerFactory for persistence unit 'default'
2025-10-08 14:06:15,206 [main] INFO  o.s.d.j.r.query.QueryEnhancerFactory               - Hibernate is in classpath; If applicable, HQL parser will be used.
2025-10-08 14:06:15,379 [main] WARN  o.s.b.a.o.j.JpaBaseConfiguration$JpaWebConfiguration - spring.jpa.open-in-view is enabled by default. Therefore, database queries may be performed during view rendering. Explicitly configure spring.jpa.open-in-view to disable this warning
2025-10-08 14:06:15,913 [main] INFO  o.apache.coyote.http11.Http11NioProtocol           - Starting ProtocolHandler ["http-nio-8080"]
2025-10-08 14:06:15,922 [main] INFO  o.s.b.w.embedded.tomcat.TomcatWebServer            - Tomcat started on port 8080 (http) with context path ''
2025-10-08 14:06:15,929 [main] INFO  com.Rest.API.RestApiApplication                    - Started RestApiApplication in 3.099 seconds (process running for 3.517)
2025-10-08 14:09:17,429 [http-nio-8080-exec-1] INFO  o.a.c.c.C.[Tomcat].[localhost].[/]                 - Initializing Spring DispatcherServlet 'dispatcherServlet'
2025-10-08 14:09:17,430 [http-nio-8080-exec-1] INFO  o.s.web.servlet.DispatcherServlet                  - Initializing Servlet 'dispatcherServlet'
2025-10-08 14:09:17,433 [http-nio-8080-exec-1] INFO  o.s.web.servlet.DispatcherServlet                  - Completed initialization in 3 ms
2025-10-08 14:09:18,091 [http-nio-8080-exec-1] DEBUG org.hibernate.SQL                                  - select e1_0.id,e1_0.address_id,e1_0.age,e1_0.employee_name from employee e1_0
2025-10-08 14:10:01,799 [http-nio-8080-exec-3] DEBUG org.hibernate.SQL                                  - select next_val as id_val from address_seq for update
2025-10-08 14:10:01,820 [http-nio-8080-exec-3] DEBUG org.hibernate.SQL                                  - update address_seq set next_val= ? where next_val=?
2025-10-08 14:10:01,862 [http-nio-8080-exec-3] DEBUG org.hibernate.SQL                                  - insert into address (employee_id,postal_code,street_name,id) values (?,?,?,?)
2025-10-08 14:10:01,875 [http-nio-8080-exec-3] DEBUG org.hibernate.SQL                                  - select next_val as id_val from employee_seq for update
2025-10-08 14:10:01,877 [http-nio-8080-exec-3] DEBUG org.hibernate.SQL                                  - update employee_seq set next_val= ? where next_val=?
2025-10-08 14:10:01,884 [http-nio-8080-exec-3] DEBUG org.hibernate.SQL                                  - insert into employee (address_id,age,employee_name,id) values (?,?,?,?)
2025-10-08 14:10:30,390 [http-nio-8080-exec-4] DEBUG org.hibernate.SQL                                  - select next_val as id_val from address_seq for update
2025-10-08 14:10:30,399 [http-nio-8080-exec-4] DEBUG org.hibernate.SQL                                  - update address_seq set next_val= ? where next_val=?
2025-10-08 14:10:30,433 [http-nio-8080-exec-4] DEBUG org.hibernate.SQL                                  - insert into address (employee_id,postal_code,street_name,id) values (?,?,?,?)
2025-10-08 14:10:30,442 [http-nio-8080-exec-4] DEBUG org.hibernate.SQL                                  - select next_val as id_val from employee_seq for update
2025-10-08 14:10:30,444 [http-nio-8080-exec-4] DEBUG org.hibernate.SQL                                  - update employee_seq set next_val= ? where next_val=?
2025-10-08 14:10:30,448 [http-nio-8080-exec-4] DEBUG org.hibernate.SQL                                  - insert into employee (address_id,age,employee_name,id) values (?,?,?,?)
2025-10-08 14:14:56,076 [http-nio-8080-exec-6] DEBUG org.hibernate.SQL                                  - select e1_0.id,e1_0.address_id,e1_0.age,e1_0.employee_name from employee e1_0
2025-10-08 14:14:56,133 [http-nio-8080-exec-6] DEBUG org.hibernate.SQL                                  - select a1_0.id,e1_0.id,a2_0.id,a2_0.employee_id,a2_0.postal_code,a2_0.street_name,e1_0.age,e1_0.employee_name,a1_0.postal_code,a1_0.street_name from address a1_0 left join employee e1_0 on e1_0.id=a1_0.employee_id left join address a2_0 on a2_0.id=e1_0.address_id where a1_0.id=?
2025-10-08 14:14:56,141 [http-nio-8080-exec-6] INFO  o.h.e.internal.DefaultLoadEventListener            - HHH000327: Error performing load command
org.hibernate.InstantiationException: No default constructor for entity 'com.Rest.API.model.Address'
	at org.hibernate.metamodel.internal.EntityInstantiatorPojoStandard.instantiate(EntityInstantiatorPojoStandard.java:93)
	at org.hibernate.persister.entity.AbstractEntityPersister.instantiate(AbstractEntityPersister.java:4586)
	at org.hibernate.internal.SessionImpl.instantiate(SessionImpl.java:1463)
	at org.hibernate.sql.results.graph.entity.AbstractEntityInitializer.instantiateEntity(AbstractEntityInitializer.java:691)
	at org.hibernate.sql.results.graph.entity.AbstractEntityInitializer.resolveEntityInstance(AbstractEntityInitializer.java:684)
	at org.hibernate.sql.results.graph.entity.AbstractEntityInitializer.resolveInstance(AbstractEntityInitializer.java:650)
	at org.hibernate.sql.results.graph.entity.AbstractEntityInitializer.resolveEntityInstance(AbstractEntityInitializer.java:568)
	at org.hibernate.sql.results.graph.entity.AbstractEntityInitializer.resolveInstance(AbstractEntityInitializer.java:403)
	at org.hibernate.sql.results.internal.InitializersList.resolveInstances(InitializersList.java:88)
	at org.hibernate.sql.results.internal.StandardRowReader.coordinateInitializers(StandardRowReader.java:108)
	at org.hibernate.sql.results.internal.StandardRowReader.readRow(StandardRowReader.java:86)
	at org.hibernate.sql.results.spi.ListResultsConsumer.consume(ListResultsConsumer.java:188)
	at org.hibernate.sql.results.spi.ListResultsConsumer.consume(ListResultsConsumer.java:33)
	at org.hibernate.sql.exec.internal.JdbcSelectExecutorStandardImpl.doExecuteQuery(JdbcSelectExecutorStandardImpl.java:209)
	at org.hibernate.sql.exec.internal.JdbcSelectExecutorStandardImpl.executeQuery(JdbcSelectExecutorStandardImpl.java:83)
	at org.hibernate.sql.exec.spi.JdbcSelectExecutor.list(JdbcSelectExecutor.java:76)
	at org.hibernate.sql.exec.spi.JdbcSelectExecutor.list(JdbcSelectExecutor.java:65)
	at org.hibernate.loader.ast.internal.SingleIdLoadPlan.load(SingleIdLoadPlan.java:145)
	at org.hibernate.loader.ast.internal.SingleIdLoadPlan.load(SingleIdLoadPlan.java:117)
	at org.hibernate.loader.ast.internal.SingleIdEntityLoaderStandardImpl.load(SingleIdEntityLoaderStandardImpl.java:75)
	at org.hibernate.persister.entity.AbstractEntityPersister.doLoad(AbstractEntityPersister.java:3748)
	at org.hibernate.persister.entity.AbstractEntityPersister.load(AbstractEntityPersister.java:3737)
	at org.hibernate.event.internal.DefaultLoadEventListener.loadFromDatasource(DefaultLoadEventListener.java:604)
	at org.hibernate.event.internal.DefaultLoadEventListener.loadFromCacheOrDatasource(DefaultLoadEventListener.java:590)
	at org.hibernate.event.internal.DefaultLoadEventListener.load(DefaultLoadEventListener.java:560)
	at org.hibernate.event.internal.DefaultLoadEventListener.doLoad(DefaultLoadEventListener.java:544)
	at org.hibernate.event.internal.DefaultLoadEventListener.load(DefaultLoadEventListener.java:207)
	at org.hibernate.event.internal.DefaultLoadEventListener.loadWithRegularProxy(DefaultLoadEventListener.java:290)
	at org.hibernate.event.internal.DefaultLoadEventListener.proxyOrLoad(DefaultLoadEventListener.java:242)
	at org.hibernate.event.internal.DefaultLoadEventListener.doOnLoad(DefaultLoadEventListener.java:111)
	at org.hibernate.event.internal.DefaultLoadEventListener.onLoad(DefaultLoadEventListener.java:68)
	at org.hibernate.event.service.internal.EventListenerGroupImpl.fireEventOnEachListener(EventListenerGroupImpl.java:138)
	at org.hibernate.internal.SessionImpl.fireLoadNoChecks(SessionImpl.java:1222)
	at org.hibernate.internal.SessionImpl.internalLoad(SessionImpl.java:1068)
	at org.hibernate.sql.results.graph.entity.internal.EntitySelectFetchInitializer.initializeInstance(EntitySelectFetchInitializer.java:195)
	at org.hibernate.sql.results.internal.InitializersList.initializeInstance(InitializersList.java:70)
	at org.hibernate.sql.results.internal.StandardRowReader.coordinateInitializers(StandardRowReader.java:109)
	at org.hibernate.sql.results.internal.StandardRowReader.readRow(StandardRowReader.java:86)
	at org.hibernate.sql.results.spi.ListResultsConsumer.consume(ListResultsConsumer.java:203)
	at org.hibernate.sql.results.spi.ListResultsConsumer.consume(ListResultsConsumer.java:33)
	at org.hibernate.sql.exec.internal.JdbcSelectExecutorStandardImpl.doExecuteQuery(JdbcSelectExecutorStandardImpl.java:209)
	at org.hibernate.sql.exec.internal.JdbcSelectExecutorStandardImpl.executeQuery(JdbcSelectExecutorStandardImpl.java:83)
	at org.hibernate.sql.exec.spi.JdbcSelectExecutor.list(JdbcSelectExecutor.java:76)
	at org.hibernate.sql.exec.spi.JdbcSelectExecutor.list(JdbcSelectExecutor.java:65)
	at org.hibernate.query.sqm.internal.ConcreteSqmSelectQueryPlan.lambda$new$2(ConcreteSqmSelectQueryPlan.java:137)
	at org.hibernate.query.sqm.internal.ConcreteSqmSelectQueryPlan.withCacheableSqmInterpretation(ConcreteSqmSelectQueryPlan.java:362)
	at org.hibernate.query.sqm.internal.ConcreteSqmSelectQueryPlan.performList(ConcreteSqmSelectQueryPlan.java:303)
	at org.hibernate.query.sqm.internal.QuerySqmImpl.doList(QuerySqmImpl.java:509)
	at org.hibernate.query.spi.AbstractSelectionQuery.list(AbstractSelectionQuery.java:427)
	at org.hibernate.query.Query.getResultList(Query.java:120)
	at org.springframework.data.jpa.repository.support.SimpleJpaRepository.findAll(SimpleJpaRepository.java:383)
	at org.springframework.data.jpa.repository.support.SimpleJpaRepository.findAll(SimpleJpaRepository.java:1)
	at java.base/jdk.internal.reflect.DirectMethodHandleAccessor.invoke(DirectMethodHandleAccessor.java:103)
	at java.base/java.lang.reflect.Method.invoke(Method.java:580)
	at org.springframework.aop.support.AopUtils.invokeJoinpointUsingReflection(AopUtils.java:351)
	at org.springframework.data.repository.core.support.RepositoryMethodInvoker$RepositoryFragmentMethodInvoker.lambda$new$0(RepositoryMethodInvoker.java:277)
	at org.springframework.data.repository.core.support.RepositoryMethodInvoker.doInvoke(RepositoryMethodInvoker.java:170)
	at org.springframework.data.repository.core.support.RepositoryMethodInvoker.invoke(RepositoryMethodInvoker.java:158)
	at org.springframework.data.repository.core.support.RepositoryComposition$RepositoryFragments.invoke(RepositoryComposition.java:516)
	at org.springframework.data.repository.core.support.RepositoryComposition.invoke(RepositoryComposition.java:285)
	at org.springframework.data.repository.core.support.RepositoryFactorySupport$ImplementationMethodExecutionInterceptor.invoke(RepositoryFactorySupport.java:628)
	at org.springframework.aop.framework.ReflectiveMethodInvocation.proceed(ReflectiveMethodInvocation.java:184)
	at org.springframework.data.repository.core.support.QueryExecutorMethodInterceptor.doInvoke(QueryExecutorMethodInterceptor.java:168)
	at org.springframework.data.repository.core.support.QueryExecutorMethodInterceptor.invoke(QueryExecutorMethodInterceptor.java:143)
	at org.springframework.aop.framework.ReflectiveMethodInvocation.proceed(ReflectiveMethodInvocation.java:184)
	at org.springframework.data.projection.DefaultMethodInvokingMethodInterceptor.invoke(DefaultMethodInvokingMethodInterceptor.java:70)
	at org.springframework.aop.framework.ReflectiveMethodInvocation.proceed(ReflectiveMethodInvocation.java:184)
	at org.springframework.transaction.interceptor.TransactionInterceptor$1.proceedWithInvocation(TransactionInterceptor.java:123)
	at org.springframework.transaction.interceptor.TransactionAspectSupport.invokeWithinTransaction(TransactionAspectSupport.java:392)
	at org.springframework.transaction.interceptor.TransactionInterceptor.invoke(TransactionInterceptor.java:119)
	at org.springframework.aop.framework.ReflectiveMethodInvocation.proceed(ReflectiveMethodInvocation.java:184)
	at org.springframework.dao.support.PersistenceExceptionTranslationInterceptor.invoke(PersistenceExceptionTranslationInterceptor.java:137)
	at org.springframework.aop.framework.ReflectiveMethodInvocation.proceed(ReflectiveMethodInvocation.java:184)
	at org.springframework.data.jpa.repository.support.CrudMethodMetadataPostProcessor$CrudMethodMetadataPopulatingMethodInterceptor.invoke(CrudMethodMetadataPostProcessor.java:164)
	at org.springframework.aop.framework.ReflectiveMethodInvocation.proceed(ReflectiveMethodInvocation.java:184)
	at org.springframework.aop.interceptor.ExposeInvocationInterceptor.invoke(ExposeInvocationInterceptor.java:97)
	at org.springframework.aop.framework.ReflectiveMethodInvocation.proceed(ReflectiveMethodInvocation.java:184)
	at org.springframework.aop.framework.JdkDynamicAopProxy.invoke(JdkDynamicAopProxy.java:220)
	at jdk.proxy2/jdk.proxy2.$Proxy122.findAll(Unknown Source)
	at com.Rest.API.service.EmployeeService.getAllEmployees(EmployeeService.java:23)
	at com.Rest.API.web.EmployeeController.getAllEmployees(EmployeeController.java:31)
	at java.base/jdk.internal.reflect.DirectMethodHandleAccessor.invoke(DirectMethodHandleAccessor.java:103)
	at java.base/java.lang.reflect.Method.invoke(Method.java:580)
	at org.springframework.web.method.support.InvocableHandlerMethod.doInvoke(InvocableHandlerMethod.java:255)
	at org.springframework.web.method.support.InvocableHandlerMethod.invokeForRequest(InvocableHandlerMethod.java:188)
	at org.springframework.web.servlet.mvc.method.annotation.ServletInvocableHandlerMethod.invokeAndHandle(ServletInvocableHandlerMethod.java:118)
	at org.springframework.web.servlet.mvc.method.annotation.RequestMappingHandlerAdapter.invokeHandlerMethod(RequestMappingHandlerAdapter.java:925)
	at org.springframework.web.servlet.mvc.method.annotation.RequestMappingHandlerAdapter.handleInternal(RequestMappingHandlerAdapter.java:830)
	at org.springframework.web.servlet.mvc.method.AbstractHandlerMethodAdapter.handle(AbstractHandlerMethodAdapter.java:87)
	at org.springframework.web.servlet.DispatcherServlet.doDispatch(DispatcherServlet.java:1089)
	at org.springframework.web.servlet.DispatcherServlet.doService(DispatcherServlet.java:979)
	at org.springframework.web.servlet.FrameworkServlet.processRequest(FrameworkServlet.java:1014)
	at org.springframework.web.servlet.FrameworkServlet.doGet(FrameworkServlet.java:903)
	at jakarta.servlet.http.HttpServlet.service(HttpServlet.java:564)
	at org.springframework.web.servlet.FrameworkServlet.service(FrameworkServlet.java:885)
	at jakarta.servlet.http.HttpServlet.service(HttpServlet.java:658)
	at org.apache.catalina.core.ApplicationFilterChain.internalDoFilter(ApplicationFilterChain.java:205)
	at org.apache.catalina.core.ApplicationFilterChain.doFilter(ApplicationFilterChain.java:149)
	at org.apache.tomcat.websocket.server.WsFilter.doFilter(WsFilter.java:51)
	at org.apache.catalina.core.ApplicationFilterChain.internalDoFilter(ApplicationFilterChain.java:174)
	at org.apache.catalina.core.ApplicationFilterChain.doFilter(ApplicationFilterChain.java:149)
	at org.springframework.web.filter.RequestContextFilter.doFilterInternal(RequestContextFilter.java:100)
	at org.springframework.web.filter.OncePerRequestFilter.doFilter(OncePerRequestFilter.java:116)
	at org.apache.catalina.core.ApplicationFilterChain.internalDoFilter(ApplicationFilterChain.java:174)
	at org.apache.catalina.core.ApplicationFilterChain.doFilter(ApplicationFilterChain.java:149)
	at org.springframework.web.filter.FormContentFilter.doFilterInternal(FormContentFilter.java:93)
	at org.springframework.web.filter.OncePerRequestFilter.doFilter(OncePerRequestFilter.java:116)
	at org.apache.catalina.core.ApplicationFilterChain.internalDoFilter(ApplicationFilterChain.java:174)
	at org.apache.catalina.core.ApplicationFilterChain.doFilter(ApplicationFilterChain.java:149)
	at org.springframework.web.filter.CharacterEncodingFilter.doFilterInternal(CharacterEncodingFilter.java:201)
	at org.springframework.web.filter.OncePerRequestFilter.doFilter(OncePerRequestFilter.java:116)
	at org.apache.catalina.core.ApplicationFilterChain.internalDoFilter(ApplicationFilterChain.java:174)
	at org.apache.catalina.core.ApplicationFilterChain.doFilter(ApplicationFilterChain.java:149)
	at org.apache.catalina.core.StandardWrapperValve.invoke(StandardWrapperValve.java:167)
	at org.apache.catalina.core.StandardContextValve.invoke(StandardContextValve.java:90)
	at org.apache.catalina.authenticator.AuthenticatorBase.invoke(AuthenticatorBase.java:482)
	at org.apache.catalina.core.StandardHostValve.invoke(StandardHostValve.java:115)
	at org.apache.catalina.valves.ErrorReportValve.invoke(ErrorReportValve.java:93)
	at org.apache.catalina.core.StandardEngineValve.invoke(StandardEngineValve.java:74)
	at org.apache.catalina.connector.CoyoteAdapter.service(CoyoteAdapter.java:344)
	at org.apache.coyote.http11.Http11Processor.service(Http11Processor.java:391)
	at org.apache.coyote.AbstractProcessorLight.process(AbstractProcessorLight.java:63)
	at org.apache.coyote.AbstractProtocol$ConnectionHandler.process(AbstractProtocol.java:896)
	at org.apache.tomcat.util.net.NioEndpoint$SocketProcessor.doRun(NioEndpoint.java:1744)
	at org.apache.tomcat.util.net.SocketProcessorBase.run(SocketProcessorBase.java:52)
	at org.apache.tomcat.util.threads.ThreadPoolExecutor.runWorker(ThreadPoolExecutor.java:1191)
	at org.apache.tomcat.util.threads.ThreadPoolExecutor$Worker.run(ThreadPoolExecutor.java:659)
	at org.apache.tomcat.util.threads.TaskThread$WrappingRunnable.run(TaskThread.java:63)
	at java.base/java.lang.Thread.run(Thread.java:1575)
2025-10-08 14:14:56,163 [http-nio-8080-exec-6] ERROR o.a.c.c.C.[.[.[/].[dispatcherServlet]              - Servlet.service() for servlet [dispatcherServlet] in context with path [] threw exception [Request processing failed: org.springframework.orm.jpa.JpaSystemException: No default constructor for entity 'com.Rest.API.model.Address'] with root cause
org.hibernate.InstantiationException: No default constructor for entity 'com.Rest.API.model.Address'
	at org.hibernate.metamodel.internal.EntityInstantiatorPojoStandard.instantiate(EntityInstantiatorPojoStandard.java:93)
	at org.hibernate.persister.entity.AbstractEntityPersister.instantiate(AbstractEntityPersister.java:4586)
	at org.hibernate.internal.SessionImpl.instantiate(SessionImpl.java:1463)
	at org.hibernate.sql.results.graph.entity.AbstractEntityInitializer.instantiateEntity(AbstractEntityInitializer.java:691)
	at org.hibernate.sql.results.graph.entity.AbstractEntityInitializer.resolveEntityInstance(AbstractEntityInitializer.java:684)
	at org.hibernate.sql.results.graph.entity.AbstractEntityInitializer.resolveInstance(AbstractEntityInitializer.java:650)
	at org.hibernate.sql.results.graph.entity.AbstractEntityInitializer.resolveEntityInstance(AbstractEntityInitializer.java:568)
	at org.hibernate.sql.results.graph.entity.AbstractEntityInitializer.resolveInstance(AbstractEntityInitializer.java:403)
	at org.hibernate.sql.results.internal.InitializersList.resolveInstances(InitializersList.java:88)
	at org.hibernate.sql.results.internal.StandardRowReader.coordinateInitializers(StandardRowReader.java:108)
	at org.hibernate.sql.results.internal.StandardRowReader.readRow(StandardRowReader.java:86)
	at org.hibernate.sql.results.spi.ListResultsConsumer.consume(ListResultsConsumer.java:188)
	at org.hibernate.sql.results.spi.ListResultsConsumer.consume(ListResultsConsumer.java:33)
	at org.hibernate.sql.exec.internal.JdbcSelectExecutorStandardImpl.doExecuteQuery(JdbcSelectExecutorStandardImpl.java:209)
	at org.hibernate.sql.exec.internal.JdbcSelectExecutorStandardImpl.executeQuery(JdbcSelectExecutorStandardImpl.java:83)
	at org.hibernate.sql.exec.spi.JdbcSelectExecutor.list(JdbcSelectExecutor.java:76)
	at org.hibernate.sql.exec.spi.JdbcSelectExecutor.list(JdbcSelectExecutor.java:65)
	at org.hibernate.loader.ast.internal.SingleIdLoadPlan.load(SingleIdLoadPlan.java:145)
	at org.hibernate.loader.ast.internal.SingleIdLoadPlan.load(SingleIdLoadPlan.java:117)
	at org.hibernate.loader.ast.internal.SingleIdEntityLoaderStandardImpl.load(SingleIdEntityLoaderStandardImpl.java:75)
	at org.hibernate.persister.entity.AbstractEntityPersister.doLoad(AbstractEntityPersister.java:3748)
	at org.hibernate.persister.entity.AbstractEntityPersister.load(AbstractEntityPersister.java:3737)
	at org.hibernate.event.internal.DefaultLoadEventListener.loadFromDatasource(DefaultLoadEventListener.java:604)
	at org.hibernate.event.internal.DefaultLoadEventListener.loadFromCacheOrDatasource(DefaultLoadEventListener.java:590)
	at org.hibernate.event.internal.DefaultLoadEventListener.load(DefaultLoadEventListener.java:560)
	at org.hibernate.event.internal.DefaultLoadEventListener.doLoad(DefaultLoadEventListener.java:544)
	at org.hibernate.event.internal.DefaultLoadEventListener.load(DefaultLoadEventListener.java:207)
	at org.hibernate.event.internal.DefaultLoadEventListener.loadWithRegularProxy(DefaultLoadEventListener.java:290)
	at org.hibernate.event.internal.DefaultLoadEventListener.proxyOrLoad(DefaultLoadEventListener.java:242)
	at org.hibernate.event.internal.DefaultLoadEventListener.doOnLoad(DefaultLoadEventListener.java:111)
	at org.hibernate.event.internal.DefaultLoadEventListener.onLoad(DefaultLoadEventListener.java:68)
	at org.hibernate.event.service.internal.EventListenerGroupImpl.fireEventOnEachListener(EventListenerGroupImpl.java:138)
	at org.hibernate.internal.SessionImpl.fireLoadNoChecks(SessionImpl.java:1222)
	at org.hibernate.internal.SessionImpl.internalLoad(SessionImpl.java:1068)
	at org.hibernate.sql.results.graph.entity.internal.EntitySelectFetchInitializer.initializeInstance(EntitySelectFetchInitializer.java:195)
	at org.hibernate.sql.results.internal.InitializersList.initializeInstance(InitializersList.java:70)
	at org.hibernate.sql.results.internal.StandardRowReader.coordinateInitializers(StandardRowReader.java:109)
	at org.hibernate.sql.results.internal.StandardRowReader.readRow(StandardRowReader.java:86)
	at org.hibernate.sql.results.spi.ListResultsConsumer.consume(ListResultsConsumer.java:203)
	at org.hibernate.sql.results.spi.ListResultsConsumer.consume(ListResultsConsumer.java:33)
	at org.hibernate.sql.exec.internal.JdbcSelectExecutorStandardImpl.doExecuteQuery(JdbcSelectExecutorStandardImpl.java:209)
	at org.hibernate.sql.exec.internal.JdbcSelectExecutorStandardImpl.executeQuery(JdbcSelectExecutorStandardImpl.java:83)
	at org.hibernate.sql.exec.spi.JdbcSelectExecutor.list(JdbcSelectExecutor.java:76)
	at org.hibernate.sql.exec.spi.JdbcSelectExecutor.list(JdbcSelectExecutor.java:65)
	at org.hibernate.query.sqm.internal.ConcreteSqmSelectQueryPlan.lambda$new$2(ConcreteSqmSelectQueryPlan.java:137)
	at org.hibernate.query.sqm.internal.ConcreteSqmSelectQueryPlan.withCacheableSqmInterpretation(ConcreteSqmSelectQueryPlan.java:362)
	at org.hibernate.query.sqm.internal.ConcreteSqmSelectQueryPlan.performList(ConcreteSqmSelectQueryPlan.java:303)
	at org.hibernate.query.sqm.internal.QuerySqmImpl.doList(QuerySqmImpl.java:509)
	at org.hibernate.query.spi.AbstractSelectionQuery.list(AbstractSelectionQuery.java:427)
	at org.hibernate.query.Query.getResultList(Query.java:120)
	at org.springframework.data.jpa.repository.support.SimpleJpaRepository.findAll(SimpleJpaRepository.java:383)
	at org.springframework.data.jpa.repository.support.SimpleJpaRepository.findAll(SimpleJpaRepository.java:1)
	at java.base/jdk.internal.reflect.DirectMethodHandleAccessor.invoke(DirectMethodHandleAccessor.java:103)
	at java.base/java.lang.reflect.Method.invoke(Method.java:580)
	at org.springframework.aop.support.AopUtils.invokeJoinpointUsingReflection(AopUtils.java:351)
	at org.springframework.data.repository.core.support.RepositoryMethodInvoker$RepositoryFragmentMethodInvoker.lambda$new$0(RepositoryMethodInvoker.java:277)
	at org.springframework.data.repository.core.support.RepositoryMethodInvoker.doInvoke(RepositoryMethodInvoker.java:170)
	at org.springframework.data.repository.core.support.RepositoryMethodInvoker.invoke(RepositoryMethodInvoker.java:158)
	at org.springframework.data.repository.core.support.RepositoryComposition$RepositoryFragments.invoke(RepositoryComposition.java:516)
	at org.springframework.data.repository.core.support.RepositoryComposition.invoke(RepositoryComposition.java:285)
	at org.springframework.data.repository.core.support.RepositoryFactorySupport$ImplementationMethodExecutionInterceptor.invoke(RepositoryFactorySupport.java:628)
	at org.springframework.aop.framework.ReflectiveMethodInvocation.proceed(ReflectiveMethodInvocation.java:184)
	at org.springframework.data.repository.core.support.QueryExecutorMethodInterceptor.doInvoke(QueryExecutorMethodInterceptor.java:168)
	at org.springframework.data.repository.core.support.QueryExecutorMethodInterceptor.invoke(QueryExecutorMethodInterceptor.java:143)
	at org.springframework.aop.framework.ReflectiveMethodInvocation.proceed(ReflectiveMethodInvocation.java:184)
	at org.springframework.data.projection.DefaultMethodInvokingMethodInterceptor.invoke(DefaultMethodInvokingMethodInterceptor.java:70)
	at org.springframework.aop.framework.ReflectiveMethodInvocation.proceed(ReflectiveMethodInvocation.java:184)
	at org.springframework.transaction.interceptor.TransactionInterceptor$1.proceedWithInvocation(TransactionInterceptor.java:123)
	at org.springframework.transaction.interceptor.TransactionAspectSupport.invokeWithinTransaction(TransactionAspectSupport.java:392)
	at org.springframework.transaction.interceptor.TransactionInterceptor.invoke(TransactionInterceptor.java:119)
	at org.springframework.aop.framework.ReflectiveMethodInvocation.proceed(ReflectiveMethodInvocation.java:184)
	at org.springframework.dao.support.PersistenceExceptionTranslationInterceptor.invoke(PersistenceExceptionTranslationInterceptor.java:137)
	at org.springframework.aop.framework.ReflectiveMethodInvocation.proceed(ReflectiveMethodInvocation.java:184)
	at org.springframework.data.jpa.repository.support.CrudMethodMetadataPostProcessor$CrudMethodMetadataPopulatingMethodInterceptor.invoke(CrudMethodMetadataPostProcessor.java:164)
	at org.springframework.aop.framework.ReflectiveMethodInvocation.proceed(ReflectiveMethodInvocation.java:184)
	at org.springframework.aop.interceptor.ExposeInvocationInterceptor.invoke(ExposeInvocationInterceptor.java:97)
	at org.springframework.aop.framework.ReflectiveMethodInvocation.proceed(ReflectiveMethodInvocation.java:184)
	at org.springframework.aop.framework.JdkDynamicAopProxy.invoke(JdkDynamicAopProxy.java:220)
	at jdk.proxy2/jdk.proxy2.$Proxy122.findAll(Unknown Source)
	at com.Rest.API.service.EmployeeService.getAllEmployees(EmployeeService.java:23)
	at com.Rest.API.web.EmployeeController.getAllEmployees(EmployeeController.java:31)
	at java.base/jdk.internal.reflect.DirectMethodHandleAccessor.invoke(DirectMethodHandleAccessor.java:103)
	at java.base/java.lang.reflect.Method.invoke(Method.java:580)
	at org.springframework.web.method.support.InvocableHandlerMethod.doInvoke(InvocableHandlerMethod.java:255)
	at org.springframework.web.method.support.InvocableHandlerMethod.invokeForRequest(InvocableHandlerMethod.java:188)
	at org.springframework.web.servlet.mvc.method.annotation.ServletInvocableHandlerMethod.invokeAndHandle(ServletInvocableHandlerMethod.java:118)
	at org.springframework.web.servlet.mvc.method.annotation.RequestMappingHandlerAdapter.invokeHandlerMethod(RequestMappingHandlerAdapter.java:925)
	at org.springframework.web.servlet.mvc.method.annotation.RequestMappingHandlerAdapter.handleInternal(RequestMappingHandlerAdapter.java:830)
	at org.springframework.web.servlet.mvc.method.AbstractHandlerMethodAdapter.handle(AbstractHandlerMethodAdapter.java:87)
	at org.springframework.web.servlet.DispatcherServlet.doDispatch(DispatcherServlet.java:1089)
	at org.springframework.web.servlet.DispatcherServlet.doService(DispatcherServlet.java:979)
	at org.springframework.web.servlet.FrameworkServlet.processRequest(FrameworkServlet.java:1014)
	at org.springframework.web.servlet.FrameworkServlet.doGet(FrameworkServlet.java:903)
	at jakarta.servlet.http.HttpServlet.service(HttpServlet.java:564)
	at org.springframework.web.servlet.FrameworkServlet.service(FrameworkServlet.java:885)
	at jakarta.servlet.http.HttpServlet.service(HttpServlet.java:658)
	at org.apache.catalina.core.ApplicationFilterChain.internalDoFilter(ApplicationFilterChain.java:205)
	at org.apache.catalina.core.ApplicationFilterChain.doFilter(ApplicationFilterChain.java:149)
	at org.apache.tomcat.websocket.server.WsFilter.doFilter(WsFilter.java:51)
	at org.apache.catalina.core.ApplicationFilterChain.internalDoFilter(ApplicationFilterChain.java:174)
	at org.apache.catalina.core.ApplicationFilterChain.doFilter(ApplicationFilterChain.java:149)
	at org.springframework.web.filter.RequestContextFilter.doFilterInternal(RequestContextFilter.java:100)
	at org.springframework.web.filter.OncePerRequestFilter.doFilter(OncePerRequestFilter.java:116)
	at org.apache.catalina.core.ApplicationFilterChain.internalDoFilter(ApplicationFilterChain.java:174)
	at org.apache.catalina.core.ApplicationFilterChain.doFilter(ApplicationFilterChain.java:149)
	at org.springframework.web.filter.FormContentFilter.doFilterInternal(FormContentFilter.java:93)
	at org.springframework.web.filter.OncePerRequestFilter.doFilter(OncePerRequestFilter.java:116)
	at org.apache.catalina.core.ApplicationFilterChain.internalDoFilter(ApplicationFilterChain.java:174)
	at org.apache.catalina.core.ApplicationFilterChain.doFilter(ApplicationFilterChain.java:149)
	at org.springframework.web.filter.CharacterEncodingFilter.doFilterInternal(CharacterEncodingFilter.java:201)
	at org.springframework.web.filter.OncePerRequestFilter.doFilter(OncePerRequestFilter.java:116)
	at org.apache.catalina.core.ApplicationFilterChain.internalDoFilter(ApplicationFilterChain.java:174)
	at org.apache.catalina.core.ApplicationFilterChain.doFilter(ApplicationFilterChain.java:149)
	at org.apache.catalina.core.StandardWrapperValve.invoke(StandardWrapperValve.java:167)
	at org.apache.catalina.core.StandardContextValve.invoke(StandardContextValve.java:90)
	at org.apache.catalina.authenticator.AuthenticatorBase.invoke(AuthenticatorBase.java:482)
	at org.apache.catalina.core.StandardHostValve.invoke(StandardHostValve.java:115)
	at org.apache.catalina.valves.ErrorReportValve.invoke(ErrorReportValve.java:93)
	at org.apache.catalina.core.StandardEngineValve.invoke(StandardEngineValve.java:74)
	at org.apache.catalina.connector.CoyoteAdapter.service(CoyoteAdapter.java:344)
	at org.apache.coyote.http11.Http11Processor.service(Http11Processor.java:391)
	at org.apache.coyote.AbstractProcessorLight.process(AbstractProcessorLight.java:63)
	at org.apache.coyote.AbstractProtocol$ConnectionHandler.process(AbstractProtocol.java:896)
	at org.apache.tomcat.util.net.NioEndpoint$SocketProcessor.doRun(NioEndpoint.java:1744)
	at org.apache.tomcat.util.net.SocketProcessorBase.run(SocketProcessorBase.java:52)
	at org.apache.tomcat.util.threads.ThreadPoolExecutor.runWorker(ThreadPoolExecutor.java:1191)
	at org.apache.tomcat.util.threads.ThreadPoolExecutor$Worker.run(ThreadPoolExecutor.java:659)
	at org.apache.tomcat.util.threads.TaskThread$WrappingRunnable.run(TaskThread.java:63)
	at java.base/java.lang.Thread.run(Thread.java:1575)
2025-10-08 14:16:38,763 [http-nio-8080-exec-8] DEBUG org.hibernate.SQL                                  - select e1_0.id,e1_0.address_id,e1_0.age,e1_0.employee_name from employee e1_0
2025-10-08 14:16:38,776 [http-nio-8080-exec-8] DEBUG org.hibernate.SQL                                  - select a1_0.id,e1_0.id,a2_0.id,a2_0.employee_id,a2_0.postal_code,a2_0.street_name,e1_0.age,e1_0.employee_name,a1_0.postal_code,a1_0.street_name from address a1_0 left join employee e1_0 on e1_0.id=a1_0.employee_id left join address a2_0 on a2_0.id=e1_0.address_id where a1_0.id=?
2025-10-08 14:16:38,793 [http-nio-8080-exec-8] INFO  o.h.e.internal.DefaultLoadEventListener            - HHH000327: Error performing load command
org.hibernate.InstantiationException: No default constructor for entity 'com.Rest.API.model.Address'
	at org.hibernate.metamodel.internal.EntityInstantiatorPojoStandard.instantiate(EntityInstantiatorPojoStandard.java:93)
	at org.hibernate.persister.entity.AbstractEntityPersister.instantiate(AbstractEntityPersister.java:4586)
	at org.hibernate.internal.SessionImpl.instantiate(SessionImpl.java:1463)
	at org.hibernate.sql.results.graph.entity.AbstractEntityInitializer.instantiateEntity(AbstractEntityInitializer.java:691)
	at org.hibernate.sql.results.graph.entity.AbstractEntityInitializer.resolveEntityInstance(AbstractEntityInitializer.java:684)
	at org.hibernate.sql.results.graph.entity.AbstractEntityInitializer.resolveInstance(AbstractEntityInitializer.java:650)
	at org.hibernate.sql.results.graph.entity.AbstractEntityInitializer.resolveEntityInstance(AbstractEntityInitializer.java:568)
	at org.hibernate.sql.results.graph.entity.AbstractEntityInitializer.resolveInstance(AbstractEntityInitializer.java:403)
	at org.hibernate.sql.results.internal.InitializersList.resolveInstances(InitializersList.java:88)
	at org.hibernate.sql.results.internal.StandardRowReader.coordinateInitializers(StandardRowReader.java:108)
	at org.hibernate.sql.results.internal.StandardRowReader.readRow(StandardRowReader.java:86)
	at org.hibernate.sql.results.spi.ListResultsConsumer.consume(ListResultsConsumer.java:188)
	at org.hibernate.sql.results.spi.ListResultsConsumer.consume(ListResultsConsumer.java:33)
	at org.hibernate.sql.exec.internal.JdbcSelectExecutorStandardImpl.doExecuteQuery(JdbcSelectExecutorStandardImpl.java:209)
	at org.hibernate.sql.exec.internal.JdbcSelectExecutorStandardImpl.executeQuery(JdbcSelectExecutorStandardImpl.java:83)
	at org.hibernate.sql.exec.spi.JdbcSelectExecutor.list(JdbcSelectExecutor.java:76)
	at org.hibernate.sql.exec.spi.JdbcSelectExecutor.list(JdbcSelectExecutor.java:65)
	at org.hibernate.loader.ast.internal.SingleIdLoadPlan.load(SingleIdLoadPlan.java:145)
	at org.hibernate.loader.ast.internal.SingleIdLoadPlan.load(SingleIdLoadPlan.java:117)
	at org.hibernate.loader.ast.internal.SingleIdEntityLoaderStandardImpl.load(SingleIdEntityLoaderStandardImpl.java:75)
	at org.hibernate.persister.entity.AbstractEntityPersister.doLoad(AbstractEntityPersister.java:3748)
	at org.hibernate.persister.entity.AbstractEntityPersister.load(AbstractEntityPersister.java:3737)
	at org.hibernate.event.internal.DefaultLoadEventListener.loadFromDatasource(DefaultLoadEventListener.java:604)
	at org.hibernate.event.internal.DefaultLoadEventListener.loadFromCacheOrDatasource(DefaultLoadEventListener.java:590)
	at org.hibernate.event.internal.DefaultLoadEventListener.load(DefaultLoadEventListener.java:560)
	at org.hibernate.event.internal.DefaultLoadEventListener.doLoad(DefaultLoadEventListener.java:544)
	at org.hibernate.event.internal.DefaultLoadEventListener.load(DefaultLoadEventListener.java:207)
	at org.hibernate.event.internal.DefaultLoadEventListener.loadWithRegularProxy(DefaultLoadEventListener.java:290)
	at org.hibernate.event.internal.DefaultLoadEventListener.proxyOrLoad(DefaultLoadEventListener.java:242)
	at org.hibernate.event.internal.DefaultLoadEventListener.doOnLoad(DefaultLoadEventListener.java:111)
	at org.hibernate.event.internal.DefaultLoadEventListener.onLoad(DefaultLoadEventListener.java:68)
	at org.hibernate.event.service.internal.EventListenerGroupImpl.fireEventOnEachListener(EventListenerGroupImpl.java:138)
	at org.hibernate.internal.SessionImpl.fireLoadNoChecks(SessionImpl.java:1222)
	at org.hibernate.internal.SessionImpl.internalLoad(SessionImpl.java:1068)
	at org.hibernate.sql.results.graph.entity.internal.EntitySelectFetchInitializer.initializeInstance(EntitySelectFetchInitializer.java:195)
	at org.hibernate.sql.results.internal.InitializersList.initializeInstance(InitializersList.java:70)
	at org.hibernate.sql.results.internal.StandardRowReader.coordinateInitializers(StandardRowReader.java:109)
	at org.hibernate.sql.results.internal.StandardRowReader.readRow(StandardRowReader.java:86)
	at org.hibernate.sql.results.spi.ListResultsConsumer.consume(ListResultsConsumer.java:203)
	at org.hibernate.sql.results.spi.ListResultsConsumer.consume(ListResultsConsumer.java:33)
	at org.hibernate.sql.exec.internal.JdbcSelectExecutorStandardImpl.doExecuteQuery(JdbcSelectExecutorStandardImpl.java:209)
	at org.hibernate.sql.exec.internal.JdbcSelectExecutorStandardImpl.executeQuery(JdbcSelectExecutorStandardImpl.java:83)
	at org.hibernate.sql.exec.spi.JdbcSelectExecutor.list(JdbcSelectExecutor.java:76)
	at org.hibernate.sql.exec.spi.JdbcSelectExecutor.list(JdbcSelectExecutor.java:65)
	at org.hibernate.query.sqm.internal.ConcreteSqmSelectQueryPlan.lambda$new$2(ConcreteSqmSelectQueryPlan.java:137)
	at org.hibernate.query.sqm.internal.ConcreteSqmSelectQueryPlan.withCacheableSqmInterpretation(ConcreteSqmSelectQueryPlan.java:362)
	at org.hibernate.query.sqm.internal.ConcreteSqmSelectQueryPlan.performList(ConcreteSqmSelectQueryPlan.java:303)
	at org.hibernate.query.sqm.internal.QuerySqmImpl.doList(QuerySqmImpl.java:509)
	at org.hibernate.query.spi.AbstractSelectionQuery.list(AbstractSelectionQuery.java:427)
	at org.hibernate.query.Query.getResultList(Query.java:120)
	at org.springframework.data.jpa.repository.support.SimpleJpaRepository.findAll(SimpleJpaRepository.java:383)
	at org.springframework.data.jpa.repository.support.SimpleJpaRepository.findAll(SimpleJpaRepository.java:1)
	at java.base/jdk.internal.reflect.DirectMethodHandleAccessor.invoke(DirectMethodHandleAccessor.java:103)
	at java.base/java.lang.reflect.Method.invoke(Method.java:580)
	at org.springframework.aop.support.AopUtils.invokeJoinpointUsingReflection(AopUtils.java:351)
	at org.springframework.data.repository.core.support.RepositoryMethodInvoker$RepositoryFragmentMethodInvoker.lambda$new$0(RepositoryMethodInvoker.java:277)
	at org.springframework.data.repository.core.support.RepositoryMethodInvoker.doInvoke(RepositoryMethodInvoker.java:170)
	at org.springframework.data.repository.core.support.RepositoryMethodInvoker.invoke(RepositoryMethodInvoker.java:158)
	at org.springframework.data.repository.core.support.RepositoryComposition$RepositoryFragments.invoke(RepositoryComposition.java:516)
	at org.springframework.data.repository.core.support.RepositoryComposition.invoke(RepositoryComposition.java:285)
	at org.springframework.data.repository.core.support.RepositoryFactorySupport$ImplementationMethodExecutionInterceptor.invoke(RepositoryFactorySupport.java:628)
	at org.springframework.aop.framework.ReflectiveMethodInvocation.proceed(ReflectiveMethodInvocation.java:184)
	at org.springframework.data.repository.core.support.QueryExecutorMethodInterceptor.doInvoke(QueryExecutorMethodInterceptor.java:168)
	at org.springframework.data.repository.core.support.QueryExecutorMethodInterceptor.invoke(QueryExecutorMethodInterceptor.java:143)
	at org.springframework.aop.framework.ReflectiveMethodInvocation.proceed(ReflectiveMethodInvocation.java:184)
	at org.springframework.data.projection.DefaultMethodInvokingMethodInterceptor.invoke(DefaultMethodInvokingMethodInterceptor.java:70)
	at org.springframework.aop.framework.ReflectiveMethodInvocation.proceed(ReflectiveMethodInvocation.java:184)
	at org.springframework.transaction.interceptor.TransactionInterceptor$1.proceedWithInvocation(TransactionInterceptor.java:123)
	at org.springframework.transaction.interceptor.TransactionAspectSupport.invokeWithinTransaction(TransactionAspectSupport.java:392)
	at org.springframework.transaction.interceptor.TransactionInterceptor.invoke(TransactionInterceptor.java:119)
	at org.springframework.aop.framework.ReflectiveMethodInvocation.proceed(ReflectiveMethodInvocation.java:184)
	at org.springframework.dao.support.PersistenceExceptionTranslationInterceptor.invoke(PersistenceExceptionTranslationInterceptor.java:137)
	at org.springframework.aop.framework.ReflectiveMethodInvocation.proceed(ReflectiveMethodInvocation.java:184)
	at org.springframework.data.jpa.repository.support.CrudMethodMetadataPostProcessor$CrudMethodMetadataPopulatingMethodInterceptor.invoke(CrudMethodMetadataPostProcessor.java:164)
	at org.springframework.aop.framework.ReflectiveMethodInvocation.proceed(ReflectiveMethodInvocation.java:184)
	at org.springframework.aop.interceptor.ExposeInvocationInterceptor.invoke(ExposeInvocationInterceptor.java:97)
	at org.springframework.aop.framework.ReflectiveMethodInvocation.proceed(ReflectiveMethodInvocation.java:184)
	at org.springframework.aop.framework.JdkDynamicAopProxy.invoke(JdkDynamicAopProxy.java:220)
	at jdk.proxy2/jdk.proxy2.$Proxy122.findAll(Unknown Source)
	at com.Rest.API.service.EmployeeService.getAllEmployees(EmployeeService.java:23)
	at com.Rest.API.web.EmployeeController.getAllEmployees(EmployeeController.java:31)
	at java.base/jdk.internal.reflect.DirectMethodHandleAccessor.invoke(DirectMethodHandleAccessor.java:103)
	at java.base/java.lang.reflect.Method.invoke(Method.java:580)
	at org.springframework.web.method.support.InvocableHandlerMethod.doInvoke(InvocableHandlerMethod.java:255)
	at org.springframework.web.method.support.InvocableHandlerMethod.invokeForRequest(InvocableHandlerMethod.java:188)
	at org.springframework.web.servlet.mvc.method.annotation.ServletInvocableHandlerMethod.invokeAndHandle(ServletInvocableHandlerMethod.java:118)
	at org.springframework.web.servlet.mvc.method.annotation.RequestMappingHandlerAdapter.invokeHandlerMethod(RequestMappingHandlerAdapter.java:925)
	at org.springframework.web.servlet.mvc.method.annotation.RequestMappingHandlerAdapter.handleInternal(RequestMappingHandlerAdapter.java:830)
	at org.springframework.web.servlet.mvc.method.AbstractHandlerMethodAdapter.handle(AbstractHandlerMethodAdapter.java:87)
	at org.springframework.web.servlet.DispatcherServlet.doDispatch(DispatcherServlet.java:1089)
	at org.springframework.web.servlet.DispatcherServlet.doService(DispatcherServlet.java:979)
	at org.springframework.web.servlet.FrameworkServlet.processRequest(FrameworkServlet.java:1014)
	at org.springframework.web.servlet.FrameworkServlet.doGet(FrameworkServlet.java:903)
	at jakarta.servlet.http.HttpServlet.service(HttpServlet.java:564)
	at org.springframework.web.servlet.FrameworkServlet.service(FrameworkServlet.java:885)
	at jakarta.servlet.http.HttpServlet.service(HttpServlet.java:658)
	at org.apache.catalina.core.ApplicationFilterChain.internalDoFilter(ApplicationFilterChain.java:205)
	at org.apache.catalina.core.ApplicationFilterChain.doFilter(ApplicationFilterChain.java:149)
	at org.apache.tomcat.websocket.server.WsFilter.doFilter(WsFilter.java:51)
	at org.apache.catalina.core.ApplicationFilterChain.internalDoFilter(ApplicationFilterChain.java:174)
	at org.apache.catalina.core.ApplicationFilterChain.doFilter(ApplicationFilterChain.java:149)
	at org.springframework.web.filter.RequestContextFilter.doFilterInternal(RequestContextFilter.java:100)
	at org.springframework.web.filter.OncePerRequestFilter.doFilter(OncePerRequestFilter.java:116)
	at org.apache.catalina.core.ApplicationFilterChain.internalDoFilter(ApplicationFilterChain.java:174)
	at org.apache.catalina.core.ApplicationFilterChain.doFilter(ApplicationFilterChain.java:149)
	at org.springframework.web.filter.FormContentFilter.doFilterInternal(FormContentFilter.java:93)
	at org.springframework.web.filter.OncePerRequestFilter.doFilter(OncePerRequestFilter.java:116)
	at org.apache.catalina.core.ApplicationFilterChain.internalDoFilter(ApplicationFilterChain.java:174)
	at org.apache.catalina.core.ApplicationFilterChain.doFilter(ApplicationFilterChain.java:149)
	at org.springframework.web.filter.CharacterEncodingFilter.doFilterInternal(CharacterEncodingFilter.java:201)
	at org.springframework.web.filter.OncePerRequestFilter.doFilter(OncePerRequestFilter.java:116)
	at org.apache.catalina.core.ApplicationFilterChain.internalDoFilter(ApplicationFilterChain.java:174)
	at org.apache.catalina.core.ApplicationFilterChain.doFilter(ApplicationFilterChain.java:149)
	at org.apache.catalina.core.StandardWrapperValve.invoke(StandardWrapperValve.java:167)
	at org.apache.catalina.core.StandardContextValve.invoke(StandardContextValve.java:90)
	at org.apache.catalina.authenticator.AuthenticatorBase.invoke(AuthenticatorBase.java:482)
	at org.apache.catalina.core.StandardHostValve.invoke(StandardHostValve.java:115)
	at org.apache.catalina.valves.ErrorReportValve.invoke(ErrorReportValve.java:93)
	at org.apache.catalina.core.StandardEngineValve.invoke(StandardEngineValve.java:74)
	at org.apache.catalina.connector.CoyoteAdapter.service(CoyoteAdapter.java:344)
	at org.apache.coyote.http11.Http11Processor.service(Http11Processor.java:391)
	at org.apache.coyote.AbstractProcessorLight.process(AbstractProcessorLight.java:63)
	at org.apache.coyote.AbstractProtocol$ConnectionHandler.process(AbstractProtocol.java:896)
	at org.apache.tomcat.util.net.NioEndpoint$SocketProcessor.doRun(NioEndpoint.java:1744)
	at org.apache.tomcat.util.net.SocketProcessorBase.run(SocketProcessorBase.java:52)
	at org.apache.tomcat.util.threads.ThreadPoolExecutor.runWorker(ThreadPoolExecutor.java:1191)
	at org.apache.tomcat.util.threads.ThreadPoolExecutor$Worker.run(ThreadPoolExecutor.java:659)
	at org.apache.tomcat.util.threads.TaskThread$WrappingRunnable.run(TaskThread.java:63)
	at java.base/java.lang.Thread.run(Thread.java:1575)
2025-10-08 14:16:38,809 [http-nio-8080-exec-8] ERROR o.a.c.c.C.[.[.[/].[dispatcherServlet]              - Servlet.service() for servlet [dispatcherServlet] in context with path [] threw exception [Request processing failed: org.springframework.orm.jpa.JpaSystemException: No default constructor for entity 'com.Rest.API.model.Address'] with root cause
org.hibernate.InstantiationException: No default constructor for entity 'com.Rest.API.model.Address'
	at org.hibernate.metamodel.internal.EntityInstantiatorPojoStandard.instantiate(EntityInstantiatorPojoStandard.java:93)
	at org.hibernate.persister.entity.AbstractEntityPersister.instantiate(AbstractEntityPersister.java:4586)
	at org.hibernate.internal.SessionImpl.instantiate(SessionImpl.java:1463)
	at org.hibernate.sql.results.graph.entity.AbstractEntityInitializer.instantiateEntity(AbstractEntityInitializer.java:691)
	at org.hibernate.sql.results.graph.entity.AbstractEntityInitializer.resolveEntityInstance(AbstractEntityInitializer.java:684)
	at org.hibernate.sql.results.graph.entity.AbstractEntityInitializer.resolveInstance(AbstractEntityInitializer.java:650)
	at org.hibernate.sql.results.graph.entity.AbstractEntityInitializer.resolveEntityInstance(AbstractEntityInitializer.java:568)
	at org.hibernate.sql.results.graph.entity.AbstractEntityInitializer.resolveInstance(AbstractEntityInitializer.java:403)
	at org.hibernate.sql.results.internal.InitializersList.resolveInstances(InitializersList.java:88)
	at org.hibernate.sql.results.internal.StandardRowReader.coordinateInitializers(StandardRowReader.java:108)
	at org.hibernate.sql.results.internal.StandardRowReader.readRow(StandardRowReader.java:86)
	at org.hibernate.sql.results.spi.ListResultsConsumer.consume(ListResultsConsumer.java:188)
	at org.hibernate.sql.results.spi.ListResultsConsumer.consume(ListResultsConsumer.java:33)
	at org.hibernate.sql.exec.internal.JdbcSelectExecutorStandardImpl.doExecuteQuery(JdbcSelectExecutorStandardImpl.java:209)
	at org.hibernate.sql.exec.internal.JdbcSelectExecutorStandardImpl.executeQuery(JdbcSelectExecutorStandardImpl.java:83)
	at org.hibernate.sql.exec.spi.JdbcSelectExecutor.list(JdbcSelectExecutor.java:76)
	at org.hibernate.sql.exec.spi.JdbcSelectExecutor.list(JdbcSelectExecutor.java:65)
	at org.hibernate.loader.ast.internal.SingleIdLoadPlan.load(SingleIdLoadPlan.java:145)
	at org.hibernate.loader.ast.internal.SingleIdLoadPlan.load(SingleIdLoadPlan.java:117)
	at org.hibernate.loader.ast.internal.SingleIdEntityLoaderStandardImpl.load(SingleIdEntityLoaderStandardImpl.java:75)
	at org.hibernate.persister.entity.AbstractEntityPersister.doLoad(AbstractEntityPersister.java:3748)
	at org.hibernate.persister.entity.AbstractEntityPersister.load(AbstractEntityPersister.java:3737)
	at org.hibernate.event.internal.DefaultLoadEventListener.loadFromDatasource(DefaultLoadEventListener.java:604)
	at org.hibernate.event.internal.DefaultLoadEventListener.loadFromCacheOrDatasource(DefaultLoadEventListener.java:590)
	at org.hibernate.event.internal.DefaultLoadEventListener.load(DefaultLoadEventListener.java:560)
	at org.hibernate.event.internal.DefaultLoadEventListener.doLoad(DefaultLoadEventListener.java:544)
	at org.hibernate.event.internal.DefaultLoadEventListener.load(DefaultLoadEventListener.java:207)
	at org.hibernate.event.internal.DefaultLoadEventListener.loadWithRegularProxy(DefaultLoadEventListener.java:290)
	at org.hibernate.event.internal.DefaultLoadEventListener.proxyOrLoad(DefaultLoadEventListener.java:242)
	at org.hibernate.event.internal.DefaultLoadEventListener.doOnLoad(DefaultLoadEventListener.java:111)
	at org.hibernate.event.internal.DefaultLoadEventListener.onLoad(DefaultLoadEventListener.java:68)
	at org.hibernate.event.service.internal.EventListenerGroupImpl.fireEventOnEachListener(EventListenerGroupImpl.java:138)
	at org.hibernate.internal.SessionImpl.fireLoadNoChecks(SessionImpl.java:1222)
	at org.hibernate.internal.SessionImpl.internalLoad(SessionImpl.java:1068)
	at org.hibernate.sql.results.graph.entity.internal.EntitySelectFetchInitializer.initializeInstance(EntitySelectFetchInitializer.java:195)
	at org.hibernate.sql.results.internal.InitializersList.initializeInstance(InitializersList.java:70)
	at org.hibernate.sql.results.internal.StandardRowReader.coordinateInitializers(StandardRowReader.java:109)
	at org.hibernate.sql.results.internal.StandardRowReader.readRow(StandardRowReader.java:86)
	at org.hibernate.sql.results.spi.ListResultsConsumer.consume(ListResultsConsumer.java:203)
	at org.hibernate.sql.results.spi.ListResultsConsumer.consume(ListResultsConsumer.java:33)
	at org.hibernate.sql.exec.internal.JdbcSelectExecutorStandardImpl.doExecuteQuery(JdbcSelectExecutorStandardImpl.java:209)
	at org.hibernate.sql.exec.internal.JdbcSelectExecutorStandardImpl.executeQuery(JdbcSelectExecutorStandardImpl.java:83)
	at org.hibernate.sql.exec.spi.JdbcSelectExecutor.list(JdbcSelectExecutor.java:76)
	at org.hibernate.sql.exec.spi.JdbcSelectExecutor.list(JdbcSelectExecutor.java:65)
	at org.hibernate.query.sqm.internal.ConcreteSqmSelectQueryPlan.lambda$new$2(ConcreteSqmSelectQueryPlan.java:137)
	at org.hibernate.query.sqm.internal.ConcreteSqmSelectQueryPlan.withCacheableSqmInterpretation(ConcreteSqmSelectQueryPlan.java:362)
	at org.hibernate.query.sqm.internal.ConcreteSqmSelectQueryPlan.performList(ConcreteSqmSelectQueryPlan.java:303)
	at org.hibernate.query.sqm.internal.QuerySqmImpl.doList(QuerySqmImpl.java:509)
	at org.hibernate.query.spi.AbstractSelectionQuery.list(AbstractSelectionQuery.java:427)
	at org.hibernate.query.Query.getResultList(Query.java:120)
	at org.springframework.data.jpa.repository.support.SimpleJpaRepository.findAll(SimpleJpaRepository.java:383)
	at org.springframework.data.jpa.repository.support.SimpleJpaRepository.findAll(SimpleJpaRepository.java:1)
	at java.base/jdk.internal.reflect.DirectMethodHandleAccessor.invoke(DirectMethodHandleAccessor.java:103)
	at java.base/java.lang.reflect.Method.invoke(Method.java:580)
	at org.springframework.aop.support.AopUtils.invokeJoinpointUsingReflection(AopUtils.java:351)
	at org.springframework.data.repository.core.support.RepositoryMethodInvoker$RepositoryFragmentMethodInvoker.lambda$new$0(RepositoryMethodInvoker.java:277)
	at org.springframework.data.repository.core.support.RepositoryMethodInvoker.doInvoke(RepositoryMethodInvoker.java:170)
	at org.springframework.data.repository.core.support.RepositoryMethodInvoker.invoke(RepositoryMethodInvoker.java:158)
	at org.springframework.data.repository.core.support.RepositoryComposition$RepositoryFragments.invoke(RepositoryComposition.java:516)
	at org.springframework.data.repository.core.support.RepositoryComposition.invoke(RepositoryComposition.java:285)
	at org.springframework.data.repository.core.support.RepositoryFactorySupport$ImplementationMethodExecutionInterceptor.invoke(RepositoryFactorySupport.java:628)
	at org.springframework.aop.framework.ReflectiveMethodInvocation.proceed(ReflectiveMethodInvocation.java:184)
	at org.springframework.data.repository.core.support.QueryExecutorMethodInterceptor.doInvoke(QueryExecutorMethodInterceptor.java:168)
	at org.springframework.data.repository.core.support.QueryExecutorMethodInterceptor.invoke(QueryExecutorMethodInterceptor.java:143)
	at org.springframework.aop.framework.ReflectiveMethodInvocation.proceed(ReflectiveMethodInvocation.java:184)
	at org.springframework.data.projection.DefaultMethodInvokingMethodInterceptor.invoke(DefaultMethodInvokingMethodInterceptor.java:70)
	at org.springframework.aop.framework.ReflectiveMethodInvocation.proceed(ReflectiveMethodInvocation.java:184)
	at org.springframework.transaction.interceptor.TransactionInterceptor$1.proceedWithInvocation(TransactionInterceptor.java:123)
	at org.springframework.transaction.interceptor.TransactionAspectSupport.invokeWithinTransaction(TransactionAspectSupport.java:392)
	at org.springframework.transaction.interceptor.TransactionInterceptor.invoke(TransactionInterceptor.java:119)
	at org.springframework.aop.framework.ReflectiveMethodInvocation.proceed(ReflectiveMethodInvocation.java:184)
	at org.springframework.dao.support.PersistenceExceptionTranslationInterceptor.invoke(PersistenceExceptionTranslationInterceptor.java:137)
	at org.springframework.aop.framework.ReflectiveMethodInvocation.proceed(ReflectiveMethodInvocation.java:184)
	at org.springframework.data.jpa.repository.support.CrudMethodMetadataPostProcessor$CrudMethodMetadataPopulatingMethodInterceptor.invoke(CrudMethodMetadataPostProcessor.java:164)
	at org.springframework.aop.framework.ReflectiveMethodInvocation.proceed(ReflectiveMethodInvocation.java:184)
	at org.springframework.aop.interceptor.ExposeInvocationInterceptor.invoke(ExposeInvocationInterceptor.java:97)
	at org.springframework.aop.framework.ReflectiveMethodInvocation.proceed(ReflectiveMethodInvocation.java:184)
	at org.springframework.aop.framework.JdkDynamicAopProxy.invoke(JdkDynamicAopProxy.java:220)
	at jdk.proxy2/jdk.proxy2.$Proxy122.findAll(Unknown Source)
	at com.Rest.API.service.EmployeeService.getAllEmployees(EmployeeService.java:23)
	at com.Rest.API.web.EmployeeController.getAllEmployees(EmployeeController.java:31)
	at java.base/jdk.internal.reflect.DirectMethodHandleAccessor.invoke(DirectMethodHandleAccessor.java:103)
	at java.base/java.lang.reflect.Method.invoke(Method.java:580)
	at org.springframework.web.method.support.InvocableHandlerMethod.doInvoke(InvocableHandlerMethod.java:255)
	at org.springframework.web.method.support.InvocableHandlerMethod.invokeForRequest(InvocableHandlerMethod.java:188)
	at org.springframework.web.servlet.mvc.method.annotation.ServletInvocableHandlerMethod.invokeAndHandle(ServletInvocableHandlerMethod.java:118)
	at org.springframework.web.servlet.mvc.method.annotation.RequestMappingHandlerAdapter.invokeHandlerMethod(RequestMappingHandlerAdapter.java:925)
	at org.springframework.web.servlet.mvc.method.annotation.RequestMappingHandlerAdapter.handleInternal(RequestMappingHandlerAdapter.java:830)
	at org.springframework.web.servlet.mvc.method.AbstractHandlerMethodAdapter.handle(AbstractHandlerMethodAdapter.java:87)
	at org.springframework.web.servlet.DispatcherServlet.doDispatch(DispatcherServlet.java:1089)
	at org.springframework.web.servlet.DispatcherServlet.doService(DispatcherServlet.java:979)
	at org.springframework.web.servlet.FrameworkServlet.processRequest(FrameworkServlet.java:1014)
	at org.springframework.web.servlet.FrameworkServlet.doGet(FrameworkServlet.java:903)
	at jakarta.servlet.http.HttpServlet.service(HttpServlet.java:564)
	at org.springframework.web.servlet.FrameworkServlet.service(FrameworkServlet.java:885)
	at jakarta.servlet.http.HttpServlet.service(HttpServlet.java:658)
	at org.apache.catalina.core.ApplicationFilterChain.internalDoFilter(ApplicationFilterChain.java:205)
	at org.apache.catalina.core.ApplicationFilterChain.doFilter(ApplicationFilterChain.java:149)
	at org.apache.tomcat.websocket.server.WsFilter.doFilter(WsFilter.java:51)
	at org.apache.catalina.core.ApplicationFilterChain.internalDoFilter(ApplicationFilterChain.java:174)
	at org.apache.catalina.core.ApplicationFilterChain.doFilter(ApplicationFilterChain.java:149)
	at org.springframework.web.filter.RequestContextFilter.doFilterInternal(RequestContextFilter.java:100)
	at org.springframework.web.filter.OncePerRequestFilter.doFilter(OncePerRequestFilter.java:116)
	at org.apache.catalina.core.ApplicationFilterChain.internalDoFilter(ApplicationFilterChain.java:174)
	at org.apache.catalina.core.ApplicationFilterChain.doFilter(ApplicationFilterChain.java:149)
	at org.springframework.web.filter.FormContentFilter.doFilterInternal(FormContentFilter.java:93)
	at org.springframework.web.filter.OncePerRequestFilter.doFilter(OncePerRequestFilter.java:116)
	at org.apache.catalina.core.ApplicationFilterChain.internalDoFilter(ApplicationFilterChain.java:174)
	at org.apache.catalina.core.ApplicationFilterChain.doFilter(ApplicationFilterChain.java:149)
	at org.springframework.web.filter.CharacterEncodingFilter.doFilterInternal(CharacterEncodingFilter.java:201)
	at org.springframework.web.filter.OncePerRequestFilter.doFilter(OncePerRequestFilter.java:116)
	at org.apache.catalina.core.ApplicationFilterChain.internalDoFilter(ApplicationFilterChain.java:174)
	at org.apache.catalina.core.ApplicationFilterChain.doFilter(ApplicationFilterChain.java:149)
	at org.apache.catalina.core.StandardWrapperValve.invoke(StandardWrapperValve.java:167)
	at org.apache.catalina.core.StandardContextValve.invoke(StandardContextValve.java:90)
	at org.apache.catalina.authenticator.AuthenticatorBase.invoke(AuthenticatorBase.java:482)
	at org.apache.catalina.core.StandardHostValve.invoke(StandardHostValve.java:115)
	at org.apache.catalina.valves.ErrorReportValve.invoke(ErrorReportValve.java:93)
	at org.apache.catalina.core.StandardEngineValve.invoke(StandardEngineValve.java:74)
	at org.apache.catalina.connector.CoyoteAdapter.service(CoyoteAdapter.java:344)
	at org.apache.coyote.http11.Http11Processor.service(Http11Processor.java:391)
	at org.apache.coyote.AbstractProcessorLight.process(AbstractProcessorLight.java:63)
	at org.apache.coyote.AbstractProtocol$ConnectionHandler.process(AbstractProtocol.java:896)
	at org.apache.tomcat.util.net.NioEndpoint$SocketProcessor.doRun(NioEndpoint.java:1744)
	at org.apache.tomcat.util.net.SocketProcessorBase.run(SocketProcessorBase.java:52)
	at org.apache.tomcat.util.threads.ThreadPoolExecutor.runWorker(ThreadPoolExecutor.java:1191)
	at org.apache.tomcat.util.threads.ThreadPoolExecutor$Worker.run(ThreadPoolExecutor.java:659)
	at org.apache.tomcat.util.threads.TaskThread$WrappingRunnable.run(TaskThread.java:63)
	at java.base/java.lang.Thread.run(Thread.java:1575)
2025-10-08 14:17:07,104 [SpringApplicationShutdownHook] INFO  o.s.o.j.LocalContainerEntityManagerFactoryBean     - Closing JPA EntityManagerFactory for persistence unit 'default'
2025-10-08 14:17:07,108 [SpringApplicationShutdownHook] TRACE o.h.type.spi.TypeConfiguration$Scope               - Handling #sessionFactoryClosed from [org.hibernate.internal.SessionFactoryImpl@4e826fd4] for TypeConfiguration
2025-10-08 14:17:07,108 [SpringApplicationShutdownHook] DEBUG o.h.type.spi.TypeConfiguration$Scope               - Un-scoping TypeConfiguration [org.hibernate.type.spi.TypeConfiguration$Scope@2900e593] from SessionFactory [org.hibernate.internal.SessionFactoryImpl@4e826fd4]
2025-10-08 14:17:07,113 [SpringApplicationShutdownHook] INFO  com.zaxxer.hikari.HikariDataSource                 - HikariPool-1 - Shutdown initiated...
2025-10-08 14:17:07,135 [SpringApplicationShutdownHook] INFO  com.zaxxer.hikari.HikariDataSource                 - HikariPool-1 - Shutdown completed.
2025-10-08 14:21:08,347 [main] INFO  com.Rest.API.RestApiApplication                    - Starting RestApiApplication using Java 23.0.2 with PID 80430 (/Users/dineshchandgeetharavichandran/Desktop/Dinesh/Project/Spring-Rest-API/Spring-Boot-Rest-API/target/classes started by dineshchandgeetharavichandran in /Users/dineshchandgeetharavichandran/Desktop/Dinesh/Project/Spring-Rest-API/Spring-Boot-Rest-API)
2025-10-08 14:21:08,348 [main] DEBUG com.Rest.API.RestApiApplication                    - Running with Spring Boot v3.2.4, Spring v6.1.5
2025-10-08 14:21:08,348 [main] INFO  com.Rest.API.RestApiApplication                    - No active profile set, falling back to 1 default profile: "default"
2025-10-08 14:21:08,731 [main] INFO  o.s.d.r.c.RepositoryConfigurationDelegate          - Bootstrapping Spring Data JPA repositories in DEFAULT mode.
2025-10-08 14:21:08,766 [main] INFO  o.s.d.r.c.RepositoryConfigurationDelegate          - Finished Spring Data repository scanning in 31 ms. Found 3 JPA repository interfaces.
2025-10-08 14:21:09,128 [main] INFO  o.s.b.w.embedded.tomcat.TomcatWebServer            - Tomcat initialized with port 8080 (http)
2025-10-08 14:21:09,152 [main] INFO  o.apache.coyote.http11.Http11NioProtocol           - Initializing ProtocolHandler ["http-nio-8080"]
2025-10-08 14:21:09,153 [main] INFO  o.apache.catalina.core.StandardService             - Starting service [Tomcat]
2025-10-08 14:21:09,153 [main] INFO  org.apache.catalina.core.StandardEngine            - Starting Servlet engine: [Apache Tomcat/10.1.19]
2025-10-08 14:21:09,186 [main] INFO  o.a.c.c.C.[Tomcat].[localhost].[/]                 - Initializing Spring embedded WebApplicationContext
2025-10-08 14:21:09,186 [main] INFO  o.s.b.w.s.c.ServletWebServerApplicationContext     - Root WebApplicationContext: initialization completed in 808 ms
2025-10-08 14:21:09,262 [main] INFO  o.hibernate.jpa.internal.util.LogHelper            - HHH000204: Processing PersistenceUnitInfo [name: default]
2025-10-08 14:21:09,289 [main] INFO  org.hibernate.Version                              - HHH000412: Hibernate ORM core version 6.4.4.Final
2025-10-08 14:21:09,302 [main] INFO  o.h.c.internal.RegionFactoryInitiator              - HHH000026: Second-level cache disabled
2025-10-08 14:21:09,332 [main] DEBUG org.hibernate.type.BasicTypeRegistry               - Adding type registration boolean -> org.hibernate.type.BasicTypeReference@7739aac4
2025-10-08 14:21:09,332 [main] DEBUG org.hibernate.type.BasicTypeRegistry               - Adding type registration boolean -> org.hibernate.type.BasicTypeReference@7739aac4
2025-10-08 14:21:09,332 [main] DEBUG org.hibernate.type.BasicTypeRegistry               - Adding type registration java.lang.Boolean -> org.hibernate.type.BasicTypeReference@7739aac4
2025-10-08 14:21:09,332 [main] DEBUG org.hibernate.type.BasicTypeRegistry               - Adding type registration numeric_boolean -> org.hibernate.type.BasicTypeReference@353c6da1
2025-10-08 14:21:09,332 [main] DEBUG org.hibernate.type.BasicTypeRegistry               - Adding type registration org.hibernate.type.NumericBooleanConverter -> org.hibernate.type.BasicTypeReference@353c6da1
2025-10-08 14:21:09,332 [main] DEBUG org.hibernate.type.BasicTypeRegistry               - Adding type registration true_false -> org.hibernate.type.BasicTypeReference@36c07c75
2025-10-08 14:21:09,332 [main] DEBUG org.hibernate.type.BasicTypeRegistry               - Adding type registration org.hibernate.type.TrueFalseConverter -> org.hibernate.type.BasicTypeReference@36c07c75
2025-10-08 14:21:09,332 [main] DEBUG org.hibernate.type.BasicTypeRegistry               - Adding type registration yes_no -> org.hibernate.type.BasicTypeReference@6750e381
2025-10-08 14:21:09,332 [main] DEBUG org.hibernate.type.BasicTypeRegistry               - Adding type registration org.hibernate.type.YesNoConverter -> org.hibernate.type.BasicTypeReference@6750e381
2025-10-08 14:21:09,332 [main] DEBUG org.hibernate.type.BasicTypeRegistry               - Adding type registration byte -> org.hibernate.type.BasicTypeReference@5d850a25
2025-10-08 14:21:09,332 [main] DEBUG org.hibernate.type.BasicTypeRegistry               - Adding type registration byte -> org.hibernate.type.BasicTypeReference@5d850a25
2025-10-08 14:21:09,332 [main] DEBUG org.hibernate.type.BasicTypeRegistry               - Adding type registration java.lang.Byte -> org.hibernate.type.BasicTypeReference@5d850a25
2025-10-08 14:21:09,332 [main] DEBUG org.hibernate.type.BasicTypeRegistry               - Adding type registration binary -> org.hibernate.type.BasicTypeReference@b022551
2025-10-08 14:21:09,332 [main] DEBUG org.hibernate.type.BasicTypeRegistry               - Adding type registration byte[] -> org.hibernate.type.BasicTypeReference@b022551
2025-10-08 14:21:09,333 [main] DEBUG org.hibernate.type.BasicTypeRegistry               - Adding type registration [B -> org.hibernate.type.BasicTypeReference@b022551
2025-10-08 14:21:09,333 [main] DEBUG org.hibernate.type.BasicTypeRegistry               - Adding type registration binary_wrapper -> org.hibernate.type.BasicTypeReference@3e14d390
2025-10-08 14:21:09,333 [main] DEBUG org.hibernate.type.BasicTypeRegistry               - Adding type registration wrapper-binary -> org.hibernate.type.BasicTypeReference@3e14d390
2025-10-08 14:21:09,333 [main] DEBUG org.hibernate.type.BasicTypeRegistry               - Adding type registration image -> org.hibernate.type.BasicTypeReference@5eb87338
2025-10-08 14:21:09,333 [main] DEBUG org.hibernate.type.BasicTypeRegistry               - Adding type registration blob -> org.hibernate.type.BasicTypeReference@2b999ee8
2025-10-08 14:21:09,333 [main] DEBUG org.hibernate.type.BasicTypeRegistry               - Adding type registration java.sql.Blob -> org.hibernate.type.BasicTypeReference@2b999ee8
2025-10-08 14:21:09,333 [main] DEBUG org.hibernate.type.BasicTypeRegistry               - Adding type registration materialized_blob -> org.hibernate.type.BasicTypeReference@31ab1e67
2025-10-08 14:21:09,333 [main] DEBUG org.hibernate.type.BasicTypeRegistry               - Adding type registration materialized_blob_wrapper -> org.hibernate.type.BasicTypeReference@29bbc391
2025-10-08 14:21:09,333 [main] DEBUG org.hibernate.type.BasicTypeRegistry               - Adding type registration short -> org.hibernate.type.BasicTypeReference@3487442d
2025-10-08 14:21:09,333 [main] DEBUG org.hibernate.type.BasicTypeRegistry               - Adding type registration short -> org.hibernate.type.BasicTypeReference@3487442d
2025-10-08 14:21:09,333 [main] DEBUG org.hibernate.type.BasicTypeRegistry               - Adding type registration java.lang.Short -> org.hibernate.type.BasicTypeReference@3487442d
2025-10-08 14:21:09,333 [main] DEBUG org.hibernate.type.BasicTypeRegistry               - Adding type registration integer -> org.hibernate.type.BasicTypeReference@530ee28b
2025-10-08 14:21:09,333 [main] DEBUG org.hibernate.type.BasicTypeRegistry               - Adding type registration int -> org.hibernate.type.BasicTypeReference@530ee28b
2025-10-08 14:21:09,333 [main] DEBUG org.hibernate.type.BasicTypeRegistry               - Adding type registration java.lang.Integer -> org.hibernate.type.BasicTypeReference@530ee28b
2025-10-08 14:21:09,333 [main] DEBUG org.hibernate.type.BasicTypeRegistry               - Adding type registration long -> org.hibernate.type.BasicTypeReference@3a3f96ab
2025-10-08 14:21:09,333 [main] DEBUG org.hibernate.type.BasicTypeRegistry               - Adding type registration long -> org.hibernate.type.BasicTypeReference@3a3f96ab
2025-10-08 14:21:09,333 [main] DEBUG org.hibernate.type.BasicTypeRegistry               - Adding type registration java.lang.Long -> org.hibernate.type.BasicTypeReference@3a3f96ab
2025-10-08 14:21:09,333 [main] DEBUG org.hibernate.type.BasicTypeRegistry               - Adding type registration float -> org.hibernate.type.BasicTypeReference@4def7d36
2025-10-08 14:21:09,333 [main] DEBUG org.hibernate.type.BasicTypeRegistry               - Adding type registration float -> org.hibernate.type.BasicTypeReference@4def7d36
2025-10-08 14:21:09,333 [main] DEBUG org.hibernate.type.BasicTypeRegistry               - Adding type registration java.lang.Float -> org.hibernate.type.BasicTypeReference@4def7d36
2025-10-08 14:21:09,333 [main] DEBUG org.hibernate.type.BasicTypeRegistry               - Adding type registration double -> org.hibernate.type.BasicTypeReference@43c7fe8a
2025-10-08 14:21:09,333 [main] DEBUG org.hibernate.type.BasicTypeRegistry               - Adding type registration double -> org.hibernate.type.BasicTypeReference@43c7fe8a
2025-10-08 14:21:09,333 [main] DEBUG org.hibernate.type.BasicTypeRegistry               - Adding type registration java.lang.Double -> org.hibernate.type.BasicTypeReference@43c7fe8a
2025-10-08 14:21:09,333 [main] DEBUG org.hibernate.type.BasicTypeRegistry               - Adding type registration big_integer -> org.hibernate.type.BasicTypeReference@67f946c3
2025-10-08 14:21:09,333 [main] DEBUG org.hibernate.type.BasicTypeRegistry               - Adding type registration java.math.BigInteger -> org.hibernate.type.BasicTypeReference@67f946c3
2025-10-08 14:21:09,333 [main] DEBUG org.hibernate.type.BasicTypeRegistry               - Adding type registration big_decimal -> org.hibernate.type.BasicTypeReference@21b51e59
2025-10-08 14:21:09,333 [main] DEBUG org.hibernate.type.BasicTypeRegistry               - Adding type registration java.math.BigDecimal -> org.hibernate.type.BasicTypeReference@21b51e59
2025-10-08 14:21:09,333 [main] DEBUG org.hibernate.type.BasicTypeRegistry               - Adding type registration character -> org.hibernate.type.BasicTypeReference@1785d194
2025-10-08 14:21:09,333 [main] DEBUG org.hibernate.type.BasicTypeRegistry               - Adding type registration char -> org.hibernate.type.BasicTypeReference@1785d194
2025-10-08 14:21:09,333 [main] DEBUG org.hibernate.type.BasicTypeRegistry               - Adding type registration java.lang.Character -> org.hibernate.type.BasicTypeReference@1785d194
2025-10-08 14:21:09,334 [main] DEBUG org.hibernate.type.BasicTypeRegistry               - Adding type registration character_nchar -> org.hibernate.type.BasicTypeReference@6b4a4e40
2025-10-08 14:21:09,334 [main] DEBUG org.hibernate.type.BasicTypeRegistry               - Adding type registration string -> org.hibernate.type.BasicTypeReference@46a8c2b4
2025-10-08 14:21:09,334 [main] DEBUG org.hibernate.type.BasicTypeRegistry               - Adding type registration java.lang.String -> org.hibernate.type.BasicTypeReference@46a8c2b4
2025-10-08 14:21:09,334 [main] DEBUG org.hibernate.type.BasicTypeRegistry               - Adding type registration nstring -> org.hibernate.type.BasicTypeReference@4f664bee
2025-10-08 14:21:09,334 [main] DEBUG org.hibernate.type.BasicTypeRegistry               - Adding type registration characters -> org.hibernate.type.BasicTypeReference@76563ae7
2025-10-08 14:21:09,334 [main] DEBUG org.hibernate.type.BasicTypeRegistry               - Adding type registration char[] -> org.hibernate.type.BasicTypeReference@76563ae7
2025-10-08 14:21:09,334 [main] DEBUG org.hibernate.type.BasicTypeRegistry               - Adding type registration [C -> org.hibernate.type.BasicTypeReference@76563ae7
2025-10-08 14:21:09,334 [main] DEBUG org.hibernate.type.BasicTypeRegistry               - Adding type registration wrapper-characters -> org.hibernate.type.BasicTypeReference@4fd74223
2025-10-08 14:21:09,334 [main] DEBUG org.hibernate.type.BasicTypeRegistry               - Adding type registration text -> org.hibernate.type.BasicTypeReference@4fea840f
2025-10-08 14:21:09,334 [main] DEBUG org.hibernate.type.BasicTypeRegistry               - Adding type registration ntext -> org.hibernate.type.BasicTypeReference@32ae8f27
2025-10-08 14:21:09,334 [main] DEBUG org.hibernate.type.BasicTypeRegistry               - Adding type registration clob -> org.hibernate.type.BasicTypeReference@75e80a97
2025-10-08 14:21:09,334 [main] DEBUG org.hibernate.type.BasicTypeRegistry               - Adding type registration java.sql.Clob -> org.hibernate.type.BasicTypeReference@75e80a97
2025-10-08 14:21:09,334 [main] DEBUG org.hibernate.type.BasicTypeRegistry               - Adding type registration nclob -> org.hibernate.type.BasicTypeReference@5b8853
2025-10-08 14:21:09,334 [main] DEBUG org.hibernate.type.BasicTypeRegistry               - Adding type registration java.sql.NClob -> org.hibernate.type.BasicTypeReference@5b8853
2025-10-08 14:21:09,334 [main] DEBUG org.hibernate.type.BasicTypeRegistry               - Adding type registration materialized_clob -> org.hibernate.type.BasicTypeReference@1b8aaeab
2025-10-08 14:21:09,334 [main] DEBUG org.hibernate.type.BasicTypeRegistry               - Adding type registration materialized_clob_char_array -> org.hibernate.type.BasicTypeReference@5d1bdd4a
2025-10-08 14:21:09,334 [main] DEBUG org.hibernate.type.BasicTypeRegistry               - Adding type registration materialized_clob_character_array -> org.hibernate.type.BasicTypeReference@6812c8cc
2025-10-08 14:21:09,334 [main] DEBUG org.hibernate.type.BasicTypeRegistry               - Adding type registration materialized_nclob -> org.hibernate.type.BasicTypeReference@3457cc8d
2025-10-08 14:21:09,334 [main] DEBUG org.hibernate.type.BasicTypeRegistry               - Adding type registration materialized_nclob_character_array -> org.hibernate.type.BasicTypeReference@7a66c35a
2025-10-08 14:21:09,334 [main] DEBUG org.hibernate.type.BasicTypeRegistry               - Adding type registration materialized_nclob_char_array -> org.hibernate.type.BasicTypeReference@7994a0d1
2025-10-08 14:21:09,334 [main] DEBUG org.hibernate.type.BasicTypeRegistry               - Adding type registration Duration -> org.hibernate.type.BasicTypeReference@73e4387
2025-10-08 14:21:09,334 [main] DEBUG org.hibernate.type.BasicTypeRegistry               - Adding type registration java.time.Duration -> org.hibernate.type.BasicTypeReference@73e4387
2025-10-08 14:21:09,334 [main] DEBUG org.hibernate.type.BasicTypeRegistry               - Adding type registration LocalDateTime -> org.hibernate.type.BasicTypeReference@d87d449
2025-10-08 14:21:09,334 [main] DEBUG org.hibernate.type.BasicTypeRegistry               - Adding type registration java.time.LocalDateTime -> org.hibernate.type.BasicTypeReference@d87d449
2025-10-08 14:21:09,334 [main] DEBUG org.hibernate.type.BasicTypeRegistry               - Adding type registration LocalDate -> org.hibernate.type.BasicTypeReference@4137aab0
2025-10-08 14:21:09,334 [main] DEBUG org.hibernate.type.BasicTypeRegistry               - Adding type registration java.time.LocalDate -> org.hibernate.type.BasicTypeReference@4137aab0
2025-10-08 14:21:09,334 [main] DEBUG org.hibernate.type.BasicTypeRegistry               - Adding type registration LocalTime -> org.hibernate.type.BasicTypeReference@1df9186f
2025-10-08 14:21:09,334 [main] DEBUG org.hibernate.type.BasicTypeRegistry               - Adding type registration java.time.LocalTime -> org.hibernate.type.BasicTypeReference@1df9186f
2025-10-08 14:21:09,334 [main] DEBUG org.hibernate.type.BasicTypeRegistry               - Adding type registration OffsetDateTime -> org.hibernate.type.BasicTypeReference@682e422c
2025-10-08 14:21:09,335 [main] DEBUG org.hibernate.type.BasicTypeRegistry               - Adding type registration java.time.OffsetDateTime -> org.hibernate.type.BasicTypeReference@682e422c
2025-10-08 14:21:09,335 [main] DEBUG org.hibernate.type.BasicTypeRegistry               - Adding type registration OffsetDateTimeWithTimezone -> org.hibernate.type.BasicTypeReference@5bb8e6fc
2025-10-08 14:21:09,335 [main] DEBUG org.hibernate.type.BasicTypeRegistry               - Adding type registration OffsetDateTimeWithoutTimezone -> org.hibernate.type.BasicTypeReference@2726a511
2025-10-08 14:21:09,335 [main] DEBUG org.hibernate.type.BasicTypeRegistry               - Adding type registration OffsetTime -> org.hibernate.type.BasicTypeReference@72c9ebfa
2025-10-08 14:21:09,335 [main] DEBUG org.hibernate.type.BasicTypeRegistry               - Adding type registration java.time.OffsetTime -> org.hibernate.type.BasicTypeReference@72c9ebfa
2025-10-08 14:21:09,335 [main] DEBUG org.hibernate.type.BasicTypeRegistry               - Adding type registration OffsetTimeUtc -> org.hibernate.type.BasicTypeReference@686cf8ad
2025-10-08 14:21:09,335 [main] DEBUG org.hibernate.type.BasicTypeRegistry               - Adding type registration OffsetTimeWithTimezone -> org.hibernate.type.BasicTypeReference@747f6c5a
2025-10-08 14:21:09,335 [main] DEBUG org.hibernate.type.BasicTypeRegistry               - Adding type registration OffsetTimeWithoutTimezone -> org.hibernate.type.BasicTypeReference@66e341e9
2025-10-08 14:21:09,335 [main] DEBUG org.hibernate.type.BasicTypeRegistry               - Adding type registration ZonedDateTime -> org.hibernate.type.BasicTypeReference@5b48f0f4
2025-10-08 14:21:09,335 [main] DEBUG org.hibernate.type.BasicTypeRegistry               - Adding type registration java.time.ZonedDateTime -> org.hibernate.type.BasicTypeReference@5b48f0f4
2025-10-08 14:21:09,335 [main] DEBUG org.hibernate.type.BasicTypeRegistry               - Adding type registration ZonedDateTimeWithTimezone -> org.hibernate.type.BasicTypeReference@546ed2a0
2025-10-08 14:21:09,335 [main] DEBUG org.hibernate.type.BasicTypeRegistry               - Adding type registration ZonedDateTimeWithoutTimezone -> org.hibernate.type.BasicTypeReference@5bfc79cb
2025-10-08 14:21:09,335 [main] DEBUG org.hibernate.type.BasicTypeRegistry               - Adding type registration date -> org.hibernate.type.BasicTypeReference@27ec8754
2025-10-08 14:21:09,335 [main] DEBUG org.hibernate.type.BasicTypeRegistry               - Adding type registration java.sql.Date -> org.hibernate.type.BasicTypeReference@27ec8754
2025-10-08 14:21:09,335 [main] DEBUG org.hibernate.type.BasicTypeRegistry               - Adding type registration time -> org.hibernate.type.BasicTypeReference@3bbf1c0d
2025-10-08 14:21:09,335 [main] DEBUG org.hibernate.type.BasicTypeRegistry               - Adding type registration java.sql.Time -> org.hibernate.type.BasicTypeReference@3bbf1c0d
2025-10-08 14:21:09,335 [main] DEBUG org.hibernate.type.BasicTypeRegistry               - Adding type registration timestamp -> org.hibernate.type.BasicTypeReference@19662208
2025-10-08 14:21:09,335 [main] DEBUG org.hibernate.type.BasicTypeRegistry               - Adding type registration java.sql.Timestamp -> org.hibernate.type.BasicTypeReference@19662208
2025-10-08 14:21:09,335 [main] DEBUG org.hibernate.type.BasicTypeRegistry               - Adding type registration java.util.Date -> org.hibernate.type.BasicTypeReference@19662208
2025-10-08 14:21:09,335 [main] DEBUG org.hibernate.type.BasicTypeRegistry               - Adding type registration calendar -> org.hibernate.type.BasicTypeReference@216c22ce
2025-10-08 14:21:09,335 [main] DEBUG org.hibernate.type.BasicTypeRegistry               - Adding type registration java.util.Calendar -> org.hibernate.type.BasicTypeReference@216c22ce
2025-10-08 14:21:09,335 [main] DEBUG org.hibernate.type.BasicTypeRegistry               - Adding type registration java.util.GregorianCalendar -> org.hibernate.type.BasicTypeReference@216c22ce
2025-10-08 14:21:09,335 [main] DEBUG org.hibernate.type.BasicTypeRegistry               - Adding type registration calendar_date -> org.hibernate.type.BasicTypeReference@62f9c790
2025-10-08 14:21:09,335 [main] DEBUG org.hibernate.type.BasicTypeRegistry               - Adding type registration calendar_time -> org.hibernate.type.BasicTypeReference@21e5f0b6
2025-10-08 14:21:09,335 [main] DEBUG org.hibernate.type.BasicTypeRegistry               - Adding type registration instant -> org.hibernate.type.BasicTypeReference@93bf0e0
2025-10-08 14:21:09,335 [main] DEBUG org.hibernate.type.BasicTypeRegistry               - Adding type registration java.time.Instant -> org.hibernate.type.BasicTypeReference@93bf0e0
2025-10-08 14:21:09,335 [main] DEBUG org.hibernate.type.BasicTypeRegistry               - Adding type registration uuid -> org.hibernate.type.BasicTypeReference@4981d95b
2025-10-08 14:21:09,335 [main] DEBUG org.hibernate.type.BasicTypeRegistry               - Adding type registration java.util.UUID -> org.hibernate.type.BasicTypeReference@4981d95b
2025-10-08 14:21:09,335 [main] DEBUG org.hibernate.type.BasicTypeRegistry               - Adding type registration pg-uuid -> org.hibernate.type.BasicTypeReference@4981d95b
2025-10-08 14:21:09,335 [main] DEBUG org.hibernate.type.BasicTypeRegistry               - Adding type registration uuid-binary -> org.hibernate.type.BasicTypeReference@656842bc
2025-10-08 14:21:09,335 [main] DEBUG org.hibernate.type.BasicTypeRegistry               - Adding type registration uuid-char -> org.hibernate.type.BasicTypeReference@6b867ee7
2025-10-08 14:21:09,335 [main] DEBUG org.hibernate.type.BasicTypeRegistry               - Adding type registration class -> org.hibernate.type.BasicTypeReference@3dec3f87
2025-10-08 14:21:09,335 [main] DEBUG org.hibernate.type.BasicTypeRegistry               - Adding type registration java.lang.Class -> org.hibernate.type.BasicTypeReference@3dec3f87
2025-10-08 14:21:09,335 [main] DEBUG org.hibernate.type.BasicTypeRegistry               - Adding type registration currency -> org.hibernate.type.BasicTypeReference@7a606260
2025-10-08 14:21:09,335 [main] DEBUG org.hibernate.type.BasicTypeRegistry               - Adding type registration Currency -> org.hibernate.type.BasicTypeReference@7a606260
2025-10-08 14:21:09,336 [main] DEBUG org.hibernate.type.BasicTypeRegistry               - Adding type registration java.util.Currency -> org.hibernate.type.BasicTypeReference@7a606260
2025-10-08 14:21:09,336 [main] DEBUG org.hibernate.type.BasicTypeRegistry               - Adding type registration locale -> org.hibernate.type.BasicTypeReference@5dbab232
2025-10-08 14:21:09,336 [main] DEBUG org.hibernate.type.BasicTypeRegistry               - Adding type registration java.util.Locale -> org.hibernate.type.BasicTypeReference@5dbab232
2025-10-08 14:21:09,336 [main] DEBUG org.hibernate.type.BasicTypeRegistry               - Adding type registration serializable -> org.hibernate.type.BasicTypeReference@5939e24
2025-10-08 14:21:09,336 [main] DEBUG org.hibernate.type.BasicTypeRegistry               - Adding type registration java.io.Serializable -> org.hibernate.type.BasicTypeReference@5939e24
2025-10-08 14:21:09,336 [main] DEBUG org.hibernate.type.BasicTypeRegistry               - Adding type registration timezone -> org.hibernate.type.BasicTypeReference@595f9916
2025-10-08 14:21:09,336 [main] DEBUG org.hibernate.type.BasicTypeRegistry               - Adding type registration java.util.TimeZone -> org.hibernate.type.BasicTypeReference@595f9916
2025-10-08 14:21:09,336 [main] DEBUG org.hibernate.type.BasicTypeRegistry               - Adding type registration ZoneOffset -> org.hibernate.type.BasicTypeReference@2055833f
2025-10-08 14:21:09,336 [main] DEBUG org.hibernate.type.BasicTypeRegistry               - Adding type registration java.time.ZoneOffset -> org.hibernate.type.BasicTypeReference@2055833f
2025-10-08 14:21:09,336 [main] DEBUG org.hibernate.type.BasicTypeRegistry               - Adding type registration url -> org.hibernate.type.BasicTypeReference@28768e25
2025-10-08 14:21:09,336 [main] DEBUG org.hibernate.type.BasicTypeRegistry               - Adding type registration java.net.URL -> org.hibernate.type.BasicTypeReference@28768e25
2025-10-08 14:21:09,336 [main] DEBUG org.hibernate.type.BasicTypeRegistry               - Adding type registration vector -> org.hibernate.type.BasicTypeReference@310d57b1
2025-10-08 14:21:09,336 [main] DEBUG org.hibernate.type.BasicTypeRegistry               - Adding type registration row_version -> org.hibernate.type.BasicTypeReference@143fefaf
2025-10-08 14:21:09,338 [main] DEBUG org.hibernate.type.BasicTypeRegistry               - Adding type registration object -> org.hibernate.type.JavaObjectType@175c5c3a
2025-10-08 14:21:09,338 [main] DEBUG org.hibernate.type.BasicTypeRegistry               - Adding type registration java.lang.Object -> org.hibernate.type.JavaObjectType@175c5c3a
2025-10-08 14:21:09,338 [main] DEBUG org.hibernate.type.BasicTypeRegistry               - Adding type registration null -> org.hibernate.type.NullType@231df705
2025-10-08 14:21:09,339 [main] DEBUG org.hibernate.type.BasicTypeRegistry               - Adding type registration imm_date -> org.hibernate.type.BasicTypeReference@2d130ac4
2025-10-08 14:21:09,339 [main] DEBUG org.hibernate.type.BasicTypeRegistry               - Adding type registration imm_time -> org.hibernate.type.BasicTypeReference@194012a2
2025-10-08 14:21:09,339 [main] DEBUG org.hibernate.type.BasicTypeRegistry               - Adding type registration imm_timestamp -> org.hibernate.type.BasicTypeReference@55296b50
2025-10-08 14:21:09,339 [main] DEBUG org.hibernate.type.BasicTypeRegistry               - Adding type registration imm_calendar -> org.hibernate.type.BasicTypeReference@60591e1b
2025-10-08 14:21:09,339 [main] DEBUG org.hibernate.type.BasicTypeRegistry               - Adding type registration imm_calendar_date -> org.hibernate.type.BasicTypeReference@29c53c4f
2025-10-08 14:21:09,339 [main] DEBUG org.hibernate.type.BasicTypeRegistry               - Adding type registration imm_calendar_time -> org.hibernate.type.BasicTypeReference@3009eed7
2025-10-08 14:21:09,339 [main] DEBUG org.hibernate.type.BasicTypeRegistry               - Adding type registration imm_binary -> org.hibernate.type.BasicTypeReference@2ee4706d
2025-10-08 14:21:09,339 [main] DEBUG org.hibernate.type.BasicTypeRegistry               - Adding type registration imm_serializable -> org.hibernate.type.BasicTypeReference@6650a6c
2025-10-08 14:21:09,422 [main] INFO  o.s.o.j.p.SpringPersistenceUnitInfo                - No LoadTimeWeaver setup: ignoring JPA class transformer
2025-10-08 14:21:09,433 [main] INFO  com.zaxxer.hikari.HikariDataSource                 - HikariPool-1 - Starting...
2025-10-08 14:21:09,670 [main] INFO  com.zaxxer.hikari.pool.HikariPool                  - HikariPool-1 - Added connection com.mysql.cj.jdbc.ConnectionImpl@1242d96b
2025-10-08 14:21:09,670 [main] INFO  com.zaxxer.hikari.HikariDataSource                 - HikariPool-1 - Start completed.
2025-10-08 14:21:09,706 [main] WARN  org.hibernate.orm.deprecation                      - HHH90000025: MySQLDialect does not need to be specified explicitly using 'hibernate.dialect' (remove the property setting and it will be selected by default)
2025-10-08 14:21:09,718 [main] DEBUG o.h.t.descriptor.sql.spi.DdlTypeRegistry           - addDescriptor(12, org.hibernate.type.descriptor.sql.internal.CapacityDependentDdlType@3de88f64) replaced previous registration(org.hibernate.type.descriptor.sql.internal.CapacityDependentDdlType@4e8afdad)
2025-10-08 14:21:09,718 [main] DEBUG o.h.t.descriptor.sql.spi.DdlTypeRegistry           - addDescriptor(-9, org.hibernate.type.descriptor.sql.internal.CapacityDependentDdlType@79b8ecb) replaced previous registration(org.hibernate.type.descriptor.sql.internal.CapacityDependentDdlType@3722f39d)
2025-10-08 14:21:09,718 [main] DEBUG o.h.t.descriptor.sql.spi.DdlTypeRegistry           - addDescriptor(-3, org.hibernate.type.descriptor.sql.internal.CapacityDependentDdlType@4ec8d9b2) replaced previous registration(org.hibernate.type.descriptor.sql.internal.CapacityDependentDdlType@57b63253)
2025-10-08 14:21:09,718 [main] DEBUG o.h.t.descriptor.sql.spi.DdlTypeRegistry           - addDescriptor(4003, org.hibernate.type.descriptor.sql.internal.DdlTypeImpl@c0013b8) replaced previous registration(org.hibernate.type.descriptor.sql.internal.DdlTypeImpl@2c1ea7be)
2025-10-08 14:21:09,718 [main] DEBUG o.h.t.descriptor.sql.spi.DdlTypeRegistry           - addDescriptor(4001, org.hibernate.type.descriptor.sql.internal.DdlTypeImpl@2493eec6) replaced previous registration(org.hibernate.type.descriptor.sql.internal.DdlTypeImpl@42d174ad)
2025-10-08 14:21:09,718 [main] DEBUG o.h.t.descriptor.sql.spi.DdlTypeRegistry           - addDescriptor(4002, org.hibernate.type.descriptor.sql.internal.DdlTypeImpl@4ec0229c) replaced previous registration(org.hibernate.type.descriptor.sql.internal.DdlTypeImpl@173a5fad)
2025-10-08 14:21:09,718 [main] DEBUG o.h.t.descriptor.sql.spi.DdlTypeRegistry           - addDescriptor(2004, org.hibernate.type.descriptor.sql.internal.CapacityDependentDdlType@2ce47652) replaced previous registration(org.hibernate.type.descriptor.sql.internal.DdlTypeImpl@65d90b7f)
2025-10-08 14:21:09,718 [main] DEBUG o.h.t.descriptor.sql.spi.DdlTypeRegistry           - addDescriptor(2005, org.hibernate.type.descriptor.sql.internal.CapacityDependentDdlType@2a42019a) replaced previous registration(org.hibernate.type.descriptor.sql.internal.DdlTypeImpl@6fc0e448)
2025-10-08 14:21:09,718 [main] DEBUG o.h.t.descriptor.sql.spi.DdlTypeRegistry           - addDescriptor(2011, org.hibernate.type.descriptor.sql.internal.CapacityDependentDdlType@60194904) replaced previous registration(org.hibernate.type.descriptor.sql.internal.DdlTypeImpl@4db6348b)
2025-10-08 14:21:09,719 [main] DEBUG o.h.t.d.jdbc.spi.JdbcTypeRegistry                  - addDescriptor(NCharTypeDescriptor) replaced previous registration(CharTypeDescriptor)
2025-10-08 14:21:09,719 [main] DEBUG o.h.t.d.jdbc.spi.JdbcTypeRegistry                  - addDescriptor(NVarcharTypeDescriptor) replaced previous registration(VarcharTypeDescriptor)
2025-10-08 14:21:09,719 [main] DEBUG o.h.t.d.jdbc.spi.JdbcTypeRegistry                  - addDescriptor(LongNVarcharTypeDescriptor) replaced previous registration(LongVarcharTypeDescriptor)
2025-10-08 14:21:09,720 [main] DEBUG o.h.t.d.jdbc.spi.JdbcTypeRegistry                  - addDescriptor(NClobTypeDescriptor(DEFAULT)) replaced previous registration(ClobTypeDescriptor(DEFAULT))
2025-10-08 14:21:09,720 [main] DEBUG o.h.t.d.jdbc.spi.JdbcTypeRegistry                  - addDescriptor(2005, ClobTypeDescriptor(STREAM_BINDING)) replaced previous registration(ClobTypeDescriptor(DEFAULT))
2025-10-08 14:21:09,721 [main] DEBUG org.hibernate.type.BasicTypeRegistry               - Adding type registration null -> org.hibernate.type.NullType@4ffe3d42
2025-10-08 14:21:09,721 [main] DEBUG org.hibernate.type.BasicTypeRegistry               - Type registration key [null] overrode previous entry : `org.hibernate.type.NullType@231df705`
2025-10-08 14:21:09,723 [main] DEBUG org.hibernate.type.BasicTypeRegistry               - Adding type registration org.hibernate.type.DurationType -> basicType@1(java.time.Duration,3015)
2025-10-08 14:21:09,723 [main] DEBUG org.hibernate.type.BasicTypeRegistry               - Adding type registration Duration -> basicType@1(java.time.Duration,3015)
2025-10-08 14:21:09,723 [main] DEBUG org.hibernate.type.BasicTypeRegistry               - Adding type registration java.time.Duration -> basicType@1(java.time.Duration,3015)
2025-10-08 14:21:09,724 [main] DEBUG org.hibernate.type.BasicTypeRegistry               - Adding type registration org.hibernate.type.OffsetDateTimeType -> basicType@2(java.time.OffsetDateTime,3003)
2025-10-08 14:21:09,724 [main] DEBUG org.hibernate.type.BasicTypeRegistry               - Adding type registration OffsetDateTime -> basicType@2(java.time.OffsetDateTime,3003)
2025-10-08 14:21:09,724 [main] DEBUG org.hibernate.type.BasicTypeRegistry               - Adding type registration java.time.OffsetDateTime -> basicType@2(java.time.OffsetDateTime,3003)
2025-10-08 14:21:09,724 [main] DEBUG org.hibernate.type.BasicTypeRegistry               - Adding type registration org.hibernate.type.ZonedDateTimeType -> basicType@3(java.time.ZonedDateTime,3003)
2025-10-08 14:21:09,724 [main] DEBUG org.hibernate.type.BasicTypeRegistry               - Adding type registration ZonedDateTime -> basicType@3(java.time.ZonedDateTime,3003)
2025-10-08 14:21:09,725 [main] DEBUG org.hibernate.type.BasicTypeRegistry               - Adding type registration java.time.ZonedDateTime -> basicType@3(java.time.ZonedDateTime,3003)
2025-10-08 14:21:09,725 [main] DEBUG org.hibernate.type.BasicTypeRegistry               - Adding type registration org.hibernate.type.OffsetTimeType -> basicType@4(java.time.OffsetTime,3007)
2025-10-08 14:21:09,725 [main] DEBUG org.hibernate.type.BasicTypeRegistry               - Adding type registration OffsetTime -> basicType@4(java.time.OffsetTime,3007)
2025-10-08 14:21:09,725 [main] DEBUG org.hibernate.type.BasicTypeRegistry               - Adding type registration java.time.OffsetTime -> basicType@4(java.time.OffsetTime,3007)
2025-10-08 14:21:09,725 [main] DEBUG o.h.type.spi.TypeConfiguration$Scope               - Scoping TypeConfiguration [org.hibernate.type.spi.TypeConfiguration@58f290bc] to MetadataBuildingContext [org.hibernate.boot.internal.MetadataBuildingContextRootImpl@3220c28]
2025-10-08 14:21:10,178 [main] INFO  o.h.e.t.j.p.i.JtaPlatformInitiator                 - HHH000489: No JTA platform available (set 'hibernate.transaction.jta.platform' to enable JTA platform integration)
2025-10-08 14:21:10,178 [main] DEBUG o.h.type.spi.TypeConfiguration$Scope               - Scoping TypeConfiguration [org.hibernate.type.spi.TypeConfiguration@58f290bc] to SessionFactoryImplementor [org.hibernate.internal.SessionFactoryImpl@468646ea]
2025-10-08 14:21:10,252 [main] TRACE o.h.type.spi.TypeConfiguration$Scope               - Handling #sessionFactoryCreated from [org.hibernate.internal.SessionFactoryImpl@468646ea] for TypeConfiguration
2025-10-08 14:21:10,252 [main] INFO  o.s.o.j.LocalContainerEntityManagerFactoryBean     - Initialized JPA EntityManagerFactory for persistence unit 'default'
2025-10-08 14:21:10,389 [main] INFO  o.s.d.j.r.query.QueryEnhancerFactory               - Hibernate is in classpath; If applicable, HQL parser will be used.
2025-10-08 14:21:10,518 [main] WARN  o.s.b.a.o.j.JpaBaseConfiguration$JpaWebConfiguration - spring.jpa.open-in-view is enabled by default. Therefore, database queries may be performed during view rendering. Explicitly configure spring.jpa.open-in-view to disable this warning
2025-10-08 14:21:11,005 [main] INFO  o.apache.coyote.http11.Http11NioProtocol           - Starting ProtocolHandler ["http-nio-8080"]
2025-10-08 14:21:11,013 [main] INFO  o.s.b.w.embedded.tomcat.TomcatWebServer            - Tomcat started on port 8080 (http) with context path ''
2025-10-08 14:21:11,018 [main] INFO  com.Rest.API.RestApiApplication                    - Started RestApiApplication in 2.864 seconds (process running for 3.207)
2025-10-08 14:22:55,812 [http-nio-8080-exec-2] INFO  o.a.c.c.C.[Tomcat].[localhost].[/]                 - Initializing Spring DispatcherServlet 'dispatcherServlet'
2025-10-08 14:22:55,813 [http-nio-8080-exec-2] INFO  o.s.web.servlet.DispatcherServlet                  - Initializing Servlet 'dispatcherServlet'
2025-10-08 14:22:55,817 [http-nio-8080-exec-2] INFO  o.s.web.servlet.DispatcherServlet                  - Completed initialization in 2 ms
2025-10-08 14:22:55,929 [http-nio-8080-exec-2] DEBUG org.hibernate.SQL                                  - select e1_0.id,e1_0.address_id,e1_0.age,e1_0.employee_name from employee e1_0
2025-10-08 14:22:55,940 [http-nio-8080-exec-2] DEBUG org.hibernate.SQL                                  - select a1_0.id,e1_0.id,a2_0.id,a2_0.employee_id,a2_0.postal_code,a2_0.street_name,e1_0.age,e1_0.employee_name,a1_0.postal_code,a1_0.street_name from address a1_0 left join employee e1_0 on e1_0.id=a1_0.employee_id left join address a2_0 on a2_0.id=e1_0.address_id where a1_0.id=?
2025-10-08 14:22:55,954 [http-nio-8080-exec-2] DEBUG org.hibernate.SQL                                  - select a1_0.id,e1_0.id,a2_0.id,a2_0.employee_id,a2_0.postal_code,a2_0.street_name,e1_0.age,e1_0.employee_name,a1_0.postal_code,a1_0.street_name from address a1_0 left join employee e1_0 on e1_0.id=a1_0.employee_id left join address a2_0 on a2_0.id=e1_0.address_id where a1_0.id=?
2025-10-08 14:26:39,269 [http-nio-8080-exec-4] DEBUG org.hibernate.SQL                                  - select e1_0.id,a1_0.id,e2_0.id,e2_0.address_id,e2_0.age,e2_0.employee_name,a1_0.postal_code,a1_0.street_name,e1_0.age,e1_0.employee_name from employee e1_0 left join address a1_0 on a1_0.id=e1_0.address_id left join employee e2_0 on e2_0.id=a1_0.employee_id where e1_0.id=?
2025-10-08 14:38:25,729 [HikariPool-1 housekeeper] WARN  com.zaxxer.hikari.pool.HikariPool                  - HikariPool-1 - Thread starvation or clock leap detected (housekeeper delta=4m14s691ms).
2025-10-08 15:45:35,793 [HikariPool-1 housekeeper] WARN  com.zaxxer.hikari.pool.HikariPool                  - HikariPool-1 - Thread starvation or clock leap detected (housekeeper delta=9m39s236ms).
2025-10-08 16:14:37,612 [HikariPool-1 housekeeper] WARN  com.zaxxer.hikari.pool.HikariPool                  - HikariPool-1 - Thread starvation or clock leap detected (housekeeper delta=5m31s532ms).
2025-10-08 17:05:22,912 [HikariPool-1 housekeeper] WARN  com.zaxxer.hikari.pool.HikariPool                  - HikariPool-1 - Thread starvation or clock leap detected (housekeeper delta=50m45s301ms).
2025-10-08 17:06:49,002 [HikariPool-1 housekeeper] WARN  com.zaxxer.hikari.pool.HikariPool                  - HikariPool-1 - Thread starvation or clock leap detected (housekeeper delta=1m26s90ms).
2025-10-08 17:09:12,161 [HikariPool-1 housekeeper] WARN  com.zaxxer.hikari.pool.HikariPool                  - HikariPool-1 - Thread starvation or clock leap detected (housekeeper delta=2m23s152ms).
2025-10-08 17:25:36,164 [HikariPool-1 housekeeper] WARN  com.zaxxer.hikari.pool.HikariPool                  - HikariPool-1 - Thread starvation or clock leap detected (housekeeper delta=15m53s986ms).
2025-10-08 17:42:01,048 [HikariPool-1 housekeeper] WARN  com.zaxxer.hikari.pool.HikariPool                  - HikariPool-1 - Thread starvation or clock leap detected (housekeeper delta=15m54s872ms).
2025-10-08 17:46:17,287 [HikariPool-1 housekeeper] WARN  com.zaxxer.hikari.pool.HikariPool                  - HikariPool-1 - Thread starvation or clock leap detected (housekeeper delta=3m16s191ms).
2025-10-08 17:49:43,099 [HikariPool-1 housekeeper] WARN  com.zaxxer.hikari.pool.HikariPool                  - HikariPool-1 - Thread starvation or clock leap detected (housekeeper delta=2m55s770ms).
2025-10-08 19:19:10,202 [HikariPool-1 housekeeper] WARN  com.zaxxer.hikari.pool.HikariPool                  - HikariPool-1 - Thread starvation or clock leap detected (housekeeper delta=15m54s934ms).
2025-10-08 19:20:05,129 [HikariPool-1 housekeeper] WARN  com.zaxxer.hikari.pool.HikariPool                  - HikariPool-1 - Thread starvation or clock leap detected (housekeeper delta=54s931ms).
2025-10-08 19:23:08,582 [HikariPool-1 housekeeper] WARN  com.zaxxer.hikari.pool.HikariPool                  - HikariPool-1 - Thread starvation or clock leap detected (housekeeper delta=3m3s453ms).
2025-10-08 19:41:58,485 [HikariPool-1 housekeeper] WARN  com.zaxxer.hikari.pool.HikariPool                  - HikariPool-1 - Thread starvation or clock leap detected (housekeeper delta=16m19s869ms).
2025-10-08 19:43:43,210 [HikariPool-1 housekeeper] WARN  com.zaxxer.hikari.pool.HikariPool                  - HikariPool-1 - Thread starvation or clock leap detected (housekeeper delta=1m44s730ms).
2025-10-08 20:48:31,149 [HikariPool-1 housekeeper] WARN  com.zaxxer.hikari.pool.HikariPool                  - HikariPool-1 - Thread starvation or clock leap detected (housekeeper delta=1h4m47s940ms).
2025-10-08 21:27:02,849 [HikariPool-1 housekeeper] WARN  com.zaxxer.hikari.pool.HikariPool                  - HikariPool-1 - Thread starvation or clock leap detected (housekeeper delta=38m31s698ms).
2025-10-08 21:27:57,809 [HikariPool-1 housekeeper] WARN  com.zaxxer.hikari.pool.HikariPool                  - HikariPool-1 - Thread starvation or clock leap detected (housekeeper delta=54s961ms).
2025-10-08 21:45:07,368 [HikariPool-1 housekeeper] WARN  com.zaxxer.hikari.pool.HikariPool                  - HikariPool-1 - Thread starvation or clock leap detected (housekeeper delta=17m9s559ms).
2025-10-08 21:46:52,062 [HikariPool-1 housekeeper] WARN  com.zaxxer.hikari.pool.HikariPool                  - HikariPool-1 - Thread starvation or clock leap detected (housekeeper delta=1m44s694ms).
2025-10-08 22:03:36,715 [HikariPool-1 housekeeper] WARN  com.zaxxer.hikari.pool.HikariPool                  - HikariPool-1 - Thread starvation or clock leap detected (housekeeper delta=16m44s654ms).
2025-10-08 22:05:21,399 [HikariPool-1 housekeeper] WARN  com.zaxxer.hikari.pool.HikariPool                  - HikariPool-1 - Thread starvation or clock leap detected (housekeeper delta=1m44s683ms).
2025-10-08 22:35:52,269 [HikariPool-1 housekeeper] WARN  com.zaxxer.hikari.pool.HikariPool                  - HikariPool-1 - Thread starvation or clock leap detected (housekeeper delta=30m30s860ms).
